employee_id,employee_name,date,weekday,is_public_holiday,planning_unit_id,planning_unit_name,shift_id,shift_code,shift_type,start_at,end_at,net_work_minutes,staff_level,qualifikation,origin_unit_id,origin_unit_name,origin_unit_type
921,Keese Jenny,2026-04-01,3,false,77,PE 77,1113,F,early,2026-04-01T05:55:00+02:00,2026-04-01T13:25:00+02:00,420,professional,Fachkraft,77,PE 77,station
924,Merriweather Bärbl,2026-04-01,3,false,77,PE 77,1113,F,early,2026-04-01T05:55:00+02:00,2026-04-01T13:25:00+02:00,420,professional,Fachkraft,77,PE 77,station
925,Farniok Lina,2026-04-01,3,false,77,PE 77,1113,F,early,2026-04-01T05:55:00+02:00,2026-04-01T13:25:00+02:00,420,professional,Fachkraft,77,PE 77,station
6928,Izzo Annelene,2026-04-01,3,false,77,PE 77,1113,F,early,2026-04-01T05:55:00+02:00,2026-04-01T13:25:00+02:00,420,mfa,MFA,77,PE 77,station
7606,Lenahan Oda,2026-04-01,3,false,77,PE 77,1113,F,early,2026-04-01T05:55:00+02:00,2026-04-01T13:25:00+02:00,420,assistant,Hilfskraft,77,PE 77,station
7660,Rast Agatha,2026-04-01,3,false,77,PE 77,1113,F,early,2026-04-01T05:55:00+02:00,2026-04-01T13:25:00+02:00,420,assistant,Hilfskraft,77,PE 77,station
8052,Springer Greta,2026-04-01,3,false,77,PE 77,1113,F,early,2026-04-01T05:55:00+02:00,2026-04-01T13:25:00+02:00,420,trainee,Azubi,408,PE 408,jumper_pool
928,Wunderlich Daniele,2026-04-01,3,false,77,PE 77,1453,Z,intermediate,2026-04-01T08:30:00+02:00,2026-04-01T14:15:00+02:00,345,professional,Fachkraft,77,PE 77,station
791,Branz Janett,2026-04-01,3,false,77,PE 77,1605,S,late,2026-04-01T13:15:00+02:00,2026-04-01T21:00:00+02:00,435,professional,Fachkraft,77,PE 77,station
914,Harkins Silvia,2026-04-01,3,false,77,PE 77,1605,S,late,2026-04-01T13:15:00+02:00,2026-04-01T21:00:00+02:00,435,assistant,Hilfskraft,77,PE 77,station
927,Mittrach Margaritt,2026-04-01,3,false,77,PE 77,1605,S,late,2026-04-01T13:15:00+02:00,2026-04-01T21:00:00+02:00,435,assistant,Hilfskraft,77,PE 77,station
7496,Demarco Marcus,2026-04-01,3,false,77,PE 77,1605,S,late,2026-04-01T13:15:00+02:00,2026-04-01T21:00:00+02:00,435,professional,Fachkraft,77,PE 77,station
8050,Springer Emil,2026-04-01,3,false,77,PE 77,1605,S,late,2026-04-01T13:15:00+02:00,2026-04-01T21:00:00+02:00,435,professional,Fachkraft,408,PE 408,jumper_pool
1229,Onofre Mandy,2026-04-01,3,false,77,PE 77,1690,N,night,2026-04-01T20:10:00+02:00,2026-04-02T06:10:00+02:00,555,professional,Fachkraft,77,PE 77,station
2963,Hoots Renilde,2026-04-01,3,false,77,PE 77,1690,N,night,2026-04-01T20:10:00+02:00,2026-04-02T06:10:00+02:00,555,professional,Fachkraft,77,PE 77,station
7028,Cranmer Gretlies,2026-04-01,3,false,77,PE 77,1690,N,night,2026-04-01T20:10:00+02:00,2026-04-02T06:10:00+02:00,555,professional,Fachkraft,77,PE 77,station
7378,Boulware Ina,2026-04-01,3,false,77,PE 77,1690,N,night,2026-04-01T20:10:00+02:00,2026-04-02T06:10:00+02:00,555,professional,Fachkraft,77,PE 77,station
5002,Britt Ingerose,2026-04-01,3,false,79,PE 79,1113,F,early,2026-04-01T05:55:00+02:00,2026-04-01T13:25:00+02:00,420,professional,Fachkraft,79,PE 79,station
5318,Poindexter Rhiane,2026-04-01,3,false,79,PE 79,1113,F,early,2026-04-01T05:55:00+02:00,2026-04-01T13:25:00+02:00,420,assistant,Hilfskraft,79,PE 79,station
6330,Grotian Dorle,2026-04-01,3,false,79,PE 79,1113,F,early,2026-04-01T05:55:00+02:00,2026-04-01T13:25:00+02:00,420,professional,Fachkraft,79,PE 79,station
8046,Springer Alina,2026-04-01,3,false,79,PE 79,1113,F,early,2026-04-01T05:55:00+02:00,2026-04-01T13:25:00+02:00,420,professional,Fachkraft,408,PE 408,jumper_pool
818,Wülfroth Luitgart,2026-04-01,3,false,79,PE 79,1453,Z,intermediate,2026-04-01T08:30:00+02:00,2026-04-01T14:15:00+02:00,345,professional,Fachkraft,79,PE 79,station
844,Greenman Elia,2026-04-01,3,false,79,PE 79,1605,S,late,2026-04-01T13:15:00+02:00,2026-04-01T21:00:00+02:00,435,professional,Fachkraft,79,PE 79,station
7207,Roark Aloisia,2026-04-01,3,false,79,PE 79,1605,S,late,2026-04-01T13:15:00+02:00,2026-04-01T21:00:00+02:00,435,professional,Fachkraft,79,PE 79,station
8047,Springer Boris,2026-04-01,3,false,79,PE 79,1605,S,late,2026-04-01T13:15:00+02:00,2026-04-01T21:00:00+02:00,435,professional,Fachkraft,408,PE 408,jumper_pool
1138,Kunkel Annehild,2026-04-01,3,false,79,PE 79,1690,N,night,2026-04-01T20:10:00+02:00,2026-04-02T06:10:00+02:00,555,professional,Fachkraft,79,PE 79,station
4064,Scheuenstuhl Rebecca,2026-04-01,3,false,79,PE 79,1690,N,night,2026-04-01T20:10:00+02:00,2026-04-02T06:10:00+02:00,555,professional,Fachkraft,79,PE 79,station
4158,Engel Veronica,2026-04-01,3,false,79,PE 79,1690,N,night,2026-04-01T20:10:00+02:00,2026-04-02T06:10:00+02:00,555,professional,Fachkraft,79,PE 79,station
917,Catoe Ingbert,2026-04-02,4,false,77,PE 77,1113,F,early,2026-04-02T05:55:00+02:00,2026-04-02T13:25:00+02:00,420,professional,Fachkraft,77,PE 77,station
924,Merriweather Bärbl,2026-04-02,4,false,77,PE 77,1113,F,early,2026-04-02T05:55:00+02:00,2026-04-02T13:25:00+02:00,420,professional,Fachkraft,77,PE 77,station
925,Farniok Lina,2026-04-02,4,false,77,PE 77,1113,F,early,2026-04-02T05:55:00+02:00,2026-04-02T13:25:00+02:00,420,professional,Fachkraft,77,PE 77,station
6928,Izzo Annelene,2026-04-02,4,false,77,PE 77,1113,F,early,2026-04-02T05:55:00+02:00,2026-04-02T13:25:00+02:00,420,mfa,MFA,77,PE 77,station
7606,Lenahan Oda,2026-04-02,4,false,77,PE 77,1113,F,early,2026-04-02T05:55:00+02:00,2026-04-02T13:25:00+02:00,420,assistant,Hilfskraft,77,PE 77,station
7660,Rast Agatha,2026-04-02,4,false,77,PE 77,1113,F,early,2026-04-02T05:55:00+02:00,2026-04-02T13:25:00+02:00,420,assistant,Hilfskraft,77,PE 77,station
8052,Springer Greta,2026-04-02,4,false,77,PE 77,1113,F,early,2026-04-02T05:55:00+02:00,2026-04-02T13:25:00+02:00,420,trainee,Azubi,408,PE 408,jumper_pool
791,Branz Janett,2026-04-02,4,false,77,PE 77,1453,Z,intermediate,2026-04-02T08:30:00+02:00,2026-04-02T14:15:00+02:00,345,professional,Fachkraft,77,PE 77,station
914,Harkins Silvia,2026-04-02,4,false,77,PE 77,1605,S,late,2026-04-02T13:15:00+02:00,2026-04-02T21:00:00+02:00,435,assistant,Hilfskraft,77,PE 77,station
921,Keese Jenny,2026-04-02,4,false,77,PE 77,1605,S,late,2026-04-02T13:15:00+02:00,2026-04-02T21:00:00+02:00,435,professional,Fachkraft,77,PE 77,station
927,Mittrach Margaritt,2026-04-02,4,false,77,PE 77,1605,S,late,2026-04-02T13:15:00+02:00,2026-04-02T21:00:00+02:00,435,assistant,Hilfskraft,77,PE 77,station
928,Wunderlich Daniele,2026-04-02,4,false,77,PE 77,1605,S,late,2026-04-02T13:15:00+02:00,2026-04-02T21:00:00+02:00,435,professional,Fachkraft,77,PE 77,station
8050,Springer Emil,2026-04-02,4,false,77,PE 77,1605,S,late,2026-04-02T13:15:00+02:00,2026-04-02T21:00:00+02:00,435,professional,Fachkraft,408,PE 408,jumper_pool
1229,Onofre Mandy,2026-04-02,4,false,77,PE 77,1690,N,night,2026-04-02T20:10:00+02:00,2026-04-03T06:10:00+02:00,555,professional,Fachkraft,77,PE 77,station
2963,Hoots Renilde,2026-04-02,4,false,77,PE 77,1690,N,night,2026-04-02T20:10:00+02:00,2026-04-03T06:10:00+02:00,555,professional,Fachkraft,77,PE 77,station
818,Wülfroth Luitgart,2026-04-02,4,false,79,PE 79,1113,F,early,2026-04-02T05:55:00+02:00,2026-04-02T13:25:00+02:00,420,professional,Fachkraft,79,PE 79,station
5002,Britt Ingerose,2026-04-02,4,false,79,PE 79,1113,F,early,2026-04-02T05:55:00+02:00,2026-04-02T13:25:00+02:00,420,professional,Fachkraft,79,PE 79,station
8048,Springer Cem,2026-04-02,4,false,79,PE 79,1113,F,early,2026-04-02T05:55:00+02:00,2026-04-02T13:25:00+02:00,420,professional,Fachkraft,408,PE 408,jumper_pool
8051,Springer Farah,2026-04-02,4,false,79,PE 79,1113,F,early,2026-04-02T05:55:00+02:00,2026-04-02T13:25:00+02:00,420,assistant,Hilfskraft,408,PE 408,jumper_pool
844,Greenman Elia,2026-04-02,4,false,79,PE 79,1605,S,late,2026-04-02T13:15:00+02:00,2026-04-02T21:00:00+02:00,435,professional,Fachkraft,79,PE 79,station
7207,Roark Aloisia,2026-04-02,4,false,79,PE 79,1605,S,late,2026-04-02T13:15:00+02:00,2026-04-02T21:00:00+02:00,435,professional,Fachkraft,79,PE 79,station
8046,Springer Alina,2026-04-02,4,false,79,PE 79,1605,S,late,2026-04-02T13:15:00+02:00,2026-04-02T21:00:00+02:00,435,professional,Fachkraft,408,PE 408,jumper_pool
1138,Kunkel Annehild,2026-04-02,4,false,79,PE 79,1690,N,night,2026-04-02T20:10:00+02:00,2026-04-03T06:10:00+02:00,555,professional,Fachkraft,79,PE 79,station
4158,Engel Veronica,2026-04-02,4,false,79,PE 79,1690,N,night,2026-04-02T20:10:00+02:00,2026-04-03T06:10:00+02:00,555,professional,Fachkraft,79,PE 79,station
917,Catoe Ingbert,2026-04-03,5,true,77,PE 77,1113,F,early,2026-04-03T05:55:00+02:00,2026-04-03T13:25:00+02:00,420,professional,Fachkraft,77,PE 77,station
924,Merriweather Bärbl,2026-04-03,5,true,77,PE 77,1113,F,early,2026-04-03T05:55:00+02:00,2026-04-03T13:25:00+02:00,420,professional,Fachkraft,77,PE 77,station
925,Farniok Lina,2026-04-03,5,true,77,PE 77,1113,F,early,2026-04-03T05:55:00+02:00,2026-04-03T13:25:00+02:00,420,professional,Fachkraft,77,PE 77,station
7606,Lenahan Oda,2026-04-03,5,true,77,PE 77,1113,F,early,2026-04-03T05:55:00+02:00,2026-04-03T13:25:00+02:00,420,assistant,Hilfskraft,77,PE 77,station
8051,Springer Farah,2026-04-03,5,true,77,PE 77,1113,F,early,2026-04-03T05:55:00+02:00,2026-04-03T13:25:00+02:00,420,assistant,Hilfskraft,408,PE 408,jumper_pool
790,Mccomas Adriane,2026-04-03,5,true,77,PE 77,1453,Z,intermediate,2026-04-03T08:30:00+02:00,2026-04-03T14:15:00+02:00,345,assistant,Hilfskraft,77,PE 77,station
3868,Vanfleet Eike,2026-04-03,5,true,77,PE 77,1453,Z,intermediate,2026-04-03T08:30:00+02:00,2026-04-03T14:15:00+02:00,345,professional,Fachkraft,77,PE 77,station
6995,Brooker Berna,2026-04-03,5,true,77,PE 77,1453,Z,intermediate,2026-04-03T08:30:00+02:00,2026-04-03T14:15:00+02:00,345,professional,Fachkraft,77,PE 77,station
927,Mittrach Margaritt,2026-04-03,5,true,77,PE 77,1605,S,late,2026-04-03T13:15:00+02:00,2026-04-03T21:00:00+02:00,435,assistant,Hilfskraft,77,PE 77,station
928,Wunderlich Daniele,2026-04-03,5,true,77,PE 77,1605,S,late,2026-04-03T13:15:00+02:00,2026-04-03T21:00:00+02:00,435,professional,Fachkraft,77,PE 77,station
7375,Fridam Gangolf,2026-04-03,5,true,77,PE 77,1605,S,late,2026-04-03T13:15:00+02:00,2026-04-03T21:00:00+02:00,435,professional,Fachkraft,77,PE 77,station
8047,Springer Boris,2026-04-03,5,true,77,PE 77,1605,S,late,2026-04-03T13:15:00+02:00,2026-04-03T21:00:00+02:00,435,professional,Fachkraft,408,PE 408,jumper_pool
2932,Devers Kersten,2026-04-03,5,true,77,PE 77,1690,N,night,2026-04-03T20:10:00+02:00,2026-04-04T06:10:00+02:00,555,professional,Fachkraft,77,PE 77,station
7124,Pirkle Xaver,2026-04-03,5,true,77,PE 77,1690,N,night,2026-04-03T20:10:00+02:00,2026-04-04T06:10:00+02:00,555,professional,Fachkraft,77,PE 77,station
818,Wülfroth Luitgart,2026-04-03,5,true,79,PE 79,1113,F,early,2026-04-03T05:55:00+02:00,2026-04-03T13:25:00+02:00,420,professional,Fachkraft,79,PE 79,station
5318,Poindexter Rhiane,2026-04-03,5,true,79,PE 79,1113,F,early,2026-04-03T05:55:00+02:00,2026-04-03T13:25:00+02:00,420,assistant,Hilfskraft,79,PE 79,station
8048,Springer Cem,2026-04-03,5,true,79,PE 79,1113,F,early,2026-04-03T05:55:00+02:00,2026-04-03T13:25:00+02:00,420,professional,Fachkraft,408,PE 408,jumper_pool
1143,Dames Margareth,2026-04-03,5,true,79,PE 79,1453,Z,intermediate,2026-04-03T08:30:00+02:00,2026-04-03T14:15:00+02:00,345,professional,Fachkraft,79,PE 79,station
7132,Maderdonner Reinburga,2026-04-03,5,true,79,PE 79,1453,Z,intermediate,2026-04-03T08:30:00+02:00,2026-04-03T14:15:00+02:00,345,professional,Fachkraft,79,PE 79,station
3463,Pock Godelind,2026-04-03,5,true,79,PE 79,1605,S,late,2026-04-03T13:15:00+02:00,2026-04-03T21:00:00+02:00,435,professional,Fachkraft,79,PE 79,station
7207,Roark Aloisia,2026-04-03,5,true,79,PE 79,1605,S,late,2026-04-03T13:15:00+02:00,2026-04-03T21:00:00+02:00,435,professional,Fachkraft,79,PE 79,station
1226,Allan Diethard,2026-04-03,5,true,79,PE 79,1690,N,night,2026-04-03T20:10:00+02:00,2026-04-04T06:10:00+02:00,555,professional,Fachkraft,79,PE 79,station
8049,Springer Dana,2026-04-03,5,true,79,PE 79,1690,N,night,2026-04-03T20:10:00+02:00,2026-04-04T06:10:00+02:00,555,professional,Fachkraft,408,PE 408,jumper_pool
790,Mccomas Adriane,2026-04-04,6,false,77,PE 77,1113,F,early,2026-04-04T05:55:00+02:00,2026-04-04T13:25:00+02:00,420,assistant,Hilfskraft,77,PE 77,station
925,Farniok Lina,2026-04-04,6,false,77,PE 77,1113,F,early,2026-04-04T05:55:00+02:00,2026-04-04T13:25:00+02:00,420,professional,Fachkraft,77,PE 77,station
3868,Vanfleet Eike,2026-04-04,6,false,77,PE 77,1113,F,early,2026-04-04T05:55:00+02:00,2026-04-04T13:25:00+02:00,420,professional,Fachkraft,77,PE 77,station
5367,Donis Henni,2026-04-04,6,false,77,PE 77,1113,F,early,2026-04-04T05:55:00+02:00,2026-04-04T13:25:00+02:00,420,assistant,Hilfskraft,77,PE 77,station
6995,Brooker Berna,2026-04-04,6,false,77,PE 77,1113,F,early,2026-04-04T05:55:00+02:00,2026-04-04T13:25:00+02:00,420,professional,Fachkraft,77,PE 77,station
914,Harkins Silvia,2026-04-04,6,false,77,PE 77,1605,S,late,2026-04-04T13:15:00+02:00,2026-04-04T21:00:00+02:00,435,assistant,Hilfskraft,77,PE 77,station
921,Keese Jenny,2026-04-04,6,false,77,PE 77,1605,S,late,2026-04-04T13:15:00+02:00,2026-04-04T21:00:00+02:00,435,professional,Fachkraft,77,PE 77,station
928,Wunderlich Daniele,2026-04-04,6,false,77,PE 77,1605,S,late,2026-04-04T13:15:00+02:00,2026-04-04T21:00:00+02:00,435,professional,Fachkraft,77,PE 77,station
7375,Fridam Gangolf,2026-04-04,6,false,77,PE 77,1605,S,late,2026-04-04T13:15:00+02:00,2026-04-04T21:00:00+02:00,435,professional,Fachkraft,77,PE 77,station
2932,Devers Kersten,2026-04-04,6,false,77,PE 77,1690,N,night,2026-04-04T20:10:00+02:00,2026-04-05T06:10:00+02:00,555,professional,Fachkraft,77,PE 77,station
7124,Pirkle Xaver,2026-04-04,6,false,77,PE 77,1690,N,night,2026-04-04T20:10:00+02:00,2026-04-05T06:10:00+02:00,555,professional,Fachkraft,77,PE 77,station
1143,Dames Margareth,2026-04-04,6,false,79,PE 79,1113,F,early,2026-04-04T05:55:00+02:00,2026-04-04T13:25:00+02:00,420,professional,Fachkraft,79,PE 79,station
5318,Poindexter Rhiane,2026-04-04,6,false,79,PE 79,1113,F,early,2026-04-04T05:55:00+02:00,2026-04-04T13:25:00+02:00,420,assistant,Hilfskraft,79,PE 79,station
7132,Maderdonner Reinburga,2026-04-04,6,false,79,PE 79,1113,F,early,2026-04-04T05:55:00+02:00,2026-04-04T13:25:00+02:00,420,professional,Fachkraft,79,PE 79,station
4064,Scheuenstuhl Rebecca,2026-04-04,6,false,79,PE 79,1453,Z,intermediate,2026-04-04T08:30:00+02:00,2026-04-04T14:15:00+02:00,345,professional,Fachkraft,79,PE 79,station
3463,Pock Godelind,2026-04-04,6,false,79,PE 79,1605,S,late,2026-04-04T13:15:00+02:00,2026-04-04T21:00:00+02:00,435,professional,Fachkraft,79,PE 79,station
8047,Springer Boris,2026-04-04,6,false,79,PE 79,1605,S,late,2026-04-04T13:15:00+02:00,2026-04-04T21:00:00+02:00,435,professional,Fachkraft,408,PE 408,jumper_pool
1226,Allan Diethard,2026-04-04,6,false,79,PE 79,1690,N,night,2026-04-04T20:10:00+02:00,2026-04-05T06:10:00+02:00,555,professional,Fachkraft,79,PE 79,station
8049,Springer Dana,2026-04-04,6,false,79,PE 79,1690,N,night,2026-04-04T20:10:00+02:00,2026-04-05T06:10:00+02:00,555,professional,Fachkraft,408,PE 408,jumper_pool
790,Mccomas Adriane,2026-04-05,7,false,77,PE 77,1113,F,early,2026-04-05T05:55:00+02:00,2026-04-05T13:25:00+02:00,420,assistant,Hilfskraft,77,PE 77,station
924,Merriweather Bärbl,2026-04-05,7,false,77,PE 77,1113,F,early,2026-04-05T05:55:00+02:00,2026-04-05T13:25:00+02:00,420,professional,Fachkraft,77,PE 77,station
3868,Vanfleet Eike,2026-04-05,7,false,77,PE 77,1113,F,early,2026-04-05T05:55:00+02:00,2026-04-05T13:25:00+02:00,420,professional,Fachkraft,77,PE 77,station
5367,Donis Henni,2026-04-05,7,false,77,PE 77,1113,F,early,2026-04-05T05:55:00+02:00,2026-04-05T13:25:00+02:00,420,assistant,Hilfskraft,77,PE 77,station
6995,Brooker Berna,2026-04-05,7,false,77,PE 77,1113,F,early,2026-04-05T05:55:00+02:00,2026-04-05T13:25:00+02:00,420,professional,Fachkraft,77,PE 77,station
927,Mittrach Margaritt,2026-04-05,7,false,77,PE 77,1453,Z,intermediate,2026-04-05T08:30:00+02:00,2026-04-05T14:15:00+02:00,345,assistant,Hilfskraft,77,PE 77,station
7028,Cranmer Gretlies,2026-04-05,7,false,77,PE 77,1453,Z,intermediate,2026-04-05T08:30:00+02:00,2026-04-05T14:15:00+02:00,345,professional,Fachkraft,77,PE 77,station
7378,Boulware Ina,2026-04-05,7,false,77,PE 77,1453,Z,intermediate,2026-04-05T08:30:00+02:00,2026-04-05T14:15:00+02:00,345,professional,Fachkraft,77,PE 77,station
914,Harkins Silvia,2026-04-05,7,false,77,PE 77,1605,S,late,2026-04-05T13:15:00+02:00,2026-04-05T21:00:00+02:00,435,assistant,Hilfskraft,77,PE 77,station
921,Keese Jenny,2026-04-05,7,false,77,PE 77,1605,S,late,2026-04-05T13:15:00+02:00,2026-04-05T21:00:00+02:00,435,professional,Fachkraft,77,PE 77,station
7375,Fridam Gangolf,2026-04-05,7,false,77,PE 77,1605,S,late,2026-04-05T13:15:00+02:00,2026-04-05T21:00:00+02:00,435,professional,Fachkraft,77,PE 77,station
8047,Springer Boris,2026-04-05,7,false,77,PE 77,1605,S,late,2026-04-05T13:15:00+02:00,2026-04-05T21:00:00+02:00,435,professional,Fachkraft,408,PE 408,jumper_pool
925,Farniok Lina,2026-04-05,7,false,77,PE 77,1690,N,night,2026-04-05T20:10:00+02:00,2026-04-06T06:10:00+02:00,555,professional,Fachkraft,77,PE 77,station
2932,Devers Kersten,2026-04-05,7,false,77,PE 77,1690,N,night,2026-04-05T20:10:00+02:00,2026-04-06T06:10:00+02:00,555,professional,Fachkraft,77,PE 77,station
7124,Pirkle Xaver,2026-04-05,7,false,77,PE 77,1690,N,night,2026-04-05T20:10:00+02:00,2026-04-06T06:10:00+02:00,555,professional,Fachkraft,77,PE 77,station
1143,Dames Margareth,2026-04-05,7,false,79,PE 79,1113,F,early,2026-04-05T05:55:00+02:00,2026-04-05T13:25:00+02:00,420,professional,Fachkraft,79,PE 79,station
5318,Poindexter Rhiane,2026-04-05,7,false,79,PE 79,1113,F,early,2026-04-05T05:55:00+02:00,2026-04-05T13:25:00+02:00,420,assistant,Hilfskraft,79,PE 79,station
7132,Maderdonner Reinburga,2026-04-05,7,false,79,PE 79,1113,F,early,2026-04-05T05:55:00+02:00,2026-04-05T13:25:00+02:00,420,professional,Fachkraft,79,PE 79,station
4064,Scheuenstuhl Rebecca,2026-04-05,7,false,79,PE 79,1453,Z,intermediate,2026-04-05T08:30:00+02:00,2026-04-05T14:15:00+02:00,345,professional,Fachkraft,79,PE 79,station
818,Wülfroth Luitgart,2026-04-05,7,false,79,PE 79,1605,S,late,2026-04-05T13:15:00+02:00,2026-04-05T21:00:00+02:00,435,professional,Fachkraft,79,PE 79,station
3463,Pock Godelind,2026-04-05,7,false,79,PE 79,1605,S,late,2026-04-05T13:15:00+02:00,2026-04-05T21:00:00+02:00,435,professional,Fachkraft,79,PE 79,station
1226,Allan Diethard,2026-04-05,7,false,79,PE 79,1690,N,night,2026-04-05T20:10:00+02:00,2026-04-06T06:10:00+02:00,555,professional,Fachkraft,79,PE 79,station
8049,Springer Dana,2026-04-05,7,false,79,PE 79,1690,N,night,2026-04-05T20:10:00+02:00,2026-04-06T06:10:00+02:00,555,professional,Fachkraft,408,PE 408,jumper_pool
790,Mccomas Adriane,2026-04-06,1,true,77,PE 77,1113,F,early,2026-04-06T05:55:00+02:00,2026-04-06T13:25:00+02:00,420,assistant,Hilfskraft,77,PE 77,station
1229,Onofre Mandy,2026-04-06,1,true,77,PE 77,1113,F,early,2026-04-06T05:55:00+02:00,2026-04-06T13:25:00+02:00,420,professional,Fachkraft,77,PE 77,station
6266,Clemmer Natalie,2026-04-06,1,true,77,PE 77,1113,F,early,2026-04-06T05:55:00+02:00,2026-04-06T13:25:00+02:00,420,professional,Fachkraft,77,PE 77,station
6836,Valentino Trude,2026-04-06,1,true,77,PE 77,1113,F,early,2026-04-06T05:55:00+02:00,2026-04-06T13:25:00+02:00,420,professional,Fachkraft,77,PE 77,station
7606,Lenahan Oda,2026-04-06,1,true,77,PE 77,1113,F,early,2026-04-06T05:55:00+02:00,2026-04-06T13:25:00+02:00,420,assistant,Hilfskraft,77,PE 77,station
8048,Springer Cem,2026-04-06,1,true,77,PE 77,1113,F,early,2026-04-06T05:55:00+02:00,2026-04-06T13:25:00+02:00,420,professional,Fachkraft,408,PE 408,jumper_pool
791,Branz Janett,2026-04-06,1,true,77,PE 77,1453,Z,intermediate,2026-04-06T08:30:00+02:00,2026-04-06T14:15:00+02:00,345,professional,Fachkraft,77,PE 77,station
914,Harkins Silvia,2026-04-06,1,true,77,PE 77,1453,Z,intermediate,2026-04-06T08:30:00+02:00,2026-04-06T14:15:00+02:00,345,assistant,Hilfskraft,77,PE 77,station
924,Merriweather Bärbl,2026-04-06,1,true,77,PE 77,1453,Z,intermediate,2026-04-06T08:30:00+02:00,2026-04-06T14:15:00+02:00,345,professional,Fachkraft,77,PE 77,station
927,Mittrach Margaritt,2026-04-06,1,true,77,PE 77,1453,Z,intermediate,2026-04-06T08:30:00+02:00,2026-04-06T14:15:00+02:00,345,assistant,Hilfskraft,77,PE 77,station
3868,Vanfleet Eike,2026-04-06,1,true,77,PE 77,1453,Z,intermediate,2026-04-06T08:30:00+02:00,2026-04-06T14:15:00+02:00,345,professional,Fachkraft,77,PE 77,station
6928,Izzo Annelene,2026-04-06,1,true,77,PE 77,1453,Z,intermediate,2026-04-06T08:30:00+02:00,2026-04-06T14:15:00+02:00,345,mfa,MFA,77,PE 77,station
7028,Cranmer Gretlies,2026-04-06,1,true,77,PE 77,1453,Z,intermediate,2026-04-06T08:30:00+02:00,2026-04-06T14:15:00+02:00,345,professional,Fachkraft,77,PE 77,station
7378,Boulware Ina,2026-04-06,1,true,77,PE 77,1453,Z,intermediate,2026-04-06T08:30:00+02:00,2026-04-06T14:15:00+02:00,345,professional,Fachkraft,77,PE 77,station
7496,Demarco Marcus,2026-04-06,1,true,77,PE 77,1453,Z,intermediate,2026-04-06T08:30:00+02:00,2026-04-06T14:15:00+02:00,345,professional,Fachkraft,77,PE 77,station
7919,Weathers Irma,2026-04-06,1,true,77,PE 77,1453,Z,intermediate,2026-04-06T08:30:00+02:00,2026-04-06T14:15:00+02:00,345,professional,Fachkraft,77,PE 77,station
928,Wunderlich Daniele,2026-04-06,1,true,77,PE 77,1605,S,late,2026-04-06T13:15:00+02:00,2026-04-06T21:00:00+02:00,435,professional,Fachkraft,77,PE 77,station
3566,Seligman Elgine,2026-04-06,1,true,77,PE 77,1605,S,late,2026-04-06T13:15:00+02:00,2026-04-06T21:00:00+02:00,435,professional,Fachkraft,77,PE 77,station
5367,Donis Henni,2026-04-06,1,true,77,PE 77,1605,S,late,2026-04-06T13:15:00+02:00,2026-04-06T21:00:00+02:00,435,assistant,Hilfskraft,77,PE 77,station
7375,Fridam Gangolf,2026-04-06,1,true,77,PE 77,1605,S,late,2026-04-06T13:15:00+02:00,2026-04-06T21:00:00+02:00,435,professional,Fachkraft,77,PE 77,station
7603,Roberson Ludger,2026-04-06,1,true,77,PE 77,1605,S,late,2026-04-06T13:15:00+02:00,2026-04-06T21:00:00+02:00,435,professional,Fachkraft,77,PE 77,station
8050,Springer Emil,2026-04-06,1,true,77,PE 77,1605,S,late,2026-04-06T13:15:00+02:00,2026-04-06T21:00:00+02:00,435,professional,Fachkraft,408,PE 408,jumper_pool
1230,Palacio Constance,2026-04-06,1,true,77,PE 77,1690,N,night,2026-04-06T20:10:00+02:00,2026-04-07T06:10:00+02:00,555,professional,Fachkraft,77,PE 77,station
2963,Hoots Renilde,2026-04-06,1,true,77,PE 77,1690,N,night,2026-04-06T20:10:00+02:00,2026-04-07T06:10:00+02:00,555,professional,Fachkraft,77,PE 77,station
5002,Britt Ingerose,2026-04-06,1,true,79,PE 79,1113,F,early,2026-04-06T05:55:00+02:00,2026-04-06T13:25:00+02:00,420,professional,Fachkraft,79,PE 79,station
5318,Poindexter Rhiane,2026-04-06,1,true,79,PE 79,1113,F,early,2026-04-06T05:55:00+02:00,2026-04-06T13:25:00+02:00,420,assistant,Hilfskraft,79,PE 79,station
7132,Maderdonner Reinburga,2026-04-06,1,true,79,PE 79,1113,F,early,2026-04-06T05:55:00+02:00,2026-04-06T13:25:00+02:00,420,professional,Fachkraft,79,PE 79,station
8051,Springer Farah,2026-04-06,1,true,79,PE 79,1113,F,early,2026-04-06T05:55:00+02:00,2026-04-06T13:25:00+02:00,420,assistant,Hilfskraft,408,PE 408,jumper_pool
8052,Springer Greta,2026-04-06,1,true,79,PE 79,1113,F,early,2026-04-06T05:55:00+02:00,2026-04-06T13:25:00+02:00,420,trainee,Azubi,408,PE 408,jumper_pool
1138,Kunkel Annehild,2026-04-06,1,true,79,PE 79,1453,Z,intermediate,2026-04-06T08:30:00+02:00,2026-04-06T14:15:00+02:00,345,professional,Fachkraft,79,PE 79,station
1150,Domingue Frowine,2026-04-06,1,true,79,PE 79,1453,Z,intermediate,2026-04-06T08:30:00+02:00,2026-04-06T14:15:00+02:00,345,professional,Fachkraft,79,PE 79,station
6330,Grotian Dorle,2026-04-06,1,true,79,PE 79,1453,Z,intermediate,2026-04-06T08:30:00+02:00,2026-04-06T14:15:00+02:00,345,professional,Fachkraft,79,PE 79,station
7131,Mccarley Elrike,2026-04-06,1,true,79,PE 79,1453,Z,intermediate,2026-04-06T08:30:00+02:00,2026-04-06T14:15:00+02:00,345,professional,Fachkraft,79,PE 79,station
7207,Roark Aloisia,2026-04-06,1,true,79,PE 79,1453,Z,intermediate,2026-04-06T08:30:00+02:00,2026-04-06T14:15:00+02:00,345,professional,Fachkraft,79,PE 79,station
3463,Pock Godelind,2026-04-06,1,true,79,PE 79,1605,S,late,2026-04-06T13:15:00+02:00,2026-04-06T21:00:00+02:00,435,professional,Fachkraft,79,PE 79,station
8046,Springer Alina,2026-04-06,1,true,79,PE 79,1605,S,late,2026-04-06T13:15:00+02:00,2026-04-06T21:00:00+02:00,435,professional,Fachkraft,408,PE 408,jumper_pool
818,Wülfroth Luitgart,2026-04-06,1,true,79,PE 79,1690,N,night,2026-04-06T20:10:00+02:00,2026-04-07T06:10:00+02:00,555,professional,Fachkraft,79,PE 79,station
1161,Varney Anuschka,2026-04-06,1,true,79,PE 79,1690,N,night,2026-04-06T20:10:00+02:00,2026-04-07T06:10:00+02:00,555,professional,Fachkraft,79,PE 79,station
790,Mccomas Adriane,2026-04-07,2,false,77,PE 77,1113,F,early,2026-04-07T05:55:00+02:00,2026-04-07T13:25:00+02:00,420,assistant,Hilfskraft,77,PE 77,station
1229,Onofre Mandy,2026-04-07,2,false,77,PE 77,1113,F,early,2026-04-07T05:55:00+02:00,2026-04-07T13:25:00+02:00,420,professional,Fachkraft,77,PE 77,station
6266,Clemmer Natalie,2026-04-07,2,false,77,PE 77,1113,F,early,2026-04-07T05:55:00+02:00,2026-04-07T13:25:00+02:00,420,professional,Fachkraft,77,PE 77,station
6727,Lenhart Fred,2026-04-07,2,false,77,PE 77,1113,F,early,2026-04-07T05:55:00+02:00,2026-04-07T13:25:00+02:00,420,professional,Fachkraft,77,PE 77,station
6836,Valentino Trude,2026-04-07,2,false,77,PE 77,1113,F,early,2026-04-07T05:55:00+02:00,2026-04-07T13:25:00+02:00,420,professional,Fachkraft,77,PE 77,station
6928,Izzo Annelene,2026-04-07,2,false,77,PE 77,1113,F,early,2026-04-07T05:55:00+02:00,2026-04-07T13:25:00+02:00,420,mfa,MFA,77,PE 77,station
7606,Lenahan Oda,2026-04-07,2,false,77,PE 77,1113,F,early,2026-04-07T05:55:00+02:00,2026-04-07T13:25:00+02:00,420,assistant,Hilfskraft,77,PE 77,station
8052,Springer Greta,2026-04-07,2,false,77,PE 77,1113,F,early,2026-04-07T05:55:00+02:00,2026-04-07T13:25:00+02:00,420,trainee,Azubi,408,PE 408,jumper_pool
791,Branz Janett,2026-04-07,2,false,77,PE 77,1453,Z,intermediate,2026-04-07T08:30:00+02:00,2026-04-07T14:15:00+02:00,345,professional,Fachkraft,77,PE 77,station
928,Wunderlich Daniele,2026-04-07,2,false,77,PE 77,1453,Z,intermediate,2026-04-07T08:30:00+02:00,2026-04-07T14:15:00+02:00,345,professional,Fachkraft,77,PE 77,station
7375,Fridam Gangolf,2026-04-07,2,false,77,PE 77,1453,Z,intermediate,2026-04-07T08:30:00+02:00,2026-04-07T14:15:00+02:00,345,professional,Fachkraft,77,PE 77,station
7496,Demarco Marcus,2026-04-07,2,false,77,PE 77,1453,Z,intermediate,2026-04-07T08:30:00+02:00,2026-04-07T14:15:00+02:00,345,professional,Fachkraft,77,PE 77,station
7919,Weathers Irma,2026-04-07,2,false,77,PE 77,1453,Z,intermediate,2026-04-07T08:30:00+02:00,2026-04-07T14:15:00+02:00,345,professional,Fachkraft,77,PE 77,station
914,Harkins Silvia,2026-04-07,2,false,77,PE 77,1605,S,late,2026-04-07T13:15:00+02:00,2026-04-07T21:00:00+02:00,435,assistant,Hilfskraft,77,PE 77,station
3566,Seligman Elgine,2026-04-07,2,false,77,PE 77,1605,S,late,2026-04-07T13:15:00+02:00,2026-04-07T21:00:00+02:00,435,professional,Fachkraft,77,PE 77,station
5367,Donis Henni,2026-04-07,2,false,77,PE 77,1605,S,late,2026-04-07T13:15:00+02:00,2026-04-07T21:00:00+02:00,435,assistant,Hilfskraft,77,PE 77,station
6995,Brooker Berna,2026-04-07,2,false,77,PE 77,1605,S,late,2026-04-07T13:15:00+02:00,2026-04-07T21:00:00+02:00,435,professional,Fachkraft,77,PE 77,station
7603,Roberson Ludger,2026-04-07,2,false,77,PE 77,1605,S,late,2026-04-07T13:15:00+02:00,2026-04-07T21:00:00+02:00,435,professional,Fachkraft,77,PE 77,station
1230,Palacio Constance,2026-04-07,2,false,77,PE 77,1690,N,night,2026-04-07T20:10:00+02:00,2026-04-08T06:10:00+02:00,555,professional,Fachkraft,77,PE 77,station
2963,Hoots Renilde,2026-04-07,2,false,77,PE 77,1690,N,night,2026-04-07T20:10:00+02:00,2026-04-08T06:10:00+02:00,555,professional,Fachkraft,77,PE 77,station
7028,Cranmer Gretlies,2026-04-07,2,false,77,PE 77,1690,N,night,2026-04-07T20:10:00+02:00,2026-04-08T06:10:00+02:00,555,professional,Fachkraft,77,PE 77,station
7378,Boulware Ina,2026-04-07,2,false,77,PE 77,1690,N,night,2026-04-07T20:10:00+02:00,2026-04-08T06:10:00+02:00,555,professional,Fachkraft,77,PE 77,station
1143,Dames Margareth,2026-04-07,2,false,79,PE 79,1113,F,early,2026-04-07T05:55:00+02:00,2026-04-07T13:25:00+02:00,420,professional,Fachkraft,79,PE 79,station
5002,Britt Ingerose,2026-04-07,2,false,79,PE 79,1113,F,early,2026-04-07T05:55:00+02:00,2026-04-07T13:25:00+02:00,420,professional,Fachkraft,79,PE 79,station
7132,Maderdonner Reinburga,2026-04-07,2,false,79,PE 79,1113,F,early,2026-04-07T05:55:00+02:00,2026-04-07T13:25:00+02:00,420,professional,Fachkraft,79,PE 79,station
8048,Springer Cem,2026-04-07,2,false,79,PE 79,1113,F,early,2026-04-07T05:55:00+02:00,2026-04-07T13:25:00+02:00,420,professional,Fachkraft,408,PE 408,jumper_pool
8051,Springer Farah,2026-04-07,2,false,79,PE 79,1113,F,early,2026-04-07T05:55:00+02:00,2026-04-07T13:25:00+02:00,420,assistant,Hilfskraft,408,PE 408,jumper_pool
844,Greenman Elia,2026-04-07,2,false,79,PE 79,1453,Z,intermediate,2026-04-07T08:30:00+02:00,2026-04-07T14:15:00+02:00,345,professional,Fachkraft,79,PE 79,station
1138,Kunkel Annehild,2026-04-07,2,false,79,PE 79,1453,Z,intermediate,2026-04-07T08:30:00+02:00,2026-04-07T14:15:00+02:00,345,professional,Fachkraft,79,PE 79,station
1150,Domingue Frowine,2026-04-07,2,false,79,PE 79,1453,Z,intermediate,2026-04-07T08:30:00+02:00,2026-04-07T14:15:00+02:00,345,professional,Fachkraft,79,PE 79,station
6330,Grotian Dorle,2026-04-07,2,false,79,PE 79,1453,Z,intermediate,2026-04-07T08:30:00+02:00,2026-04-07T14:15:00+02:00,345,professional,Fachkraft,79,PE 79,station
7131,Mccarley Elrike,2026-04-07,2,false,79,PE 79,1453,Z,intermediate,2026-04-07T08:30:00+02:00,2026-04-07T14:15:00+02:00,345,professional,Fachkraft,79,PE 79,station
8050,Springer Emil,2026-04-07,2,false,79,PE 79,1453,Z,intermediate,2026-04-07T08:30:00+02:00,2026-04-07T14:15:00+02:00,345,professional,Fachkraft,408,PE 408,jumper_pool
7207,Roark Aloisia,2026-04-07,2,false,79,PE 79,1605,S,late,2026-04-07T13:15:00+02:00,2026-04-07T21:00:00+02:00,435,professional,Fachkraft,79,PE 79,station
8046,Springer Alina,2026-04-07,2,false,79,PE 79,1605,S,late,2026-04-07T13:15:00+02:00,2026-04-07T21:00:00+02:00,435,professional,Fachkraft,408,PE 408,jumper_pool
8047,Springer Boris,2026-04-07,2,false,79,PE 79,1605,S,late,2026-04-07T13:15:00+02:00,2026-04-07T21:00:00+02:00,435,professional,Fachkraft,408,PE 408,jumper_pool
1161,Varney Anuschka,2026-04-07,2,false,79,PE 79,1690,N,night,2026-04-07T20:10:00+02:00,2026-04-08T06:10:00+02:00,555,professional,Fachkraft,79,PE 79,station
4064,Scheuenstuhl Rebecca,2026-04-07,2,false,79,PE 79,1690,N,night,2026-04-07T20:10:00+02:00,2026-04-08T06:10:00+02:00,555,professional,Fachkraft,79,PE 79,station
6266,Clemmer Natalie,2026-04-08,3,false,77,PE 77,1113,F,early,2026-04-08T05:55:00+02:00,2026-04-08T13:25:00+02:00,420,professional,Fachkraft,77,PE 77,station
6727,Lenhart Fred,2026-04-08,3,false,77,PE 77,1113,F,early,2026-04-08T05:55:00+02:00,2026-04-08T13:25:00+02:00,420,professional,Fachkraft,77,PE 77,station
6836,Valentino Trude,2026-04-08,3,false,77,PE 77,1113,F,early,2026-04-08T05:55:00+02:00,2026-04-08T13:25:00+02:00,420,professional,Fachkraft,77,PE 77,station
6928,Izzo Annelene,2026-04-08,3,false,77,PE 77,1113,F,early,2026-04-08T05:55:00+02:00,2026-04-08T13:25:00+02:00,420,mfa,MFA,77,PE 77,station
7496,Demarco Marcus,2026-04-08,3,false,77,PE 77,1113,F,early,2026-04-08T05:55:00+02:00,2026-04-08T13:25:00+02:00,420,professional,Fachkraft,77,PE 77,station
7606,Lenahan Oda,2026-04-08,3,false,77,PE 77,1113,F,early,2026-04-08T05:55:00+02:00,2026-04-08T13:25:00+02:00,420,assistant,Hilfskraft,77,PE 77,station
7660,Rast Agatha,2026-04-08,3,false,77,PE 77,1113,F,early,2026-04-08T05:55:00+02:00,2026-04-08T13:25:00+02:00,420,assistant,Hilfskraft,77,PE 77,station
8052,Springer Greta,2026-04-08,3,false,77,PE 77,1113,F,early,2026-04-08T05:55:00+02:00,2026-04-08T13:25:00+02:00,420,trainee,Azubi,408,PE 408,jumper_pool
924,Merriweather Bärbl,2026-04-08,3,false,77,PE 77,1453,Z,intermediate,2026-04-08T08:30:00+02:00,2026-04-08T14:15:00+02:00,345,professional,Fachkraft,77,PE 77,station
2932,Devers Kersten,2026-04-08,3,false,77,PE 77,1453,Z,intermediate,2026-04-08T08:30:00+02:00,2026-04-08T14:15:00+02:00,345,professional,Fachkraft,77,PE 77,station
3868,Vanfleet Eike,2026-04-08,3,false,77,PE 77,1453,Z,intermediate,2026-04-08T08:30:00+02:00,2026-04-08T14:15:00+02:00,345,professional,Fachkraft,77,PE 77,station
7124,Pirkle Xaver,2026-04-08,3,false,77,PE 77,1453,Z,intermediate,2026-04-08T08:30:00+02:00,2026-04-08T14:15:00+02:00,345,professional,Fachkraft,77,PE 77,station
927,Mittrach Margaritt,2026-04-08,3,false,77,PE 77,1605,S,late,2026-04-08T13:15:00+02:00,2026-04-08T21:00:00+02:00,435,assistant,Hilfskraft,77,PE 77,station
1229,Onofre Mandy,2026-04-08,3,false,77,PE 77,1605,S,late,2026-04-08T13:15:00+02:00,2026-04-08T21:00:00+02:00,435,professional,Fachkraft,77,PE 77,station
3566,Seligman Elgine,2026-04-08,3,false,77,PE 77,1605,S,late,2026-04-08T13:15:00+02:00,2026-04-08T21:00:00+02:00,435,professional,Fachkraft,77,PE 77,station
5367,Donis Henni,2026-04-08,3,false,77,PE 77,1605,S,late,2026-04-08T13:15:00+02:00,2026-04-08T21:00:00+02:00,435,assistant,Hilfskraft,77,PE 77,station
6995,Brooker Berna,2026-04-08,3,false,77,PE 77,1605,S,late,2026-04-08T13:15:00+02:00,2026-04-08T21:00:00+02:00,435,professional,Fachkraft,77,PE 77,station
7603,Roberson Ludger,2026-04-08,3,false,77,PE 77,1605,S,late,2026-04-08T13:15:00+02:00,2026-04-08T21:00:00+02:00,435,professional,Fachkraft,77,PE 77,station
8046,Springer Alina,2026-04-08,3,false,77,PE 77,1605,S,late,2026-04-08T13:15:00+02:00,2026-04-08T21:00:00+02:00,435,professional,Fachkraft,408,PE 408,jumper_pool
1230,Palacio Constance,2026-04-08,3,false,77,PE 77,1690,N,night,2026-04-08T20:10:00+02:00,2026-04-09T06:10:00+02:00,555,professional,Fachkraft,77,PE 77,station
7028,Cranmer Gretlies,2026-04-08,3,false,77,PE 77,1690,N,night,2026-04-08T20:10:00+02:00,2026-04-09T06:10:00+02:00,555,professional,Fachkraft,77,PE 77,station
7378,Boulware Ina,2026-04-08,3,false,77,PE 77,1690,N,night,2026-04-08T20:10:00+02:00,2026-04-09T06:10:00+02:00,555,professional,Fachkraft,77,PE 77,station
7919,Weathers Irma,2026-04-08,3,false,77,PE 77,1690,N,night,2026-04-08T20:10:00+02:00,2026-04-09T06:10:00+02:00,555,professional,Fachkraft,77,PE 77,station
5002,Britt Ingerose,2026-04-08,3,false,79,PE 79,1113,F,early,2026-04-08T05:55:00+02:00,2026-04-08T13:25:00+02:00,420,professional,Fachkraft,79,PE 79,station
5318,Poindexter Rhiane,2026-04-08,3,false,79,PE 79,1113,F,early,2026-04-08T05:55:00+02:00,2026-04-08T13:25:00+02:00,420,assistant,Hilfskraft,79,PE 79,station
6330,Grotian Dorle,2026-04-08,3,false,79,PE 79,1113,F,early,2026-04-08T05:55:00+02:00,2026-04-08T13:25:00+02:00,420,professional,Fachkraft,79,PE 79,station
8050,Springer Emil,2026-04-08,3,false,79,PE 79,1113,F,early,2026-04-08T05:55:00+02:00,2026-04-08T13:25:00+02:00,420,professional,Fachkraft,408,PE 408,jumper_pool
1138,Kunkel Annehild,2026-04-08,3,false,79,PE 79,1453,Z,intermediate,2026-04-08T08:30:00+02:00,2026-04-08T14:15:00+02:00,345,professional,Fachkraft,79,PE 79,station
1143,Dames Margareth,2026-04-08,3,false,79,PE 79,1453,Z,intermediate,2026-04-08T08:30:00+02:00,2026-04-08T14:15:00+02:00,345,professional,Fachkraft,79,PE 79,station
8049,Springer Dana,2026-04-08,3,false,79,PE 79,1453,Z,intermediate,2026-04-08T08:30:00+02:00,2026-04-08T14:15:00+02:00,345,professional,Fachkraft,408,PE 408,jumper_pool
844,Greenman Elia,2026-04-08,3,false,79,PE 79,1605,S,late,2026-04-08T13:15:00+02:00,2026-04-08T21:00:00+02:00,435,professional,Fachkraft,79,PE 79,station
3463,Pock Godelind,2026-04-08,3,false,79,PE 79,1605,S,late,2026-04-08T13:15:00+02:00,2026-04-08T21:00:00+02:00,435,professional,Fachkraft,79,PE 79,station
7207,Roark Aloisia,2026-04-08,3,false,79,PE 79,1605,S,late,2026-04-08T13:15:00+02:00,2026-04-08T21:00:00+02:00,435,professional,Fachkraft,79,PE 79,station
8047,Springer Boris,2026-04-08,3,false,79,PE 79,1605,S,late,2026-04-08T13:15:00+02:00,2026-04-08T21:00:00+02:00,435,professional,Fachkraft,408,PE 408,jumper_pool
8048,Springer Cem,2026-04-08,3,false,79,PE 79,1605,S,late,2026-04-08T13:15:00+02:00,2026-04-08T21:00:00+02:00,435,professional,Fachkraft,408,PE 408,jumper_pool
1161,Varney Anuschka,2026-04-08,3,false,79,PE 79,1690,N,night,2026-04-08T20:10:00+02:00,2026-04-09T06:10:00+02:00,555,professional,Fachkraft,79,PE 79,station
1226,Allan Diethard,2026-04-08,3,false,79,PE 79,1690,N,night,2026-04-08T20:10:00+02:00,2026-04-09T06:10:00+02:00,555,professional,Fachkraft,79,PE 79,station
4064,Scheuenstuhl Rebecca,2026-04-08,3,false,79,PE 79,1690,N,night,2026-04-08T20:10:00+02:00,2026-04-09T06:10:00+02:00,555,professional,Fachkraft,79,PE 79,station
7131,Mccarley Elrike,2026-04-08,3,false,79,PE 79,1690,N,night,2026-04-08T20:10:00+02:00,2026-04-09T06:10:00+02:00,555,professional,Fachkraft,79,PE 79,station
790,Mccomas Adriane,2026-04-09,4,false,77,PE 77,1113,F,early,2026-04-09T05:55:00+02:00,2026-04-09T13:25:00+02:00,420,assistant,Hilfskraft,77,PE 77,station
917,Catoe Ingbert,2026-04-09,4,false,77,PE 77,1113,F,early,2026-04-09T05:55:00+02:00,2026-04-09T13:25:00+02:00,420,professional,Fachkraft,77,PE 77,station
2932,Devers Kersten,2026-04-09,4,false,77,PE 77,1113,F,early,2026-04-09T05:55:00+02:00,2026-04-09T13:25:00+02:00,420,professional,Fachkraft,77,PE 77,station
6266,Clemmer Natalie,2026-04-09,4,false,77,PE 77,1113,F,early,2026-04-09T05:55:00+02:00,2026-04-09T13:25:00+02:00,420,professional,Fachkraft,77,PE 77,station
6727,Lenhart Fred,2026-04-09,4,false,77,PE 77,1113,F,early,2026-04-09T05:55:00+02:00,2026-04-09T13:25:00+02:00,420,professional,Fachkraft,77,PE 77,station
6928,Izzo Annelene,2026-04-09,4,false,77,PE 77,1113,F,early,2026-04-09T05:55:00+02:00,2026-04-09T13:25:00+02:00,420,mfa,MFA,77,PE 77,station
7606,Lenahan Oda,2026-04-09,4,false,77,PE 77,1113,F,early,2026-04-09T05:55:00+02:00,2026-04-09T13:25:00+02:00,420,assistant,Hilfskraft,77,PE 77,station
8051,Springer Farah,2026-04-09,4,false,77,PE 77,1113,F,early,2026-04-09T05:55:00+02:00,2026-04-09T13:25:00+02:00,420,assistant,Hilfskraft,408,PE 408,jumper_pool
8052,Springer Greta,2026-04-09,4,false,77,PE 77,1113,F,early,2026-04-09T05:55:00+02:00,2026-04-09T13:25:00+02:00,420,trainee,Azubi,408,PE 408,jumper_pool
791,Branz Janett,2026-04-09,4,false,77,PE 77,1453,Z,intermediate,2026-04-09T08:30:00+02:00,2026-04-09T14:15:00+02:00,345,professional,Fachkraft,77,PE 77,station
924,Merriweather Bärbl,2026-04-09,4,false,77,PE 77,1453,Z,intermediate,2026-04-09T08:30:00+02:00,2026-04-09T14:15:00+02:00,345,professional,Fachkraft,77,PE 77,station
7124,Pirkle Xaver,2026-04-09,4,false,77,PE 77,1453,Z,intermediate,2026-04-09T08:30:00+02:00,2026-04-09T14:15:00+02:00,345,professional,Fachkraft,77,PE 77,station
7375,Fridam Gangolf,2026-04-09,4,false,77,PE 77,1453,Z,intermediate,2026-04-09T08:30:00+02:00,2026-04-09T14:15:00+02:00,345,professional,Fachkraft,77,PE 77,station
7660,Rast Agatha,2026-04-09,4,false,77,PE 77,1453,Z,intermediate,2026-04-09T08:30:00+02:00,2026-04-09T14:15:00+02:00,345,assistant,Hilfskraft,77,PE 77,station
914,Harkins Silvia,2026-04-09,4,false,77,PE 77,1605,S,late,2026-04-09T13:15:00+02:00,2026-04-09T21:00:00+02:00,435,assistant,Hilfskraft,77,PE 77,station
927,Mittrach Margaritt,2026-04-09,4,false,77,PE 77,1605,S,late,2026-04-09T13:15:00+02:00,2026-04-09T21:00:00+02:00,435,assistant,Hilfskraft,77,PE 77,station
3566,Seligman Elgine,2026-04-09,4,false,77,PE 77,1605,S,late,2026-04-09T13:15:00+02:00,2026-04-09T21:00:00+02:00,435,professional,Fachkraft,77,PE 77,station
3868,Vanfleet Eike,2026-04-09,4,false,77,PE 77,1605,S,late,2026-04-09T13:15:00+02:00,2026-04-09T21:00:00+02:00,435,professional,Fachkraft,77,PE 77,station
6995,Brooker Berna,2026-04-09,4,false,77,PE 77,1605,S,late,2026-04-09T13:15:00+02:00,2026-04-09T21:00:00+02:00,435,professional,Fachkraft,77,PE 77,station
7603,Roberson Ludger,2026-04-09,4,false,77,PE 77,1605,S,late,2026-04-09T13:15:00+02:00,2026-04-09T21:00:00+02:00,435,professional,Fachkraft,77,PE 77,station
7028,Cranmer Gretlies,2026-04-09,4,false,77,PE 77,1690,N,night,2026-04-09T20:10:00+02:00,2026-04-10T06:10:00+02:00,555,professional,Fachkraft,77,PE 77,station
7378,Boulware Ina,2026-04-09,4,false,77,PE 77,1690,N,night,2026-04-09T20:10:00+02:00,2026-04-10T06:10:00+02:00,555,professional,Fachkraft,77,PE 77,station
7919,Weathers Irma,2026-04-09,4,false,77,PE 77,1690,N,night,2026-04-09T20:10:00+02:00,2026-04-10T06:10:00+02:00,555,professional,Fachkraft,77,PE 77,station
5002,Britt Ingerose,2026-04-09,4,false,79,PE 79,1113,F,early,2026-04-09T05:55:00+02:00,2026-04-09T13:25:00+02:00,420,professional,Fachkraft,79,PE 79,station
5318,Poindexter Rhiane,2026-04-09,4,false,79,PE 79,1113,F,early,2026-04-09T05:55:00+02:00,2026-04-09T13:25:00+02:00,420,assistant,Hilfskraft,79,PE 79,station
6330,Grotian Dorle,2026-04-09,4,false,79,PE 79,1113,F,early,2026-04-09T05:55:00+02:00,2026-04-09T13:25:00+02:00,420,professional,Fachkraft,79,PE 79,station
8050,Springer Emil,2026-04-09,4,false,79,PE 79,1113,F,early,2026-04-09T05:55:00+02:00,2026-04-09T13:25:00+02:00,420,professional,Fachkraft,408,PE 408,jumper_pool
818,Wülfroth Luitgart,2026-04-09,4,false,79,PE 79,1453,Z,intermediate,2026-04-09T08:30:00+02:00,2026-04-09T14:15:00+02:00,345,professional,Fachkraft,79,PE 79,station
1138,Kunkel Annehild,2026-04-09,4,false,79,PE 79,1453,Z,intermediate,2026-04-09T08:30:00+02:00,2026-04-09T14:15:00+02:00,345,professional,Fachkraft,79,PE 79,station
1143,Dames Margareth,2026-04-09,4,false,79,PE 79,1453,Z,intermediate,2026-04-09T08:30:00+02:00,2026-04-09T14:15:00+02:00,345,professional,Fachkraft,79,PE 79,station
7132,Maderdonner Reinburga,2026-04-09,4,false,79,PE 79,1453,Z,intermediate,2026-04-09T08:30:00+02:00,2026-04-09T14:15:00+02:00,345,professional,Fachkraft,79,PE 79,station
8049,Springer Dana,2026-04-09,4,false,79,PE 79,1453,Z,intermediate,2026-04-09T08:30:00+02:00,2026-04-09T14:15:00+02:00,345,professional,Fachkraft,408,PE 408,jumper_pool
844,Greenman Elia,2026-04-09,4,false,79,PE 79,1605,S,late,2026-04-09T13:15:00+02:00,2026-04-09T21:00:00+02:00,435,professional,Fachkraft,79,PE 79,station
3463,Pock Godelind,2026-04-09,4,false,79,PE 79,1605,S,late,2026-04-09T13:15:00+02:00,2026-04-09T21:00:00+02:00,435,professional,Fachkraft,79,PE 79,station
7207,Roark Aloisia,2026-04-09,4,false,79,PE 79,1605,S,late,2026-04-09T13:15:00+02:00,2026-04-09T21:00:00+02:00,435,professional,Fachkraft,79,PE 79,station
8047,Springer Boris,2026-04-09,4,false,79,PE 79,1605,S,late,2026-04-09T13:15:00+02:00,2026-04-09T21:00:00+02:00,435,professional,Fachkraft,408,PE 408,jumper_pool
1226,Allan Diethard,2026-04-09,4,false,79,PE 79,1690,N,night,2026-04-09T20:10:00+02:00,2026-04-10T06:10:00+02:00,555,professional,Fachkraft,79,PE 79,station
4064,Scheuenstuhl Rebecca,2026-04-09,4,false,79,PE 79,1690,N,night,2026-04-09T20:10:00+02:00,2026-04-10T06:10:00+02:00,555,professional,Fachkraft,79,PE 79,station
7131,Mccarley Elrike,2026-04-09,4,false,79,PE 79,1690,N,night,2026-04-09T20:10:00+02:00,2026-04-10T06:10:00+02:00,555,professional,Fachkraft,79,PE 79,station
790,Mccomas Adriane,2026-04-10,5,false,77,PE 77,1113,F,early,2026-04-10T05:55:00+02:00,2026-04-10T13:25:00+02:00,420,assistant,Hilfskraft,77,PE 77,station
6266,Clemmer Natalie,2026-04-10,5,false,77,PE 77,1113,F,early,2026-04-10T05:55:00+02:00,2026-04-10T13:25:00+02:00,420,professional,Fachkraft,77,PE 77,station
6727,Lenhart Fred,2026-04-10,5,false,77,PE 77,1113,F,early,2026-04-10T05:55:00+02:00,2026-04-10T13:25:00+02:00,420,professional,Fachkraft,77,PE 77,station
6836,Valentino Trude,2026-04-10,5,false,77,PE 77,1113,F,early,2026-04-10T05:55:00+02:00,2026-04-10T13:25:00+02:00,420,professional,Fachkraft,77,PE 77,station
6928,Izzo Annelene,2026-04-10,5,false,77,PE 77,1113,F,early,2026-04-10T05:55:00+02:00,2026-04-10T13:25:00+02:00,420,mfa,MFA,77,PE 77,station
8051,Springer Farah,2026-04-10,5,false,77,PE 77,1113,F,early,2026-04-10T05:55:00+02:00,2026-04-10T13:25:00+02:00,420,assistant,Hilfskraft,408,PE 408,jumper_pool
8052,Springer Greta,2026-04-10,5,false,77,PE 77,1113,F,early,2026-04-10T05:55:00+02:00,2026-04-10T13:25:00+02:00,420,trainee,Azubi,408,PE 408,jumper_pool
791,Branz Janett,2026-04-10,5,false,77,PE 77,1453,Z,intermediate,2026-04-10T08:30:00+02:00,2026-04-10T14:15:00+02:00,345,professional,Fachkraft,77,PE 77,station
917,Catoe Ingbert,2026-04-10,5,false,77,PE 77,1453,Z,intermediate,2026-04-10T08:30:00+02:00,2026-04-10T14:15:00+02:00,345,professional,Fachkraft,77,PE 77,station
927,Mittrach Margaritt,2026-04-10,5,false,77,PE 77,1453,Z,intermediate,2026-04-10T08:30:00+02:00,2026-04-10T14:15:00+02:00,345,assistant,Hilfskraft,77,PE 77,station
2963,Hoots Renilde,2026-04-10,5,false,77,PE 77,1453,Z,intermediate,2026-04-10T08:30:00+02:00,2026-04-10T14:15:00+02:00,345,professional,Fachkraft,77,PE 77,station
7124,Pirkle Xaver,2026-04-10,5,false,77,PE 77,1453,Z,intermediate,2026-04-10T08:30:00+02:00,2026-04-10T14:15:00+02:00,345,professional,Fachkraft,77,PE 77,station
7496,Demarco Marcus,2026-04-10,5,false,77,PE 77,1453,Z,intermediate,2026-04-10T08:30:00+02:00,2026-04-10T14:15:00+02:00,345,professional,Fachkraft,77,PE 77,station
914,Harkins Silvia,2026-04-10,5,false,77,PE 77,1605,S,late,2026-04-10T13:15:00+02:00,2026-04-10T21:00:00+02:00,435,assistant,Hilfskraft,77,PE 77,station
1229,Onofre Mandy,2026-04-10,5,false,77,PE 77,1605,S,late,2026-04-10T13:15:00+02:00,2026-04-10T21:00:00+02:00,435,professional,Fachkraft,77,PE 77,station
2932,Devers Kersten,2026-04-10,5,false,77,PE 77,1605,S,late,2026-04-10T13:15:00+02:00,2026-04-10T21:00:00+02:00,435,professional,Fachkraft,77,PE 77,station
3566,Seligman Elgine,2026-04-10,5,false,77,PE 77,1605,S,late,2026-04-10T13:15:00+02:00,2026-04-10T21:00:00+02:00,435,professional,Fachkraft,77,PE 77,station
3868,Vanfleet Eike,2026-04-10,5,false,77,PE 77,1605,S,late,2026-04-10T13:15:00+02:00,2026-04-10T21:00:00+02:00,435,professional,Fachkraft,77,PE 77,station
5367,Donis Henni,2026-04-10,5,false,77,PE 77,1605,S,late,2026-04-10T13:15:00+02:00,2026-04-10T21:00:00+02:00,435,assistant,Hilfskraft,77,PE 77,station
6995,Brooker Berna,2026-04-10,5,false,77,PE 77,1605,S,late,2026-04-10T13:15:00+02:00,2026-04-10T21:00:00+02:00,435,professional,Fachkraft,77,PE 77,station
7375,Fridam Gangolf,2026-04-10,5,false,77,PE 77,1605,S,late,2026-04-10T13:15:00+02:00,2026-04-10T21:00:00+02:00,435,professional,Fachkraft,77,PE 77,station
7603,Roberson Ludger,2026-04-10,5,false,77,PE 77,1605,S,late,2026-04-10T13:15:00+02:00,2026-04-10T21:00:00+02:00,435,professional,Fachkraft,77,PE 77,station
7919,Weathers Irma,2026-04-10,5,false,77,PE 77,1690,N,night,2026-04-10T20:10:00+02:00,2026-04-11T06:10:00+02:00,555,professional,Fachkraft,77,PE 77,station
8049,Springer Dana,2026-04-10,5,false,77,PE 77,1690,N,night,2026-04-10T20:10:00+02:00,2026-04-11T06:10:00+02:00,555,professional,Fachkraft,408,PE 408,jumper_pool
5318,Poindexter Rhiane,2026-04-10,5,false,79,PE 79,1113,F,early,2026-04-10T05:55:00+02:00,2026-04-10T13:25:00+02:00,420,assistant,Hilfskraft,79,PE 79,station
6330,Grotian Dorle,2026-04-10,5,false,79,PE 79,1113,F,early,2026-04-10T05:55:00+02:00,2026-04-10T13:25:00+02:00,420,professional,Fachkraft,79,PE 79,station
7132,Maderdonner Reinburga,2026-04-10,5,false,79,PE 79,1113,F,early,2026-04-10T05:55:00+02:00,2026-04-10T13:25:00+02:00,420,professional,Fachkraft,79,PE 79,station
8050,Springer Emil,2026-04-10,5,false,79,PE 79,1113,F,early,2026-04-10T05:55:00+02:00,2026-04-10T13:25:00+02:00,420,professional,Fachkraft,408,PE 408,jumper_pool
818,Wülfroth Luitgart,2026-04-10,5,false,79,PE 79,1453,Z,intermediate,2026-04-10T08:30:00+02:00,2026-04-10T14:15:00+02:00,345,professional,Fachkraft,79,PE 79,station
844,Greenman Elia,2026-04-10,5,false,79,PE 79,1453,Z,intermediate,2026-04-10T08:30:00+02:00,2026-04-10T14:15:00+02:00,345,professional,Fachkraft,79,PE 79,station
1143,Dames Margareth,2026-04-10,5,false,79,PE 79,1453,Z,intermediate,2026-04-10T08:30:00+02:00,2026-04-10T14:15:00+02:00,345,professional,Fachkraft,79,PE 79,station
3463,Pock Godelind,2026-04-10,5,false,79,PE 79,1453,Z,intermediate,2026-04-10T08:30:00+02:00,2026-04-10T14:15:00+02:00,345,professional,Fachkraft,79,PE 79,station
8046,Springer Alina,2026-04-10,5,false,79,PE 79,1605,S,late,2026-04-10T13:15:00+02:00,2026-04-10T21:00:00+02:00,435,professional,Fachkraft,408,PE 408,jumper_pool
8047,Springer Boris,2026-04-10,5,false,79,PE 79,1605,S,late,2026-04-10T13:15:00+02:00,2026-04-10T21:00:00+02:00,435,professional,Fachkraft,408,PE 408,jumper_pool
8048,Springer Cem,2026-04-10,5,false,79,PE 79,1605,S,late,2026-04-10T13:15:00+02:00,2026-04-10T21:00:00+02:00,435,professional,Fachkraft,408,PE 408,jumper_pool
1138,Kunkel Annehild,2026-04-10,5,false,79,PE 79,1690,N,night,2026-04-10T20:10:00+02:00,2026-04-11T06:10:00+02:00,555,professional,Fachkraft,79,PE 79,station
7131,Mccarley Elrike,2026-04-10,5,false,79,PE 79,1690,N,night,2026-04-10T20:10:00+02:00,2026-04-11T06:10:00+02:00,555,professional,Fachkraft,79,PE 79,station
790,Mccomas Adriane,2026-04-11,6,false,77,PE 77,1113,F,early,2026-04-11T05:55:00+02:00,2026-04-11T13:25:00+02:00,420,assistant,Hilfskraft,77,PE 77,station
6727,Lenhart Fred,2026-04-11,6,false,77,PE 77,1113,F,early,2026-04-11T05:55:00+02:00,2026-04-11T13:25:00+02:00,420,professional,Fachkraft,77,PE 77,station
6836,Valentino Trude,2026-04-11,6,false,77,PE 77,1113,F,early,2026-04-11T05:55:00+02:00,2026-04-11T13:25:00+02:00,420,professional,Fachkraft,77,PE 77,station
7496,Demarco Marcus,2026-04-11,6,false,77,PE 77,1113,F,early,2026-04-11T05:55:00+02:00,2026-04-11T13:25:00+02:00,420,professional,Fachkraft,77,PE 77,station
7660,Rast Agatha,2026-04-11,6,false,77,PE 77,1113,F,early,2026-04-11T05:55:00+02:00,2026-04-11T13:25:00+02:00,420,assistant,Hilfskraft,77,PE 77,station
917,Catoe Ingbert,2026-04-11,6,false,77,PE 77,1453,Z,intermediate,2026-04-11T08:30:00+02:00,2026-04-11T14:15:00+02:00,345,professional,Fachkraft,77,PE 77,station
2963,Hoots Renilde,2026-04-11,6,false,77,PE 77,1453,Z,intermediate,2026-04-11T08:30:00+02:00,2026-04-11T14:15:00+02:00,345,professional,Fachkraft,77,PE 77,station
1229,Onofre Mandy,2026-04-11,6,false,77,PE 77,1605,S,late,2026-04-11T13:15:00+02:00,2026-04-11T21:00:00+02:00,435,professional,Fachkraft,77,PE 77,station
3868,Vanfleet Eike,2026-04-11,6,false,77,PE 77,1605,S,late,2026-04-11T13:15:00+02:00,2026-04-11T21:00:00+02:00,435,professional,Fachkraft,77,PE 77,station
5367,Donis Henni,2026-04-11,6,false,77,PE 77,1605,S,late,2026-04-11T13:15:00+02:00,2026-04-11T21:00:00+02:00,435,assistant,Hilfskraft,77,PE 77,station
8048,Springer Cem,2026-04-11,6,false,77,PE 77,1605,S,late,2026-04-11T13:15:00+02:00,2026-04-11T21:00:00+02:00,435,professional,Fachkraft,408,PE 408,jumper_pool
1230,Palacio Constance,2026-04-11,6,false,77,PE 77,1690,N,night,2026-04-11T20:10:00+02:00,2026-04-12T06:10:00+02:00,555,professional,Fachkraft,77,PE 77,station
7375,Fridam Gangolf,2026-04-11,6,false,77,PE 77,1690,N,night,2026-04-11T20:10:00+02:00,2026-04-12T06:10:00+02:00,555,professional,Fachkraft,77,PE 77,station
1143,Dames Margareth,2026-04-11,6,false,79,PE 79,1113,F,early,2026-04-11T05:55:00+02:00,2026-04-11T13:25:00+02:00,420,professional,Fachkraft,79,PE 79,station
5002,Britt Ingerose,2026-04-11,6,false,79,PE 79,1113,F,early,2026-04-11T05:55:00+02:00,2026-04-11T13:25:00+02:00,420,professional,Fachkraft,79,PE 79,station
8051,Springer Farah,2026-04-11,6,false,79,PE 79,1113,F,early,2026-04-11T05:55:00+02:00,2026-04-11T13:25:00+02:00,420,assistant,Hilfskraft,408,PE 408,jumper_pool
4158,Engel Veronica,2026-04-11,6,false,79,PE 79,1453,Z,intermediate,2026-04-11T08:30:00+02:00,2026-04-11T14:15:00+02:00,345,professional,Fachkraft,79,PE 79,station
844,Greenman Elia,2026-04-11,6,false,79,PE 79,1605,S,late,2026-04-11T13:15:00+02:00,2026-04-11T21:00:00+02:00,435,professional,Fachkraft,79,PE 79,station
8046,Springer Alina,2026-04-11,6,false,79,PE 79,1605,S,late,2026-04-11T13:15:00+02:00,2026-04-11T21:00:00+02:00,435,professional,Fachkraft,408,PE 408,jumper_pool
1161,Varney Anuschka,2026-04-11,6,false,79,PE 79,1690,N,night,2026-04-11T20:10:00+02:00,2026-04-12T06:10:00+02:00,555,professional,Fachkraft,79,PE 79,station
8049,Springer Dana,2026-04-11,6,false,79,PE 79,1690,N,night,2026-04-11T20:10:00+02:00,2026-04-12T06:10:00+02:00,555,professional,Fachkraft,408,PE 408,jumper_pool
790,Mccomas Adriane,2026-04-12,7,false,77,PE 77,1113,F,early,2026-04-12T05:55:00+02:00,2026-04-12T13:25:00+02:00,420,assistant,Hilfskraft,77,PE 77,station
2963,Hoots Renilde,2026-04-12,7,false,77,PE 77,1113,F,early,2026-04-12T05:55:00+02:00,2026-04-12T13:25:00+02:00,420,professional,Fachkraft,77,PE 77,station
6836,Valentino Trude,2026-04-12,7,false,77,PE 77,1113,F,early,2026-04-12T05:55:00+02:00,2026-04-12T13:25:00+02:00,420,professional,Fachkraft,77,PE 77,station
7496,Demarco Marcus,2026-04-12,7,false,77,PE 77,1113,F,early,2026-04-12T05:55:00+02:00,2026-04-12T13:25:00+02:00,420,professional,Fachkraft,77,PE 77,station
7660,Rast Agatha,2026-04-12,7,false,77,PE 77,1113,F,early,2026-04-12T05:55:00+02:00,2026-04-12T13:25:00+02:00,420,assistant,Hilfskraft,77,PE 77,station
1229,Onofre Mandy,2026-04-12,7,false,77,PE 77,1605,S,late,2026-04-12T13:15:00+02:00,2026-04-12T21:00:00+02:00,435,professional,Fachkraft,77,PE 77,station
3868,Vanfleet Eike,2026-04-12,7,false,77,PE 77,1605,S,late,2026-04-12T13:15:00+02:00,2026-04-12T21:00:00+02:00,435,professional,Fachkraft,77,PE 77,station
5367,Donis Henni,2026-04-12,7,false,77,PE 77,1605,S,late,2026-04-12T13:15:00+02:00,2026-04-12T21:00:00+02:00,435,assistant,Hilfskraft,77,PE 77,station
7603,Roberson Ludger,2026-04-12,7,false,77,PE 77,1605,S,late,2026-04-12T13:15:00+02:00,2026-04-12T21:00:00+02:00,435,professional,Fachkraft,77,PE 77,station
1230,Palacio Constance,2026-04-12,7,false,77,PE 77,1690,N,night,2026-04-12T20:10:00+02:00,2026-04-13T06:10:00+02:00,555,professional,Fachkraft,77,PE 77,station
7375,Fridam Gangolf,2026-04-12,7,false,77,PE 77,1690,N,night,2026-04-12T20:10:00+02:00,2026-04-13T06:10:00+02:00,555,professional,Fachkraft,77,PE 77,station
4158,Engel Veronica,2026-04-12,7,false,79,PE 79,1113,F,early,2026-04-12T05:55:00+02:00,2026-04-12T13:25:00+02:00,420,professional,Fachkraft,79,PE 79,station
5002,Britt Ingerose,2026-04-12,7,false,79,PE 79,1113,F,early,2026-04-12T05:55:00+02:00,2026-04-12T13:25:00+02:00,420,professional,Fachkraft,79,PE 79,station
8051,Springer Farah,2026-04-12,7,false,79,PE 79,1113,F,early,2026-04-12T05:55:00+02:00,2026-04-12T13:25:00+02:00,420,assistant,Hilfskraft,408,PE 408,jumper_pool
1150,Domingue Frowine,2026-04-12,7,false,79,PE 79,1453,Z,intermediate,2026-04-12T08:30:00+02:00,2026-04-12T14:15:00+02:00,345,professional,Fachkraft,79,PE 79,station
6330,Grotian Dorle,2026-04-12,7,false,79,PE 79,1605,S,late,2026-04-12T13:15:00+02:00,2026-04-12T21:00:00+02:00,435,professional,Fachkraft,79,PE 79,station
8046,Springer Alina,2026-04-12,7,false,79,PE 79,1605,S,late,2026-04-12T13:15:00+02:00,2026-04-12T21:00:00+02:00,435,professional,Fachkraft,408,PE 408,jumper_pool
1161,Varney Anuschka,2026-04-12,7,false,79,PE 79,1690,N,night,2026-04-12T20:10:00+02:00,2026-04-13T06:10:00+02:00,555,professional,Fachkraft,79,PE 79,station
8049,Springer Dana,2026-04-12,7,false,79,PE 79,1690,N,night,2026-04-12T20:10:00+02:00,2026-04-13T06:10:00+02:00,555,professional,Fachkraft,408,PE 408,jumper_pool
914,Harkins Silvia,2026-04-13,1,false,77,PE 77,1113,F,early,2026-04-13T05:55:00+02:00,2026-04-13T13:25:00+02:00,420,assistant,Hilfskraft,77,PE 77,station
917,Catoe Ingbert,2026-04-13,1,false,77,PE 77,1113,F,early,2026-04-13T05:55:00+02:00,2026-04-13T13:25:00+02:00,420,professional,Fachkraft,77,PE 77,station
2963,Hoots Renilde,2026-04-13,1,false,77,PE 77,1113,F,early,2026-04-13T05:55:00+02:00,2026-04-13T13:25:00+02:00,420,professional,Fachkraft,77,PE 77,station
6727,Lenhart Fred,2026-04-13,1,false,77,PE 77,1113,F,early,2026-04-13T05:55:00+02:00,2026-04-13T13:25:00+02:00,420,professional,Fachkraft,77,PE 77,station
6836,Valentino Trude,2026-04-13,1,false,77,PE 77,1113,F,early,2026-04-13T05:55:00+02:00,2026-04-13T13:25:00+02:00,420,professional,Fachkraft,77,PE 77,station
6928,Izzo Annelene,2026-04-13,1,false,77,PE 77,1113,F,early,2026-04-13T05:55:00+02:00,2026-04-13T13:25:00+02:00,420,mfa,MFA,77,PE 77,station
7606,Lenahan Oda,2026-04-13,1,false,77,PE 77,1113,F,early,2026-04-13T05:55:00+02:00,2026-04-13T13:25:00+02:00,420,assistant,Hilfskraft,77,PE 77,station
8052,Springer Greta,2026-04-13,1,false,77,PE 77,1113,F,early,2026-04-13T05:55:00+02:00,2026-04-13T13:25:00+02:00,420,trainee,Azubi,408,PE 408,jumper_pool
791,Branz Janett,2026-04-13,1,false,77,PE 77,1453,Z,intermediate,2026-04-13T08:30:00+02:00,2026-04-13T14:15:00+02:00,345,professional,Fachkraft,77,PE 77,station
928,Wunderlich Daniele,2026-04-13,1,false,77,PE 77,1453,Z,intermediate,2026-04-13T08:30:00+02:00,2026-04-13T14:15:00+02:00,345,professional,Fachkraft,77,PE 77,station
7028,Cranmer Gretlies,2026-04-13,1,false,77,PE 77,1453,Z,intermediate,2026-04-13T08:30:00+02:00,2026-04-13T14:15:00+02:00,345,professional,Fachkraft,77,PE 77,station
7124,Pirkle Xaver,2026-04-13,1,false,77,PE 77,1453,Z,intermediate,2026-04-13T08:30:00+02:00,2026-04-13T14:15:00+02:00,345,professional,Fachkraft,77,PE 77,station
7919,Weathers Irma,2026-04-13,1,false,77,PE 77,1453,Z,intermediate,2026-04-13T08:30:00+02:00,2026-04-13T14:15:00+02:00,345,professional,Fachkraft,77,PE 77,station
927,Mittrach Margaritt,2026-04-13,1,false,77,PE 77,1605,S,late,2026-04-13T13:15:00+02:00,2026-04-13T21:00:00+02:00,435,assistant,Hilfskraft,77,PE 77,station
1229,Onofre Mandy,2026-04-13,1,false,77,PE 77,1605,S,late,2026-04-13T13:15:00+02:00,2026-04-13T21:00:00+02:00,435,professional,Fachkraft,77,PE 77,station
2932,Devers Kersten,2026-04-13,1,false,77,PE 77,1605,S,late,2026-04-13T13:15:00+02:00,2026-04-13T21:00:00+02:00,435,professional,Fachkraft,77,PE 77,station
3566,Seligman Elgine,2026-04-13,1,false,77,PE 77,1605,S,late,2026-04-13T13:15:00+02:00,2026-04-13T21:00:00+02:00,435,professional,Fachkraft,77,PE 77,station
5367,Donis Henni,2026-04-13,1,false,77,PE 77,1605,S,late,2026-04-13T13:15:00+02:00,2026-04-13T21:00:00+02:00,435,assistant,Hilfskraft,77,PE 77,station
6995,Brooker Berna,2026-04-13,1,false,77,PE 77,1605,S,late,2026-04-13T13:15:00+02:00,2026-04-13T21:00:00+02:00,435,professional,Fachkraft,77,PE 77,station
7603,Roberson Ludger,2026-04-13,1,false,77,PE 77,1605,S,late,2026-04-13T13:15:00+02:00,2026-04-13T21:00:00+02:00,435,professional,Fachkraft,77,PE 77,station
8046,Springer Alina,2026-04-13,1,false,77,PE 77,1605,S,late,2026-04-13T13:15:00+02:00,2026-04-13T21:00:00+02:00,435,professional,Fachkraft,408,PE 408,jumper_pool
1230,Palacio Constance,2026-04-13,1,false,77,PE 77,1690,N,night,2026-04-13T20:10:00+02:00,2026-04-14T06:10:00+02:00,555,professional,Fachkraft,77,PE 77,station
7375,Fridam Gangolf,2026-04-13,1,false,77,PE 77,1690,N,night,2026-04-13T20:10:00+02:00,2026-04-14T06:10:00+02:00,555,professional,Fachkraft,77,PE 77,station
7378,Boulware Ina,2026-04-13,1,false,77,PE 77,1690,N,night,2026-04-13T20:10:00+02:00,2026-04-14T06:10:00+02:00,555,professional,Fachkraft,77,PE 77,station
5002,Britt Ingerose,2026-04-13,1,false,79,PE 79,1113,F,early,2026-04-13T05:55:00+02:00,2026-04-13T13:25:00+02:00,420,professional,Fachkraft,79,PE 79,station
5318,Poindexter Rhiane,2026-04-13,1,false,79,PE 79,1113,F,early,2026-04-13T05:55:00+02:00,2026-04-13T13:25:00+02:00,420,assistant,Hilfskraft,79,PE 79,station
7132,Maderdonner Reinburga,2026-04-13,1,false,79,PE 79,1113,F,early,2026-04-13T05:55:00+02:00,2026-04-13T13:25:00+02:00,420,professional,Fachkraft,79,PE 79,station
8050,Springer Emil,2026-04-13,1,false,79,PE 79,1113,F,early,2026-04-13T05:55:00+02:00,2026-04-13T13:25:00+02:00,420,professional,Fachkraft,408,PE 408,jumper_pool
818,Wülfroth Luitgart,2026-04-13,1,false,79,PE 79,1453,Z,intermediate,2026-04-13T08:30:00+02:00,2026-04-13T14:15:00+02:00,345,professional,Fachkraft,79,PE 79,station
1138,Kunkel Annehild,2026-04-13,1,false,79,PE 79,1453,Z,intermediate,2026-04-13T08:30:00+02:00,2026-04-13T14:15:00+02:00,345,professional,Fachkraft,79,PE 79,station
1150,Domingue Frowine,2026-04-13,1,false,79,PE 79,1453,Z,intermediate,2026-04-13T08:30:00+02:00,2026-04-13T14:15:00+02:00,345,professional,Fachkraft,79,PE 79,station
1226,Allan Diethard,2026-04-13,1,false,79,PE 79,1453,Z,intermediate,2026-04-13T08:30:00+02:00,2026-04-13T14:15:00+02:00,345,professional,Fachkraft,79,PE 79,station
3463,Pock Godelind,2026-04-13,1,false,79,PE 79,1453,Z,intermediate,2026-04-13T08:30:00+02:00,2026-04-13T14:15:00+02:00,345,professional,Fachkraft,79,PE 79,station
4158,Engel Veronica,2026-04-13,1,false,79,PE 79,1453,Z,intermediate,2026-04-13T08:30:00+02:00,2026-04-13T14:15:00+02:00,345,professional,Fachkraft,79,PE 79,station
7207,Roark Aloisia,2026-04-13,1,false,79,PE 79,1453,Z,intermediate,2026-04-13T08:30:00+02:00,2026-04-13T14:15:00+02:00,345,professional,Fachkraft,79,PE 79,station
8048,Springer Cem,2026-04-13,1,false,79,PE 79,1453,Z,intermediate,2026-04-13T08:30:00+02:00,2026-04-13T14:15:00+02:00,345,professional,Fachkraft,408,PE 408,jumper_pool
1143,Dames Margareth,2026-04-13,1,false,79,PE 79,1605,S,late,2026-04-13T13:15:00+02:00,2026-04-13T21:00:00+02:00,435,professional,Fachkraft,79,PE 79,station
6330,Grotian Dorle,2026-04-13,1,false,79,PE 79,1605,S,late,2026-04-13T13:15:00+02:00,2026-04-13T21:00:00+02:00,435,professional,Fachkraft,79,PE 79,station
7131,Mccarley Elrike,2026-04-13,1,false,79,PE 79,1605,S,late,2026-04-13T13:15:00+02:00,2026-04-13T21:00:00+02:00,435,professional,Fachkraft,79,PE 79,station
1161,Varney Anuschka,2026-04-13,1,false,79,PE 79,1690,N,night,2026-04-13T20:10:00+02:00,2026-04-14T06:10:00+02:00,555,professional,Fachkraft,79,PE 79,station
4064,Scheuenstuhl Rebecca,2026-04-13,1,false,79,PE 79,1690,N,night,2026-04-13T20:10:00+02:00,2026-04-14T06:10:00+02:00,555,professional,Fachkraft,79,PE 79,station
917,Catoe Ingbert,2026-04-14,2,false,77,PE 77,1113,F,early,2026-04-14T05:55:00+02:00,2026-04-14T13:25:00+02:00,420,professional,Fachkraft,77,PE 77,station
6727,Lenhart Fred,2026-04-14,2,false,77,PE 77,1113,F,early,2026-04-14T05:55:00+02:00,2026-04-14T13:25:00+02:00,420,professional,Fachkraft,77,PE 77,station
6836,Valentino Trude,2026-04-14,2,false,77,PE 77,1113,F,early,2026-04-14T05:55:00+02:00,2026-04-14T13:25:00+02:00,420,professional,Fachkraft,77,PE 77,station
6928,Izzo Annelene,2026-04-14,2,false,77,PE 77,1113,F,early,2026-04-14T05:55:00+02:00,2026-04-14T13:25:00+02:00,420,mfa,MFA,77,PE 77,station
7496,Demarco Marcus,2026-04-14,2,false,77,PE 77,1113,F,early,2026-04-14T05:55:00+02:00,2026-04-14T13:25:00+02:00,420,professional,Fachkraft,77,PE 77,station
7606,Lenahan Oda,2026-04-14,2,false,77,PE 77,1113,F,early,2026-04-14T05:55:00+02:00,2026-04-14T13:25:00+02:00,420,assistant,Hilfskraft,77,PE 77,station
8051,Springer Farah,2026-04-14,2,false,77,PE 77,1113,F,early,2026-04-14T05:55:00+02:00,2026-04-14T13:25:00+02:00,420,assistant,Hilfskraft,408,PE 408,jumper_pool
8052,Springer Greta,2026-04-14,2,false,77,PE 77,1113,F,early,2026-04-14T05:55:00+02:00,2026-04-14T13:25:00+02:00,420,trainee,Azubi,408,PE 408,jumper_pool
791,Branz Janett,2026-04-14,2,false,77,PE 77,1453,Z,intermediate,2026-04-14T08:30:00+02:00,2026-04-14T14:15:00+02:00,345,professional,Fachkraft,77,PE 77,station
914,Harkins Silvia,2026-04-14,2,false,77,PE 77,1453,Z,intermediate,2026-04-14T08:30:00+02:00,2026-04-14T14:15:00+02:00,345,assistant,Hilfskraft,77,PE 77,station
921,Keese Jenny,2026-04-14,2,false,77,PE 77,1453,Z,intermediate,2026-04-14T08:30:00+02:00,2026-04-14T14:15:00+02:00,345,professional,Fachkraft,77,PE 77,station
928,Wunderlich Daniele,2026-04-14,2,false,77,PE 77,1453,Z,intermediate,2026-04-14T08:30:00+02:00,2026-04-14T14:15:00+02:00,345,professional,Fachkraft,77,PE 77,station
7028,Cranmer Gretlies,2026-04-14,2,false,77,PE 77,1453,Z,intermediate,2026-04-14T08:30:00+02:00,2026-04-14T14:15:00+02:00,345,professional,Fachkraft,77,PE 77,station
7124,Pirkle Xaver,2026-04-14,2,false,77,PE 77,1453,Z,intermediate,2026-04-14T08:30:00+02:00,2026-04-14T14:15:00+02:00,345,professional,Fachkraft,77,PE 77,station
790,Mccomas Adriane,2026-04-14,2,false,77,PE 77,1605,S,late,2026-04-14T13:15:00+02:00,2026-04-14T21:00:00+02:00,435,assistant,Hilfskraft,77,PE 77,station
927,Mittrach Margaritt,2026-04-14,2,false,77,PE 77,1605,S,late,2026-04-14T13:15:00+02:00,2026-04-14T21:00:00+02:00,435,assistant,Hilfskraft,77,PE 77,station
2932,Devers Kersten,2026-04-14,2,false,77,PE 77,1605,S,late,2026-04-14T13:15:00+02:00,2026-04-14T21:00:00+02:00,435,professional,Fachkraft,77,PE 77,station
3566,Seligman Elgine,2026-04-14,2,false,77,PE 77,1605,S,late,2026-04-14T13:15:00+02:00,2026-04-14T21:00:00+02:00,435,professional,Fachkraft,77,PE 77,station
3868,Vanfleet Eike,2026-04-14,2,false,77,PE 77,1605,S,late,2026-04-14T13:15:00+02:00,2026-04-14T21:00:00+02:00,435,professional,Fachkraft,77,PE 77,station
6995,Brooker Berna,2026-04-14,2,false,77,PE 77,1605,S,late,2026-04-14T13:15:00+02:00,2026-04-14T21:00:00+02:00,435,professional,Fachkraft,77,PE 77,station
7603,Roberson Ludger,2026-04-14,2,false,77,PE 77,1605,S,late,2026-04-14T13:15:00+02:00,2026-04-14T21:00:00+02:00,435,professional,Fachkraft,77,PE 77,station
7378,Boulware Ina,2026-04-14,2,false,77,PE 77,1690,N,night,2026-04-14T20:10:00+02:00,2026-04-15T06:10:00+02:00,555,professional,Fachkraft,77,PE 77,station
7919,Weathers Irma,2026-04-14,2,false,77,PE 77,1690,N,night,2026-04-14T20:10:00+02:00,2026-04-15T06:10:00+02:00,555,professional,Fachkraft,77,PE 77,station
4158,Engel Veronica,2026-04-14,2,false,79,PE 79,1113,F,early,2026-04-14T05:55:00+02:00,2026-04-14T13:25:00+02:00,420,professional,Fachkraft,79,PE 79,station
5318,Poindexter Rhiane,2026-04-14,2,false,79,PE 79,1113,F,early,2026-04-14T05:55:00+02:00,2026-04-14T13:25:00+02:00,420,assistant,Hilfskraft,79,PE 79,station
7132,Maderdonner Reinburga,2026-04-14,2,false,79,PE 79,1113,F,early,2026-04-14T05:55:00+02:00,2026-04-14T13:25:00+02:00,420,professional,Fachkraft,79,PE 79,station
8050,Springer Emil,2026-04-14,2,false,79,PE 79,1113,F,early,2026-04-14T05:55:00+02:00,2026-04-14T13:25:00+02:00,420,professional,Fachkraft,408,PE 408,jumper_pool
818,Wülfroth Luitgart,2026-04-14,2,false,79,PE 79,1453,Z,intermediate,2026-04-14T08:30:00+02:00,2026-04-14T14:15:00+02:00,345,professional,Fachkraft,79,PE 79,station
1138,Kunkel Annehild,2026-04-14,2,false,79,PE 79,1453,Z,intermediate,2026-04-14T08:30:00+02:00,2026-04-14T14:15:00+02:00,345,professional,Fachkraft,79,PE 79,station
1143,Dames Margareth,2026-04-14,2,false,79,PE 79,1453,Z,intermediate,2026-04-14T08:30:00+02:00,2026-04-14T14:15:00+02:00,345,professional,Fachkraft,79,PE 79,station
1150,Domingue Frowine,2026-04-14,2,false,79,PE 79,1453,Z,intermediate,2026-04-14T08:30:00+02:00,2026-04-14T14:15:00+02:00,345,professional,Fachkraft,79,PE 79,station
1226,Allan Diethard,2026-04-14,2,false,79,PE 79,1453,Z,intermediate,2026-04-14T08:30:00+02:00,2026-04-14T14:15:00+02:00,345,professional,Fachkraft,79,PE 79,station
8047,Springer Boris,2026-04-14,2,false,79,PE 79,1453,Z,intermediate,2026-04-14T08:30:00+02:00,2026-04-14T14:15:00+02:00,345,professional,Fachkraft,408,PE 408,jumper_pool
3463,Pock Godelind,2026-04-14,2,false,79,PE 79,1605,S,late,2026-04-14T13:15:00+02:00,2026-04-14T21:00:00+02:00,435,professional,Fachkraft,79,PE 79,station
7131,Mccarley Elrike,2026-04-14,2,false,79,PE 79,1605,S,late,2026-04-14T13:15:00+02:00,2026-04-14T21:00:00+02:00,435,professional,Fachkraft,79,PE 79,station
7207,Roark Aloisia,2026-04-14,2,false,79,PE 79,1605,S,late,2026-04-14T13:15:00+02:00,2026-04-14T21:00:00+02:00,435,professional,Fachkraft,79,PE 79,station
8048,Springer Cem,2026-04-14,2,false,79,PE 79,1605,S,late,2026-04-14T13:15:00+02:00,2026-04-14T21:00:00+02:00,435,professional,Fachkraft,408,PE 408,jumper_pool
4064,Scheuenstuhl Rebecca,2026-04-14,2,false,79,PE 79,1690,N,night,2026-04-14T20:10:00+02:00,2026-04-15T06:10:00+02:00,555,professional,Fachkraft,79,PE 79,station
6330,Grotian Dorle,2026-04-14,2,false,79,PE 79,1690,N,night,2026-04-14T20:10:00+02:00,2026-04-15T06:10:00+02:00,555,professional,Fachkraft,79,PE 79,station
917,Catoe Ingbert,2026-04-15,3,false,77,PE 77,1113,F,early,2026-04-15T05:55:00+02:00,2026-04-15T13:25:00+02:00,420,professional,Fachkraft,77,PE 77,station
2963,Hoots Renilde,2026-04-15,3,false,77,PE 77,1113,F,early,2026-04-15T05:55:00+02:00,2026-04-15T13:25:00+02:00,420,professional,Fachkraft,77,PE 77,station
6727,Lenhart Fred,2026-04-15,3,false,77,PE 77,1113,F,early,2026-04-15T05:55:00+02:00,2026-04-15T13:25:00+02:00,420,professional,Fachkraft,77,PE 77,station
6928,Izzo Annelene,2026-04-15,3,false,77,PE 77,1113,F,early,2026-04-15T05:55:00+02:00,2026-04-15T13:25:00+02:00,420,mfa,MFA,77,PE 77,station
7606,Lenahan Oda,2026-04-15,3,false,77,PE 77,1113,F,early,2026-04-15T05:55:00+02:00,2026-04-15T13:25:00+02:00,420,assistant,Hilfskraft,77,PE 77,station
8051,Springer Farah,2026-04-15,3,false,77,PE 77,1113,F,early,2026-04-15T05:55:00+02:00,2026-04-15T13:25:00+02:00,420,assistant,Hilfskraft,408,PE 408,jumper_pool
8052,Springer Greta,2026-04-15,3,false,77,PE 77,1113,F,early,2026-04-15T05:55:00+02:00,2026-04-15T13:25:00+02:00,420,trainee,Azubi,408,PE 408,jumper_pool
921,Keese Jenny,2026-04-15,3,false,77,PE 77,1453,Z,intermediate,2026-04-15T08:30:00+02:00,2026-04-15T14:15:00+02:00,345,professional,Fachkraft,77,PE 77,station
924,Merriweather Bärbl,2026-04-15,3,false,77,PE 77,1453,Z,intermediate,2026-04-15T08:30:00+02:00,2026-04-15T14:15:00+02:00,345,professional,Fachkraft,77,PE 77,station
927,Mittrach Margaritt,2026-04-15,3,false,77,PE 77,1453,Z,intermediate,2026-04-15T08:30:00+02:00,2026-04-15T14:15:00+02:00,345,assistant,Hilfskraft,77,PE 77,station
7028,Cranmer Gretlies,2026-04-15,3,false,77,PE 77,1453,Z,intermediate,2026-04-15T08:30:00+02:00,2026-04-15T14:15:00+02:00,345,professional,Fachkraft,77,PE 77,station
7496,Demarco Marcus,2026-04-15,3,false,77,PE 77,1453,Z,intermediate,2026-04-15T08:30:00+02:00,2026-04-15T14:15:00+02:00,345,professional,Fachkraft,77,PE 77,station
8047,Springer Boris,2026-04-15,3,false,77,PE 77,1453,Z,intermediate,2026-04-15T08:30:00+02:00,2026-04-15T14:15:00+02:00,345,professional,Fachkraft,408,PE 408,jumper_pool
790,Mccomas Adriane,2026-04-15,3,false,77,PE 77,1605,S,late,2026-04-15T13:15:00+02:00,2026-04-15T21:00:00+02:00,435,assistant,Hilfskraft,77,PE 77,station
1229,Onofre Mandy,2026-04-15,3,false,77,PE 77,1605,S,late,2026-04-15T13:15:00+02:00,2026-04-15T21:00:00+02:00,435,professional,Fachkraft,77,PE 77,station
2932,Devers Kersten,2026-04-15,3,false,77,PE 77,1605,S,late,2026-04-15T13:15:00+02:00,2026-04-15T21:00:00+02:00,435,professional,Fachkraft,77,PE 77,station
3868,Vanfleet Eike,2026-04-15,3,false,77,PE 77,1605,S,late,2026-04-15T13:15:00+02:00,2026-04-15T21:00:00+02:00,435,professional,Fachkraft,77,PE 77,station
5367,Donis Henni,2026-04-15,3,false,77,PE 77,1605,S,late,2026-04-15T13:15:00+02:00,2026-04-15T21:00:00+02:00,435,assistant,Hilfskraft,77,PE 77,station
8048,Springer Cem,2026-04-15,3,false,77,PE 77,1605,S,late,2026-04-15T13:15:00+02:00,2026-04-15T21:00:00+02:00,435,professional,Fachkraft,408,PE 408,jumper_pool
7124,Pirkle Xaver,2026-04-15,3,false,77,PE 77,1690,N,night,2026-04-15T20:10:00+02:00,2026-04-16T06:10:00+02:00,555,professional,Fachkraft,77,PE 77,station
7378,Boulware Ina,2026-04-15,3,false,77,PE 77,1690,N,night,2026-04-15T20:10:00+02:00,2026-04-16T06:10:00+02:00,555,professional,Fachkraft,77,PE 77,station
7919,Weathers Irma,2026-04-15,3,false,77,PE 77,1690,N,night,2026-04-15T20:10:00+02:00,2026-04-16T06:10:00+02:00,555,professional,Fachkraft,77,PE 77,station
5002,Britt Ingerose,2026-04-15,3,false,79,PE 79,1113,F,early,2026-04-15T05:55:00+02:00,2026-04-15T13:25:00+02:00,420,professional,Fachkraft,79,PE 79,station
5318,Poindexter Rhiane,2026-04-15,3,false,79,PE 79,1113,F,early,2026-04-15T05:55:00+02:00,2026-04-15T13:25:00+02:00,420,assistant,Hilfskraft,79,PE 79,station
7132,Maderdonner Reinburga,2026-04-15,3,false,79,PE 79,1113,F,early,2026-04-15T05:55:00+02:00,2026-04-15T13:25:00+02:00,420,professional,Fachkraft,79,PE 79,station
8050,Springer Emil,2026-04-15,3,false,79,PE 79,1113,F,early,2026-04-15T05:55:00+02:00,2026-04-15T13:25:00+02:00,420,professional,Fachkraft,408,PE 408,jumper_pool
818,Wülfroth Luitgart,2026-04-15,3,false,79,PE 79,1453,Z,intermediate,2026-04-15T08:30:00+02:00,2026-04-15T14:15:00+02:00,345,professional,Fachkraft,79,PE 79,station
1138,Kunkel Annehild,2026-04-15,3,false,79,PE 79,1453,Z,intermediate,2026-04-15T08:30:00+02:00,2026-04-15T14:15:00+02:00,345,professional,Fachkraft,79,PE 79,station
4158,Engel Veronica,2026-04-15,3,false,79,PE 79,1453,Z,intermediate,2026-04-15T08:30:00+02:00,2026-04-15T14:15:00+02:00,345,professional,Fachkraft,79,PE 79,station
7207,Roark Aloisia,2026-04-15,3,false,79,PE 79,1453,Z,intermediate,2026-04-15T08:30:00+02:00,2026-04-15T14:15:00+02:00,345,professional,Fachkraft,79,PE 79,station
8049,Springer Dana,2026-04-15,3,false,79,PE 79,1453,Z,intermediate,2026-04-15T08:30:00+02:00,2026-04-15T14:15:00+02:00,345,professional,Fachkraft,408,PE 408,jumper_pool
1143,Dames Margareth,2026-04-15,3,false,79,PE 79,1605,S,late,2026-04-15T13:15:00+02:00,2026-04-15T21:00:00+02:00,435,professional,Fachkraft,79,PE 79,station
3463,Pock Godelind,2026-04-15,3,false,79,PE 79,1605,S,late,2026-04-15T13:15:00+02:00,2026-04-15T21:00:00+02:00,435,professional,Fachkraft,79,PE 79,station
7131,Mccarley Elrike,2026-04-15,3,false,79,PE 79,1605,S,late,2026-04-15T13:15:00+02:00,2026-04-15T21:00:00+02:00,435,professional,Fachkraft,79,PE 79,station
8046,Springer Alina,2026-04-15,3,false,79,PE 79,1605,S,late,2026-04-15T13:15:00+02:00,2026-04-15T21:00:00+02:00,435,professional,Fachkraft,408,PE 408,jumper_pool
1226,Allan Diethard,2026-04-15,3,false,79,PE 79,1690,N,night,2026-04-15T20:10:00+02:00,2026-04-16T06:10:00+02:00,555,professional,Fachkraft,79,PE 79,station
4064,Scheuenstuhl Rebecca,2026-04-15,3,false,79,PE 79,1690,N,night,2026-04-15T20:10:00+02:00,2026-04-16T06:10:00+02:00,555,professional,Fachkraft,79,PE 79,station
6330,Grotian Dorle,2026-04-15,3,false,79,PE 79,1690,N,night,2026-04-15T20:10:00+02:00,2026-04-16T06:10:00+02:00,555,professional,Fachkraft,79,PE 79,station
914,Harkins Silvia,2026-04-16,4,false,77,PE 77,1113,F,early,2026-04-16T05:55:00+02:00,2026-04-16T13:25:00+02:00,420,assistant,Hilfskraft,77,PE 77,station
2963,Hoots Renilde,2026-04-16,4,false,77,PE 77,1113,F,early,2026-04-16T05:55:00+02:00,2026-04-16T13:25:00+02:00,420,professional,Fachkraft,77,PE 77,station
6727,Lenhart Fred,2026-04-16,4,false,77,PE 77,1113,F,early,2026-04-16T05:55:00+02:00,2026-04-16T13:25:00+02:00,420,professional,Fachkraft,77,PE 77,station
6836,Valentino Trude,2026-04-16,4,false,77,PE 77,1113,F,early,2026-04-16T05:55:00+02:00,2026-04-16T13:25:00+02:00,420,professional,Fachkraft,77,PE 77,station
6928,Izzo Annelene,2026-04-16,4,false,77,PE 77,1113,F,early,2026-04-16T05:55:00+02:00,2026-04-16T13:25:00+02:00,420,mfa,MFA,77,PE 77,station
7028,Cranmer Gretlies,2026-04-16,4,false,77,PE 77,1113,F,early,2026-04-16T05:55:00+02:00,2026-04-16T13:25:00+02:00,420,professional,Fachkraft,77,PE 77,station
7606,Lenahan Oda,2026-04-16,4,false,77,PE 77,1113,F,early,2026-04-16T05:55:00+02:00,2026-04-16T13:25:00+02:00,420,assistant,Hilfskraft,77,PE 77,station
8052,Springer Greta,2026-04-16,4,false,77,PE 77,1113,F,early,2026-04-16T05:55:00+02:00,2026-04-16T13:25:00+02:00,420,trainee,Azubi,408,PE 408,jumper_pool
917,Catoe Ingbert,2026-04-16,4,false,77,PE 77,1453,Z,intermediate,2026-04-16T08:30:00+02:00,2026-04-16T14:15:00+02:00,345,professional,Fachkraft,77,PE 77,station
924,Merriweather Bärbl,2026-04-16,4,false,77,PE 77,1453,Z,intermediate,2026-04-16T08:30:00+02:00,2026-04-16T14:15:00+02:00,345,professional,Fachkraft,77,PE 77,station
927,Mittrach Margaritt,2026-04-16,4,false,77,PE 77,1453,Z,intermediate,2026-04-16T08:30:00+02:00,2026-04-16T14:15:00+02:00,345,assistant,Hilfskraft,77,PE 77,station
3868,Vanfleet Eike,2026-04-16,4,false,77,PE 77,1453,Z,intermediate,2026-04-16T08:30:00+02:00,2026-04-16T14:15:00+02:00,345,professional,Fachkraft,77,PE 77,station
7375,Fridam Gangolf,2026-04-16,4,false,77,PE 77,1453,Z,intermediate,2026-04-16T08:30:00+02:00,2026-04-16T14:15:00+02:00,345,professional,Fachkraft,77,PE 77,station
7496,Demarco Marcus,2026-04-16,4,false,77,PE 77,1453,Z,intermediate,2026-04-16T08:30:00+02:00,2026-04-16T14:15:00+02:00,345,professional,Fachkraft,77,PE 77,station
790,Mccomas Adriane,2026-04-16,4,false,77,PE 77,1605,S,late,2026-04-16T13:15:00+02:00,2026-04-16T21:00:00+02:00,435,assistant,Hilfskraft,77,PE 77,station
1229,Onofre Mandy,2026-04-16,4,false,77,PE 77,1605,S,late,2026-04-16T13:15:00+02:00,2026-04-16T21:00:00+02:00,435,professional,Fachkraft,77,PE 77,station
1230,Palacio Constance,2026-04-16,4,false,77,PE 77,1605,S,late,2026-04-16T13:15:00+02:00,2026-04-16T21:00:00+02:00,435,professional,Fachkraft,77,PE 77,station
2932,Devers Kersten,2026-04-16,4,false,77,PE 77,1605,S,late,2026-04-16T13:15:00+02:00,2026-04-16T21:00:00+02:00,435,professional,Fachkraft,77,PE 77,station
3566,Seligman Elgine,2026-04-16,4,false,77,PE 77,1605,S,late,2026-04-16T13:15:00+02:00,2026-04-16T21:00:00+02:00,435,professional,Fachkraft,77,PE 77,station
5367,Donis Henni,2026-04-16,4,false,77,PE 77,1605,S,late,2026-04-16T13:15:00+02:00,2026-04-16T21:00:00+02:00,435,assistant,Hilfskraft,77,PE 77,station
6995,Brooker Berna,2026-04-16,4,false,77,PE 77,1605,S,late,2026-04-16T13:15:00+02:00,2026-04-16T21:00:00+02:00,435,professional,Fachkraft,77,PE 77,station
7603,Roberson Ludger,2026-04-16,4,false,77,PE 77,1605,S,late,2026-04-16T13:15:00+02:00,2026-04-16T21:00:00+02:00,435,professional,Fachkraft,77,PE 77,station
7124,Pirkle Xaver,2026-04-16,4,false,77,PE 77,1690,N,night,2026-04-16T20:10:00+02:00,2026-04-17T06:10:00+02:00,555,professional,Fachkraft,77,PE 77,station
7919,Weathers Irma,2026-04-16,4,false,77,PE 77,1690,N,night,2026-04-16T20:10:00+02:00,2026-04-17T06:10:00+02:00,555,professional,Fachkraft,77,PE 77,station
1138,Kunkel Annehild,2026-04-16,4,false,79,PE 79,1113,F,early,2026-04-16T05:55:00+02:00,2026-04-16T13:25:00+02:00,420,professional,Fachkraft,79,PE 79,station
5002,Britt Ingerose,2026-04-16,4,false,79,PE 79,1113,F,early,2026-04-16T05:55:00+02:00,2026-04-16T13:25:00+02:00,420,professional,Fachkraft,79,PE 79,station
7132,Maderdonner Reinburga,2026-04-16,4,false,79,PE 79,1113,F,early,2026-04-16T05:55:00+02:00,2026-04-16T13:25:00+02:00,420,professional,Fachkraft,79,PE 79,station
8049,Springer Dana,2026-04-16,4,false,79,PE 79,1113,F,early,2026-04-16T05:55:00+02:00,2026-04-16T13:25:00+02:00,420,professional,Fachkraft,408,PE 408,jumper_pool
8050,Springer Emil,2026-04-16,4,false,79,PE 79,1113,F,early,2026-04-16T05:55:00+02:00,2026-04-16T13:25:00+02:00,420,professional,Fachkraft,408,PE 408,jumper_pool
8051,Springer Farah,2026-04-16,4,false,79,PE 79,1113,F,early,2026-04-16T05:55:00+02:00,2026-04-16T13:25:00+02:00,420,assistant,Hilfskraft,408,PE 408,jumper_pool
818,Wülfroth Luitgart,2026-04-16,4,false,79,PE 79,1453,Z,intermediate,2026-04-16T08:30:00+02:00,2026-04-16T14:15:00+02:00,345,professional,Fachkraft,79,PE 79,station
1150,Domingue Frowine,2026-04-16,4,false,79,PE 79,1453,Z,intermediate,2026-04-16T08:30:00+02:00,2026-04-16T14:15:00+02:00,345,professional,Fachkraft,79,PE 79,station
7207,Roark Aloisia,2026-04-16,4,false,79,PE 79,1453,Z,intermediate,2026-04-16T08:30:00+02:00,2026-04-16T14:15:00+02:00,345,professional,Fachkraft,79,PE 79,station
1143,Dames Margareth,2026-04-16,4,false,79,PE 79,1605,S,late,2026-04-16T13:15:00+02:00,2026-04-16T21:00:00+02:00,435,professional,Fachkraft,79,PE 79,station
1161,Varney Anuschka,2026-04-16,4,false,79,PE 79,1605,S,late,2026-04-16T13:15:00+02:00,2026-04-16T21:00:00+02:00,435,professional,Fachkraft,79,PE 79,station
3463,Pock Godelind,2026-04-16,4,false,79,PE 79,1605,S,late,2026-04-16T13:15:00+02:00,2026-04-16T21:00:00+02:00,435,professional,Fachkraft,79,PE 79,station
7131,Mccarley Elrike,2026-04-16,4,false,79,PE 79,1605,S,late,2026-04-16T13:15:00+02:00,2026-04-16T21:00:00+02:00,435,professional,Fachkraft,79,PE 79,station
8046,Springer Alina,2026-04-16,4,false,79,PE 79,1605,S,late,2026-04-16T13:15:00+02:00,2026-04-16T21:00:00+02:00,435,professional,Fachkraft,408,PE 408,jumper_pool
8048,Springer Cem,2026-04-16,4,false,79,PE 79,1605,S,late,2026-04-16T13:15:00+02:00,2026-04-16T21:00:00+02:00,435,professional,Fachkraft,408,PE 408,jumper_pool
1226,Allan Diethard,2026-04-16,4,false,79,PE 79,1690,N,night,2026-04-16T20:10:00+02:00,2026-04-17T06:10:00+02:00,555,professional,Fachkraft,79,PE 79,station
6330,Grotian Dorle,2026-04-16,4,false,79,PE 79,1690,N,night,2026-04-16T20:10:00+02:00,2026-04-17T06:10:00+02:00,555,professional,Fachkraft,79,PE 79,station
8047,Springer Boris,2026-04-16,4,false,79,PE 79,1690,N,night,2026-04-16T20:10:00+02:00,2026-04-17T06:10:00+02:00,555,professional,Fachkraft,408,PE 408,jumper_pool
914,Harkins Silvia,2026-04-17,5,false,77,PE 77,1113,F,early,2026-04-17T05:55:00+02:00,2026-04-17T13:25:00+02:00,420,assistant,Hilfskraft,77,PE 77,station
917,Catoe Ingbert,2026-04-17,5,false,77,PE 77,1113,F,early,2026-04-17T05:55:00+02:00,2026-04-17T13:25:00+02:00,420,professional,Fachkraft,77,PE 77,station
2963,Hoots Renilde,2026-04-17,5,false,77,PE 77,1113,F,early,2026-04-17T05:55:00+02:00,2026-04-17T13:25:00+02:00,420,professional,Fachkraft,77,PE 77,station
6727,Lenhart Fred,2026-04-17,5,false,77,PE 77,1113,F,early,2026-04-17T05:55:00+02:00,2026-04-17T13:25:00+02:00,420,professional,Fachkraft,77,PE 77,station
6928,Izzo Annelene,2026-04-17,5,false,77,PE 77,1113,F,early,2026-04-17T05:55:00+02:00,2026-04-17T13:25:00+02:00,420,mfa,MFA,77,PE 77,station
8051,Springer Farah,2026-04-17,5,false,77,PE 77,1113,F,early,2026-04-17T05:55:00+02:00,2026-04-17T13:25:00+02:00,420,assistant,Hilfskraft,408,PE 408,jumper_pool
8052,Springer Greta,2026-04-17,5,false,77,PE 77,1113,F,early,2026-04-17T05:55:00+02:00,2026-04-17T13:25:00+02:00,420,trainee,Azubi,408,PE 408,jumper_pool
791,Branz Janett,2026-04-17,5,false,77,PE 77,1453,Z,intermediate,2026-04-17T08:30:00+02:00,2026-04-17T14:15:00+02:00,345,professional,Fachkraft,77,PE 77,station
7375,Fridam Gangolf,2026-04-17,5,false,77,PE 77,1453,Z,intermediate,2026-04-17T08:30:00+02:00,2026-04-17T14:15:00+02:00,345,professional,Fachkraft,77,PE 77,station
7496,Demarco Marcus,2026-04-17,5,false,77,PE 77,1453,Z,intermediate,2026-04-17T08:30:00+02:00,2026-04-17T14:15:00+02:00,345,professional,Fachkraft,77,PE 77,station
790,Mccomas Adriane,2026-04-17,5,false,77,PE 77,1605,S,late,2026-04-17T13:15:00+02:00,2026-04-17T21:00:00+02:00,435,assistant,Hilfskraft,77,PE 77,station
1229,Onofre Mandy,2026-04-17,5,false,77,PE 77,1605,S,late,2026-04-17T13:15:00+02:00,2026-04-17T21:00:00+02:00,435,professional,Fachkraft,77,PE 77,station
1230,Palacio Constance,2026-04-17,5,false,77,PE 77,1605,S,late,2026-04-17T13:15:00+02:00,2026-04-17T21:00:00+02:00,435,professional,Fachkraft,77,PE 77,station
2932,Devers Kersten,2026-04-17,5,false,77,PE 77,1605,S,late,2026-04-17T13:15:00+02:00,2026-04-17T21:00:00+02:00,435,professional,Fachkraft,77,PE 77,station
3566,Seligman Elgine,2026-04-17,5,false,77,PE 77,1605,S,late,2026-04-17T13:15:00+02:00,2026-04-17T21:00:00+02:00,435,professional,Fachkraft,77,PE 77,station
3868,Vanfleet Eike,2026-04-17,5,false,77,PE 77,1605,S,late,2026-04-17T13:15:00+02:00,2026-04-17T21:00:00+02:00,435,professional,Fachkraft,77,PE 77,station
5367,Donis Henni,2026-04-17,5,false,77,PE 77,1605,S,late,2026-04-17T13:15:00+02:00,2026-04-17T21:00:00+02:00,435,assistant,Hilfskraft,77,PE 77,station
6836,Valentino Trude,2026-04-17,5,false,77,PE 77,1605,S,late,2026-04-17T13:15:00+02:00,2026-04-17T21:00:00+02:00,435,professional,Fachkraft,77,PE 77,station
7603,Roberson Ludger,2026-04-17,5,false,77,PE 77,1605,S,late,2026-04-17T13:15:00+02:00,2026-04-17T21:00:00+02:00,435,professional,Fachkraft,77,PE 77,station
6995,Brooker Berna,2026-04-17,5,false,77,PE 77,1690,N,night,2026-04-17T20:10:00+02:00,2026-04-18T06:10:00+02:00,555,professional,Fachkraft,77,PE 77,station
7124,Pirkle Xaver,2026-04-17,5,false,77,PE 77,1690,N,night,2026-04-17T20:10:00+02:00,2026-04-18T06:10:00+02:00,555,professional,Fachkraft,77,PE 77,station
5002,Britt Ingerose,2026-04-17,5,false,79,PE 79,1113,F,early,2026-04-17T05:55:00+02:00,2026-04-17T13:25:00+02:00,420,professional,Fachkraft,79,PE 79,station
5318,Poindexter Rhiane,2026-04-17,5,false,79,PE 79,1113,F,early,2026-04-17T05:55:00+02:00,2026-04-17T13:25:00+02:00,420,assistant,Hilfskraft,79,PE 79,station
8049,Springer Dana,2026-04-17,5,false,79,PE 79,1113,F,early,2026-04-17T05:55:00+02:00,2026-04-17T13:25:00+02:00,420,professional,Fachkraft,408,PE 408,jumper_pool
8050,Springer Emil,2026-04-17,5,false,79,PE 79,1113,F,early,2026-04-17T05:55:00+02:00,2026-04-17T13:25:00+02:00,420,professional,Fachkraft,408,PE 408,jumper_pool
818,Wülfroth Luitgart,2026-04-17,5,false,79,PE 79,1453,Z,intermediate,2026-04-17T08:30:00+02:00,2026-04-17T14:15:00+02:00,345,professional,Fachkraft,79,PE 79,station
1138,Kunkel Annehild,2026-04-17,5,false,79,PE 79,1453,Z,intermediate,2026-04-17T08:30:00+02:00,2026-04-17T14:15:00+02:00,345,professional,Fachkraft,79,PE 79,station
1150,Domingue Frowine,2026-04-17,5,false,79,PE 79,1453,Z,intermediate,2026-04-17T08:30:00+02:00,2026-04-17T14:15:00+02:00,345,professional,Fachkraft,79,PE 79,station
1143,Dames Margareth,2026-04-17,5,false,79,PE 79,1605,S,late,2026-04-17T13:15:00+02:00,2026-04-17T21:00:00+02:00,435,professional,Fachkraft,79,PE 79,station
1161,Varney Anuschka,2026-04-17,5,false,79,PE 79,1605,S,late,2026-04-17T13:15:00+02:00,2026-04-17T21:00:00+02:00,435,professional,Fachkraft,79,PE 79,station
7131,Mccarley Elrike,2026-04-17,5,false,79,PE 79,1605,S,late,2026-04-17T13:15:00+02:00,2026-04-17T21:00:00+02:00,435,professional,Fachkraft,79,PE 79,station
8046,Springer Alina,2026-04-17,5,false,79,PE 79,1605,S,late,2026-04-17T13:15:00+02:00,2026-04-17T21:00:00+02:00,435,professional,Fachkraft,408,PE 408,jumper_pool
8048,Springer Cem,2026-04-17,5,false,79,PE 79,1605,S,late,2026-04-17T13:15:00+02:00,2026-04-17T21:00:00+02:00,435,professional,Fachkraft,408,PE 408,jumper_pool
1226,Allan Diethard,2026-04-17,5,false,79,PE 79,1690,N,night,2026-04-17T20:10:00+02:00,2026-04-18T06:10:00+02:00,555,professional,Fachkraft,79,PE 79,station
8047,Springer Boris,2026-04-17,5,false,79,PE 79,1690,N,night,2026-04-17T20:10:00+02:00,2026-04-18T06:10:00+02:00,555,professional,Fachkraft,408,PE 408,jumper_pool
914,Harkins Silvia,2026-04-18,6,false,77,PE 77,1113,F,early,2026-04-18T05:55:00+02:00,2026-04-18T13:25:00+02:00,420,assistant,Hilfskraft,77,PE 77,station
2963,Hoots Renilde,2026-04-18,6,false,77,PE 77,1113,F,early,2026-04-18T05:55:00+02:00,2026-04-18T13:25:00+02:00,420,professional,Fachkraft,77,PE 77,station
6266,Clemmer Natalie,2026-04-18,6,false,77,PE 77,1113,F,early,2026-04-18T05:55:00+02:00,2026-04-18T13:25:00+02:00,420,professional,Fachkraft,77,PE 77,station
7028,Cranmer Gretlies,2026-04-18,6,false,77,PE 77,1113,F,early,2026-04-18T05:55:00+02:00,2026-04-18T13:25:00+02:00,420,professional,Fachkraft,77,PE 77,station
7606,Lenahan Oda,2026-04-18,6,false,77,PE 77,1113,F,early,2026-04-18T05:55:00+02:00,2026-04-18T13:25:00+02:00,420,assistant,Hilfskraft,77,PE 77,station
791,Branz Janett,2026-04-18,6,false,77,PE 77,1453,Z,intermediate,2026-04-18T08:30:00+02:00,2026-04-18T14:15:00+02:00,345,professional,Fachkraft,77,PE 77,station
927,Mittrach Margaritt,2026-04-18,6,false,77,PE 77,1605,S,late,2026-04-18T13:15:00+02:00,2026-04-18T21:00:00+02:00,435,assistant,Hilfskraft,77,PE 77,station
928,Wunderlich Daniele,2026-04-18,6,false,77,PE 77,1605,S,late,2026-04-18T13:15:00+02:00,2026-04-18T21:00:00+02:00,435,professional,Fachkraft,77,PE 77,station
3566,Seligman Elgine,2026-04-18,6,false,77,PE 77,1605,S,late,2026-04-18T13:15:00+02:00,2026-04-18T21:00:00+02:00,435,professional,Fachkraft,77,PE 77,station
6836,Valentino Trude,2026-04-18,6,false,77,PE 77,1605,S,late,2026-04-18T13:15:00+02:00,2026-04-18T21:00:00+02:00,435,professional,Fachkraft,77,PE 77,station
6995,Brooker Berna,2026-04-18,6,false,77,PE 77,1690,N,night,2026-04-18T20:10:00+02:00,2026-04-19T06:10:00+02:00,555,professional,Fachkraft,77,PE 77,station
7378,Boulware Ina,2026-04-18,6,false,77,PE 77,1690,N,night,2026-04-18T20:10:00+02:00,2026-04-19T06:10:00+02:00,555,professional,Fachkraft,77,PE 77,station
5318,Poindexter Rhiane,2026-04-18,6,false,79,PE 79,1113,F,early,2026-04-18T05:55:00+02:00,2026-04-18T13:25:00+02:00,420,assistant,Hilfskraft,79,PE 79,station
7132,Maderdonner Reinburga,2026-04-18,6,false,79,PE 79,1113,F,early,2026-04-18T05:55:00+02:00,2026-04-18T13:25:00+02:00,420,professional,Fachkraft,79,PE 79,station
8049,Springer Dana,2026-04-18,6,false,79,PE 79,1113,F,early,2026-04-18T05:55:00+02:00,2026-04-18T13:25:00+02:00,420,professional,Fachkraft,408,PE 408,jumper_pool
4064,Scheuenstuhl Rebecca,2026-04-18,6,false,79,PE 79,1453,Z,intermediate,2026-04-18T08:30:00+02:00,2026-04-18T14:15:00+02:00,345,professional,Fachkraft,79,PE 79,station
1161,Varney Anuschka,2026-04-18,6,false,79,PE 79,1605,S,late,2026-04-18T13:15:00+02:00,2026-04-18T21:00:00+02:00,435,professional,Fachkraft,79,PE 79,station
3463,Pock Godelind,2026-04-18,6,false,79,PE 79,1605,S,late,2026-04-18T13:15:00+02:00,2026-04-18T21:00:00+02:00,435,professional,Fachkraft,79,PE 79,station
7207,Roark Aloisia,2026-04-18,6,false,79,PE 79,1690,N,night,2026-04-18T20:10:00+02:00,2026-04-19T06:10:00+02:00,555,professional,Fachkraft,79,PE 79,station
8047,Springer Boris,2026-04-18,6,false,79,PE 79,1690,N,night,2026-04-18T20:10:00+02:00,2026-04-19T06:10:00+02:00,555,professional,Fachkraft,408,PE 408,jumper_pool
914,Harkins Silvia,2026-04-19,7,false,77,PE 77,1113,F,early,2026-04-19T05:55:00+02:00,2026-04-19T13:25:00+02:00,420,assistant,Hilfskraft,77,PE 77,station
2963,Hoots Renilde,2026-04-19,7,false,77,PE 77,1113,F,early,2026-04-19T05:55:00+02:00,2026-04-19T13:25:00+02:00,420,professional,Fachkraft,77,PE 77,station
6266,Clemmer Natalie,2026-04-19,7,false,77,PE 77,1113,F,early,2026-04-19T05:55:00+02:00,2026-04-19T13:25:00+02:00,420,professional,Fachkraft,77,PE 77,station
7028,Cranmer Gretlies,2026-04-19,7,false,77,PE 77,1113,F,early,2026-04-19T05:55:00+02:00,2026-04-19T13:25:00+02:00,420,professional,Fachkraft,77,PE 77,station
7606,Lenahan Oda,2026-04-19,7,false,77,PE 77,1113,F,early,2026-04-19T05:55:00+02:00,2026-04-19T13:25:00+02:00,420,assistant,Hilfskraft,77,PE 77,station
927,Mittrach Margaritt,2026-04-19,7,false,77,PE 77,1605,S,late,2026-04-19T13:15:00+02:00,2026-04-19T21:00:00+02:00,435,assistant,Hilfskraft,77,PE 77,station
928,Wunderlich Daniele,2026-04-19,7,false,77,PE 77,1605,S,late,2026-04-19T13:15:00+02:00,2026-04-19T21:00:00+02:00,435,professional,Fachkraft,77,PE 77,station
3566,Seligman Elgine,2026-04-19,7,false,77,PE 77,1605,S,late,2026-04-19T13:15:00+02:00,2026-04-19T21:00:00+02:00,435,professional,Fachkraft,77,PE 77,station
6836,Valentino Trude,2026-04-19,7,false,77,PE 77,1605,S,late,2026-04-19T13:15:00+02:00,2026-04-19T21:00:00+02:00,435,professional,Fachkraft,77,PE 77,station
6995,Brooker Berna,2026-04-19,7,false,77,PE 77,1690,N,night,2026-04-19T20:10:00+02:00,2026-04-20T06:10:00+02:00,555,professional,Fachkraft,77,PE 77,station
7378,Boulware Ina,2026-04-19,7,false,77,PE 77,1690,N,night,2026-04-19T20:10:00+02:00,2026-04-20T06:10:00+02:00,555,professional,Fachkraft,77,PE 77,station
5318,Poindexter Rhiane,2026-04-19,7,false,79,PE 79,1113,F,early,2026-04-19T05:55:00+02:00,2026-04-19T13:25:00+02:00,420,assistant,Hilfskraft,79,PE 79,station
7132,Maderdonner Reinburga,2026-04-19,7,false,79,PE 79,1113,F,early,2026-04-19T05:55:00+02:00,2026-04-19T13:25:00+02:00,420,professional,Fachkraft,79,PE 79,station
8050,Springer Emil,2026-04-19,7,false,79,PE 79,1113,F,early,2026-04-19T05:55:00+02:00,2026-04-19T13:25:00+02:00,420,professional,Fachkraft,408,PE 408,jumper_pool
4064,Scheuenstuhl Rebecca,2026-04-19,7,false,79,PE 79,1453,Z,intermediate,2026-04-19T08:30:00+02:00,2026-04-19T14:15:00+02:00,345,professional,Fachkraft,79,PE 79,station
1161,Varney Anuschka,2026-04-19,7,false,79,PE 79,1605,S,late,2026-04-19T13:15:00+02:00,2026-04-19T21:00:00+02:00,435,professional,Fachkraft,79,PE 79,station
3463,Pock Godelind,2026-04-19,7,false,79,PE 79,1605,S,late,2026-04-19T13:15:00+02:00,2026-04-19T21:00:00+02:00,435,professional,Fachkraft,79,PE 79,station
7207,Roark Aloisia,2026-04-19,7,false,79,PE 79,1690,N,night,2026-04-19T20:10:00+02:00,2026-04-20T06:10:00+02:00,555,professional,Fachkraft,79,PE 79,station
8049,Springer Dana,2026-04-19,7,false,79,PE 79,1690,N,night,2026-04-19T20:10:00+02:00,2026-04-20T06:10:00+02:00,555,professional,Fachkraft,408,PE 408,jumper_pool
790,Mccomas Adriane,2026-04-20,1,false,77,PE 77,1113,F,early,2026-04-20T05:55:00+02:00,2026-04-20T13:25:00+02:00,420,assistant,Hilfskraft,77,PE 77,station
917,Catoe Ingbert,2026-04-20,1,false,77,PE 77,1113,F,early,2026-04-20T05:55:00+02:00,2026-04-20T13:25:00+02:00,420,professional,Fachkraft,77,PE 77,station
1229,Onofre Mandy,2026-04-20,1,false,77,PE 77,1113,F,early,2026-04-20T05:55:00+02:00,2026-04-20T13:25:00+02:00,420,professional,Fachkraft,77,PE 77,station
6928,Izzo Annelene,2026-04-20,1,false,77,PE 77,1113,F,early,2026-04-20T05:55:00+02:00,2026-04-20T13:25:00+02:00,420,mfa,MFA,77,PE 77,station
7496,Demarco Marcus,2026-04-20,1,false,77,PE 77,1113,F,early,2026-04-20T05:55:00+02:00,2026-04-20T13:25:00+02:00,420,professional,Fachkraft,77,PE 77,station
7660,Rast Agatha,2026-04-20,1,false,77,PE 77,1113,F,early,2026-04-20T05:55:00+02:00,2026-04-20T13:25:00+02:00,420,assistant,Hilfskraft,77,PE 77,station
8051,Springer Farah,2026-04-20,1,false,77,PE 77,1113,F,early,2026-04-20T05:55:00+02:00,2026-04-20T13:25:00+02:00,420,assistant,Hilfskraft,408,PE 408,jumper_pool
8052,Springer Greta,2026-04-20,1,false,77,PE 77,1113,F,early,2026-04-20T05:55:00+02:00,2026-04-20T13:25:00+02:00,420,trainee,Azubi,408,PE 408,jumper_pool
791,Branz Janett,2026-04-20,1,false,77,PE 77,1453,Z,intermediate,2026-04-20T08:30:00+02:00,2026-04-20T14:15:00+02:00,345,professional,Fachkraft,77,PE 77,station
921,Keese Jenny,2026-04-20,1,false,77,PE 77,1453,Z,intermediate,2026-04-20T08:30:00+02:00,2026-04-20T14:15:00+02:00,345,professional,Fachkraft,77,PE 77,station
928,Wunderlich Daniele,2026-04-20,1,false,77,PE 77,1453,Z,intermediate,2026-04-20T08:30:00+02:00,2026-04-20T14:15:00+02:00,345,professional,Fachkraft,77,PE 77,station
3868,Vanfleet Eike,2026-04-20,1,false,77,PE 77,1453,Z,intermediate,2026-04-20T08:30:00+02:00,2026-04-20T14:15:00+02:00,345,professional,Fachkraft,77,PE 77,station
6266,Clemmer Natalie,2026-04-20,1,false,77,PE 77,1453,Z,intermediate,2026-04-20T08:30:00+02:00,2026-04-20T14:15:00+02:00,345,professional,Fachkraft,77,PE 77,station
7124,Pirkle Xaver,2026-04-20,1,false,77,PE 77,1453,Z,intermediate,2026-04-20T08:30:00+02:00,2026-04-20T14:15:00+02:00,345,professional,Fachkraft,77,PE 77,station
7919,Weathers Irma,2026-04-20,1,false,77,PE 77,1453,Z,intermediate,2026-04-20T08:30:00+02:00,2026-04-20T14:15:00+02:00,345,professional,Fachkraft,77,PE 77,station
927,Mittrach Margaritt,2026-04-20,1,false,77,PE 77,1605,S,late,2026-04-20T13:15:00+02:00,2026-04-20T21:00:00+02:00,435,assistant,Hilfskraft,77,PE 77,station
1230,Palacio Constance,2026-04-20,1,false,77,PE 77,1605,S,late,2026-04-20T13:15:00+02:00,2026-04-20T21:00:00+02:00,435,professional,Fachkraft,77,PE 77,station
3566,Seligman Elgine,2026-04-20,1,false,77,PE 77,1605,S,late,2026-04-20T13:15:00+02:00,2026-04-20T21:00:00+02:00,435,professional,Fachkraft,77,PE 77,station
5367,Donis Henni,2026-04-20,1,false,77,PE 77,1605,S,late,2026-04-20T13:15:00+02:00,2026-04-20T21:00:00+02:00,435,assistant,Hilfskraft,77,PE 77,station
6836,Valentino Trude,2026-04-20,1,false,77,PE 77,1605,S,late,2026-04-20T13:15:00+02:00,2026-04-20T21:00:00+02:00,435,professional,Fachkraft,77,PE 77,station
7028,Cranmer Gretlies,2026-04-20,1,false,77,PE 77,1605,S,late,2026-04-20T13:15:00+02:00,2026-04-20T21:00:00+02:00,435,professional,Fachkraft,77,PE 77,station
7603,Roberson Ludger,2026-04-20,1,false,77,PE 77,1605,S,late,2026-04-20T13:15:00+02:00,2026-04-20T21:00:00+02:00,435,professional,Fachkraft,77,PE 77,station
7375,Fridam Gangolf,2026-04-20,1,false,77,PE 77,1690,N,night,2026-04-20T20:10:00+02:00,2026-04-21T06:10:00+02:00,555,professional,Fachkraft,77,PE 77,station
7378,Boulware Ina,2026-04-20,1,false,77,PE 77,1690,N,night,2026-04-20T20:10:00+02:00,2026-04-21T06:10:00+02:00,555,professional,Fachkraft,77,PE 77,station
4158,Engel Veronica,2026-04-20,1,false,79,PE 79,1113,F,early,2026-04-20T05:55:00+02:00,2026-04-20T13:25:00+02:00,420,professional,Fachkraft,79,PE 79,station
5002,Britt Ingerose,2026-04-20,1,false,79,PE 79,1113,F,early,2026-04-20T05:55:00+02:00,2026-04-20T13:25:00+02:00,420,professional,Fachkraft,79,PE 79,station
5318,Poindexter Rhiane,2026-04-20,1,false,79,PE 79,1113,F,early,2026-04-20T05:55:00+02:00,2026-04-20T13:25:00+02:00,420,assistant,Hilfskraft,79,PE 79,station
8050,Springer Emil,2026-04-20,1,false,79,PE 79,1113,F,early,2026-04-20T05:55:00+02:00,2026-04-20T13:25:00+02:00,420,professional,Fachkraft,408,PE 408,jumper_pool
1143,Dames Margareth,2026-04-20,1,false,79,PE 79,1453,Z,intermediate,2026-04-20T08:30:00+02:00,2026-04-20T14:15:00+02:00,345,professional,Fachkraft,79,PE 79,station
1226,Allan Diethard,2026-04-20,1,false,79,PE 79,1453,Z,intermediate,2026-04-20T08:30:00+02:00,2026-04-20T14:15:00+02:00,345,professional,Fachkraft,79,PE 79,station
3463,Pock Godelind,2026-04-20,1,false,79,PE 79,1605,S,late,2026-04-20T13:15:00+02:00,2026-04-20T21:00:00+02:00,435,professional,Fachkraft,79,PE 79,station
7131,Mccarley Elrike,2026-04-20,1,false,79,PE 79,1605,S,late,2026-04-20T13:15:00+02:00,2026-04-20T21:00:00+02:00,435,professional,Fachkraft,79,PE 79,station
8046,Springer Alina,2026-04-20,1,false,79,PE 79,1605,S,late,2026-04-20T13:15:00+02:00,2026-04-20T21:00:00+02:00,435,professional,Fachkraft,408,PE 408,jumper_pool
8048,Springer Cem,2026-04-20,1,false,79,PE 79,1605,S,late,2026-04-20T13:15:00+02:00,2026-04-20T21:00:00+02:00,435,professional,Fachkraft,408,PE 408,jumper_pool
4064,Scheuenstuhl Rebecca,2026-04-20,1,false,79,PE 79,1690,N,night,2026-04-20T20:10:00+02:00,2026-04-21T06:10:00+02:00,555,professional,Fachkraft,79,PE 79,station
6330,Grotian Dorle,2026-04-20,1,false,79,PE 79,1690,N,night,2026-04-20T20:10:00+02:00,2026-04-21T06:10:00+02:00,555,professional,Fachkraft,79,PE 79,station
790,Mccomas Adriane,2026-04-21,2,false,77,PE 77,1113,F,early,2026-04-21T05:55:00+02:00,2026-04-21T13:25:00+02:00,420,assistant,Hilfskraft,77,PE 77,station
1229,Onofre Mandy,2026-04-21,2,false,77,PE 77,1113,F,early,2026-04-21T05:55:00+02:00,2026-04-21T13:25:00+02:00,420,professional,Fachkraft,77,PE 77,station
2963,Hoots Renilde,2026-04-21,2,false,77,PE 77,1113,F,early,2026-04-21T05:55:00+02:00,2026-04-21T13:25:00+02:00,420,professional,Fachkraft,77,PE 77,station
6928,Izzo Annelene,2026-04-21,2,false,77,PE 77,1113,F,early,2026-04-21T05:55:00+02:00,2026-04-21T13:25:00+02:00,420,mfa,MFA,77,PE 77,station
7496,Demarco Marcus,2026-04-21,2,false,77,PE 77,1113,F,early,2026-04-21T05:55:00+02:00,2026-04-21T13:25:00+02:00,420,professional,Fachkraft,77,PE 77,station
7660,Rast Agatha,2026-04-21,2,false,77,PE 77,1113,F,early,2026-04-21T05:55:00+02:00,2026-04-21T13:25:00+02:00,420,assistant,Hilfskraft,77,PE 77,station
8052,Springer Greta,2026-04-21,2,false,77,PE 77,1113,F,early,2026-04-21T05:55:00+02:00,2026-04-21T13:25:00+02:00,420,trainee,Azubi,408,PE 408,jumper_pool
791,Branz Janett,2026-04-21,2,false,77,PE 77,1453,Z,intermediate,2026-04-21T08:30:00+02:00,2026-04-21T14:15:00+02:00,345,professional,Fachkraft,77,PE 77,station
914,Harkins Silvia,2026-04-21,2,false,77,PE 77,1453,Z,intermediate,2026-04-21T08:30:00+02:00,2026-04-21T14:15:00+02:00,345,assistant,Hilfskraft,77,PE 77,station
917,Catoe Ingbert,2026-04-21,2,false,77,PE 77,1453,Z,intermediate,2026-04-21T08:30:00+02:00,2026-04-21T14:15:00+02:00,345,professional,Fachkraft,77,PE 77,station
921,Keese Jenny,2026-04-21,2,false,77,PE 77,1453,Z,intermediate,2026-04-21T08:30:00+02:00,2026-04-21T14:15:00+02:00,345,professional,Fachkraft,77,PE 77,station
3868,Vanfleet Eike,2026-04-21,2,false,77,PE 77,1453,Z,intermediate,2026-04-21T08:30:00+02:00,2026-04-21T14:15:00+02:00,345,professional,Fachkraft,77,PE 77,station
7028,Cranmer Gretlies,2026-04-21,2,false,77,PE 77,1453,Z,intermediate,2026-04-21T08:30:00+02:00,2026-04-21T14:15:00+02:00,345,professional,Fachkraft,77,PE 77,station
7919,Weathers Irma,2026-04-21,2,false,77,PE 77,1453,Z,intermediate,2026-04-21T08:30:00+02:00,2026-04-21T14:15:00+02:00,345,professional,Fachkraft,77,PE 77,station
927,Mittrach Margaritt,2026-04-21,2,false,77,PE 77,1605,S,late,2026-04-21T13:15:00+02:00,2026-04-21T21:00:00+02:00,435,assistant,Hilfskraft,77,PE 77,station
1230,Palacio Constance,2026-04-21,2,false,77,PE 77,1605,S,late,2026-04-21T13:15:00+02:00,2026-04-21T21:00:00+02:00,435,professional,Fachkraft,77,PE 77,station
2932,Devers Kersten,2026-04-21,2,false,77,PE 77,1605,S,late,2026-04-21T13:15:00+02:00,2026-04-21T21:00:00+02:00,435,professional,Fachkraft,77,PE 77,station
5367,Donis Henni,2026-04-21,2,false,77,PE 77,1605,S,late,2026-04-21T13:15:00+02:00,2026-04-21T21:00:00+02:00,435,assistant,Hilfskraft,77,PE 77,station
6266,Clemmer Natalie,2026-04-21,2,false,77,PE 77,1605,S,late,2026-04-21T13:15:00+02:00,2026-04-21T21:00:00+02:00,435,professional,Fachkraft,77,PE 77,station
7603,Roberson Ludger,2026-04-21,2,false,77,PE 77,1605,S,late,2026-04-21T13:15:00+02:00,2026-04-21T21:00:00+02:00,435,professional,Fachkraft,77,PE 77,station
8048,Springer Cem,2026-04-21,2,false,77,PE 77,1605,S,late,2026-04-21T13:15:00+02:00,2026-04-21T21:00:00+02:00,435,professional,Fachkraft,408,PE 408,jumper_pool
7124,Pirkle Xaver,2026-04-21,2,false,77,PE 77,1690,N,night,2026-04-21T20:10:00+02:00,2026-04-22T06:10:00+02:00,555,professional,Fachkraft,77,PE 77,station
7375,Fridam Gangolf,2026-04-21,2,false,77,PE 77,1690,N,night,2026-04-21T20:10:00+02:00,2026-04-22T06:10:00+02:00,555,professional,Fachkraft,77,PE 77,station
4158,Engel Veronica,2026-04-21,2,false,79,PE 79,1113,F,early,2026-04-21T05:55:00+02:00,2026-04-21T13:25:00+02:00,420,professional,Fachkraft,79,PE 79,station
7132,Maderdonner Reinburga,2026-04-21,2,false,79,PE 79,1113,F,early,2026-04-21T05:55:00+02:00,2026-04-21T13:25:00+02:00,420,professional,Fachkraft,79,PE 79,station
8050,Springer Emil,2026-04-21,2,false,79,PE 79,1113,F,early,2026-04-21T05:55:00+02:00,2026-04-21T13:25:00+02:00,420,professional,Fachkraft,408,PE 408,jumper_pool
8051,Springer Farah,2026-04-21,2,false,79,PE 79,1113,F,early,2026-04-21T05:55:00+02:00,2026-04-21T13:25:00+02:00,420,assistant,Hilfskraft,408,PE 408,jumper_pool
8046,Springer Alina,2026-04-21,2,false,79,PE 79,1453,Z,intermediate,2026-04-21T08:30:00+02:00,2026-04-21T14:15:00+02:00,345,professional,Fachkraft,408,PE 408,jumper_pool
8047,Springer Boris,2026-04-21,2,false,79,PE 79,1453,Z,intermediate,2026-04-21T08:30:00+02:00,2026-04-21T14:15:00+02:00,345,professional,Fachkraft,408,PE 408,jumper_pool
844,Greenman Elia,2026-04-21,2,false,79,PE 79,1605,S,late,2026-04-21T13:15:00+02:00,2026-04-21T21:00:00+02:00,435,professional,Fachkraft,79,PE 79,station
1143,Dames Margareth,2026-04-21,2,false,79,PE 79,1605,S,late,2026-04-21T13:15:00+02:00,2026-04-21T21:00:00+02:00,435,professional,Fachkraft,79,PE 79,station
1161,Varney Anuschka,2026-04-21,2,false,79,PE 79,1605,S,late,2026-04-21T13:15:00+02:00,2026-04-21T21:00:00+02:00,435,professional,Fachkraft,79,PE 79,station
3463,Pock Godelind,2026-04-21,2,false,79,PE 79,1605,S,late,2026-04-21T13:15:00+02:00,2026-04-21T21:00:00+02:00,435,professional,Fachkraft,79,PE 79,station
5002,Britt Ingerose,2026-04-21,2,false,79,PE 79,1605,S,late,2026-04-21T13:15:00+02:00,2026-04-21T21:00:00+02:00,435,professional,Fachkraft,79,PE 79,station
7131,Mccarley Elrike,2026-04-21,2,false,79,PE 79,1605,S,late,2026-04-21T13:15:00+02:00,2026-04-21T21:00:00+02:00,435,professional,Fachkraft,79,PE 79,station
1226,Allan Diethard,2026-04-21,2,false,79,PE 79,1690,N,night,2026-04-21T20:10:00+02:00,2026-04-22T06:10:00+02:00,555,professional,Fachkraft,79,PE 79,station
4064,Scheuenstuhl Rebecca,2026-04-21,2,false,79,PE 79,1690,N,night,2026-04-21T20:10:00+02:00,2026-04-22T06:10:00+02:00,555,professional,Fachkraft,79,PE 79,station
6330,Grotian Dorle,2026-04-21,2,false,79,PE 79,1690,N,night,2026-04-21T20:10:00+02:00,2026-04-22T06:10:00+02:00,555,professional,Fachkraft,79,PE 79,station
914,Harkins Silvia,2026-04-22,3,false,77,PE 77,1113,F,early,2026-04-22T05:55:00+02:00,2026-04-22T13:25:00+02:00,420,assistant,Hilfskraft,77,PE 77,station
1229,Onofre Mandy,2026-04-22,3,false,77,PE 77,1113,F,early,2026-04-22T05:55:00+02:00,2026-04-22T13:25:00+02:00,420,professional,Fachkraft,77,PE 77,station
2963,Hoots Renilde,2026-04-22,3,false,77,PE 77,1113,F,early,2026-04-22T05:55:00+02:00,2026-04-22T13:25:00+02:00,420,professional,Fachkraft,77,PE 77,station
6928,Izzo Annelene,2026-04-22,3,false,77,PE 77,1113,F,early,2026-04-22T05:55:00+02:00,2026-04-22T13:25:00+02:00,420,mfa,MFA,77,PE 77,station
7496,Demarco Marcus,2026-04-22,3,false,77,PE 77,1113,F,early,2026-04-22T05:55:00+02:00,2026-04-22T13:25:00+02:00,420,professional,Fachkraft,77,PE 77,station
8051,Springer Farah,2026-04-22,3,false,77,PE 77,1113,F,early,2026-04-22T05:55:00+02:00,2026-04-22T13:25:00+02:00,420,assistant,Hilfskraft,408,PE 408,jumper_pool
8052,Springer Greta,2026-04-22,3,false,77,PE 77,1113,F,early,2026-04-22T05:55:00+02:00,2026-04-22T13:25:00+02:00,420,trainee,Azubi,408,PE 408,jumper_pool
791,Branz Janett,2026-04-22,3,false,77,PE 77,1453,Z,intermediate,2026-04-22T08:30:00+02:00,2026-04-22T14:15:00+02:00,345,professional,Fachkraft,77,PE 77,station
921,Keese Jenny,2026-04-22,3,false,77,PE 77,1453,Z,intermediate,2026-04-22T08:30:00+02:00,2026-04-22T14:15:00+02:00,345,professional,Fachkraft,77,PE 77,station
1230,Palacio Constance,2026-04-22,3,false,77,PE 77,1605,S,late,2026-04-22T13:15:00+02:00,2026-04-22T21:00:00+02:00,435,professional,Fachkraft,77,PE 77,station
2932,Devers Kersten,2026-04-22,3,false,77,PE 77,1605,S,late,2026-04-22T13:15:00+02:00,2026-04-22T21:00:00+02:00,435,professional,Fachkraft,77,PE 77,station
3566,Seligman Elgine,2026-04-22,3,false,77,PE 77,1605,S,late,2026-04-22T13:15:00+02:00,2026-04-22T21:00:00+02:00,435,professional,Fachkraft,77,PE 77,station
3868,Vanfleet Eike,2026-04-22,3,false,77,PE 77,1605,S,late,2026-04-22T13:15:00+02:00,2026-04-22T21:00:00+02:00,435,professional,Fachkraft,77,PE 77,station
5367,Donis Henni,2026-04-22,3,false,77,PE 77,1605,S,late,2026-04-22T13:15:00+02:00,2026-04-22T21:00:00+02:00,435,assistant,Hilfskraft,77,PE 77,station
6836,Valentino Trude,2026-04-22,3,false,77,PE 77,1605,S,late,2026-04-22T13:15:00+02:00,2026-04-22T21:00:00+02:00,435,professional,Fachkraft,77,PE 77,station
7028,Cranmer Gretlies,2026-04-22,3,false,77,PE 77,1605,S,late,2026-04-22T13:15:00+02:00,2026-04-22T21:00:00+02:00,435,professional,Fachkraft,77,PE 77,station
7603,Roberson Ludger,2026-04-22,3,false,77,PE 77,1605,S,late,2026-04-22T13:15:00+02:00,2026-04-22T21:00:00+02:00,435,professional,Fachkraft,77,PE 77,station
7606,Lenahan Oda,2026-04-22,3,false,77,PE 77,1605,S,late,2026-04-22T13:15:00+02:00,2026-04-22T21:00:00+02:00,435,assistant,Hilfskraft,77,PE 77,station
7919,Weathers Irma,2026-04-22,3,false,77,PE 77,1605,S,late,2026-04-22T13:15:00+02:00,2026-04-22T21:00:00+02:00,435,professional,Fachkraft,77,PE 77,station
6995,Brooker Berna,2026-04-22,3,false,77,PE 77,1690,N,night,2026-04-22T20:10:00+02:00,2026-04-23T06:10:00+02:00,555,professional,Fachkraft,77,PE 77,station
7124,Pirkle Xaver,2026-04-22,3,false,77,PE 77,1690,N,night,2026-04-22T20:10:00+02:00,2026-04-23T06:10:00+02:00,555,professional,Fachkraft,77,PE 77,station
7375,Fridam Gangolf,2026-04-22,3,false,77,PE 77,1690,N,night,2026-04-22T20:10:00+02:00,2026-04-23T06:10:00+02:00,555,professional,Fachkraft,77,PE 77,station
818,Wülfroth Luitgart,2026-04-22,3,false,79,PE 79,1113,F,early,2026-04-22T05:55:00+02:00,2026-04-22T13:25:00+02:00,420,professional,Fachkraft,79,PE 79,station
5318,Poindexter Rhiane,2026-04-22,3,false,79,PE 79,1113,F,early,2026-04-22T05:55:00+02:00,2026-04-22T13:25:00+02:00,420,assistant,Hilfskraft,79,PE 79,station
7132,Maderdonner Reinburga,2026-04-22,3,false,79,PE 79,1113,F,early,2026-04-22T05:55:00+02:00,2026-04-22T13:25:00+02:00,420,professional,Fachkraft,79,PE 79,station
8050,Springer Emil,2026-04-22,3,false,79,PE 79,1113,F,early,2026-04-22T05:55:00+02:00,2026-04-22T13:25:00+02:00,420,professional,Fachkraft,408,PE 408,jumper_pool
844,Greenman Elia,2026-04-22,3,false,79,PE 79,1453,Z,intermediate,2026-04-22T08:30:00+02:00,2026-04-22T14:15:00+02:00,345,professional,Fachkraft,79,PE 79,station
1143,Dames Margareth,2026-04-22,3,false,79,PE 79,1453,Z,intermediate,2026-04-22T08:30:00+02:00,2026-04-22T14:15:00+02:00,345,professional,Fachkraft,79,PE 79,station
4158,Engel Veronica,2026-04-22,3,false,79,PE 79,1453,Z,intermediate,2026-04-22T08:30:00+02:00,2026-04-22T14:15:00+02:00,345,professional,Fachkraft,79,PE 79,station
7207,Roark Aloisia,2026-04-22,3,false,79,PE 79,1453,Z,intermediate,2026-04-22T08:30:00+02:00,2026-04-22T14:15:00+02:00,345,professional,Fachkraft,79,PE 79,station
8047,Springer Boris,2026-04-22,3,false,79,PE 79,1453,Z,intermediate,2026-04-22T08:30:00+02:00,2026-04-22T14:15:00+02:00,345,professional,Fachkraft,408,PE 408,jumper_pool
8049,Springer Dana,2026-04-22,3,false,79,PE 79,1453,Z,intermediate,2026-04-22T08:30:00+02:00,2026-04-22T14:15:00+02:00,345,professional,Fachkraft,408,PE 408,jumper_pool
1161,Varney Anuschka,2026-04-22,3,false,79,PE 79,1605,S,late,2026-04-22T13:15:00+02:00,2026-04-22T21:00:00+02:00,435,professional,Fachkraft,79,PE 79,station
5002,Britt Ingerose,2026-04-22,3,false,79,PE 79,1605,S,late,2026-04-22T13:15:00+02:00,2026-04-22T21:00:00+02:00,435,professional,Fachkraft,79,PE 79,station
7131,Mccarley Elrike,2026-04-22,3,false,79,PE 79,1605,S,late,2026-04-22T13:15:00+02:00,2026-04-22T21:00:00+02:00,435,professional,Fachkraft,79,PE 79,station
8048,Springer Cem,2026-04-22,3,false,79,PE 79,1605,S,late,2026-04-22T13:15:00+02:00,2026-04-22T21:00:00+02:00,435,professional,Fachkraft,408,PE 408,jumper_pool
1226,Allan Diethard,2026-04-22,3,false,79,PE 79,1690,N,night,2026-04-22T20:10:00+02:00,2026-04-23T06:10:00+02:00,555,professional,Fachkraft,79,PE 79,station
4064,Scheuenstuhl Rebecca,2026-04-22,3,false,79,PE 79,1690,N,night,2026-04-22T20:10:00+02:00,2026-04-23T06:10:00+02:00,555,professional,Fachkraft,79,PE 79,station
790,Mccomas Adriane,2026-04-23,4,false,77,PE 77,1113,F,early,2026-04-23T05:55:00+02:00,2026-04-23T13:25:00+02:00,420,assistant,Hilfskraft,77,PE 77,station
917,Catoe Ingbert,2026-04-23,4,false,77,PE 77,1113,F,early,2026-04-23T05:55:00+02:00,2026-04-23T13:25:00+02:00,420,professional,Fachkraft,77,PE 77,station
1229,Onofre Mandy,2026-04-23,4,false,77,PE 77,1113,F,early,2026-04-23T05:55:00+02:00,2026-04-23T13:25:00+02:00,420,professional,Fachkraft,77,PE 77,station
2963,Hoots Renilde,2026-04-23,4,false,77,PE 77,1113,F,early,2026-04-23T05:55:00+02:00,2026-04-23T13:25:00+02:00,420,professional,Fachkraft,77,PE 77,station
6928,Izzo Annelene,2026-04-23,4,false,77,PE 77,1113,F,early,2026-04-23T05:55:00+02:00,2026-04-23T13:25:00+02:00,420,mfa,MFA,77,PE 77,station
7496,Demarco Marcus,2026-04-23,4,false,77,PE 77,1113,F,early,2026-04-23T05:55:00+02:00,2026-04-23T13:25:00+02:00,420,professional,Fachkraft,77,PE 77,station
8051,Springer Farah,2026-04-23,4,false,77,PE 77,1113,F,early,2026-04-23T05:55:00+02:00,2026-04-23T13:25:00+02:00,420,assistant,Hilfskraft,408,PE 408,jumper_pool
8052,Springer Greta,2026-04-23,4,false,77,PE 77,1113,F,early,2026-04-23T05:55:00+02:00,2026-04-23T13:25:00+02:00,420,trainee,Azubi,408,PE 408,jumper_pool
791,Branz Janett,2026-04-23,4,false,77,PE 77,1453,Z,intermediate,2026-04-23T08:30:00+02:00,2026-04-23T14:15:00+02:00,345,professional,Fachkraft,77,PE 77,station
7378,Boulware Ina,2026-04-23,4,false,77,PE 77,1453,Z,intermediate,2026-04-23T08:30:00+02:00,2026-04-23T14:15:00+02:00,345,professional,Fachkraft,77,PE 77,station
927,Mittrach Margaritt,2026-04-23,4,false,77,PE 77,1605,S,late,2026-04-23T13:15:00+02:00,2026-04-23T21:00:00+02:00,435,assistant,Hilfskraft,77,PE 77,station
1230,Palacio Constance,2026-04-23,4,false,77,PE 77,1605,S,late,2026-04-23T13:15:00+02:00,2026-04-23T21:00:00+02:00,435,professional,Fachkraft,77,PE 77,station
3566,Seligman Elgine,2026-04-23,4,false,77,PE 77,1605,S,late,2026-04-23T13:15:00+02:00,2026-04-23T21:00:00+02:00,435,professional,Fachkraft,77,PE 77,station
3868,Vanfleet Eike,2026-04-23,4,false,77,PE 77,1605,S,late,2026-04-23T13:15:00+02:00,2026-04-23T21:00:00+02:00,435,professional,Fachkraft,77,PE 77,station
6266,Clemmer Natalie,2026-04-23,4,false,77,PE 77,1605,S,late,2026-04-23T13:15:00+02:00,2026-04-23T21:00:00+02:00,435,professional,Fachkraft,77,PE 77,station
6836,Valentino Trude,2026-04-23,4,false,77,PE 77,1605,S,late,2026-04-23T13:15:00+02:00,2026-04-23T21:00:00+02:00,435,professional,Fachkraft,77,PE 77,station
7606,Lenahan Oda,2026-04-23,4,false,77,PE 77,1605,S,late,2026-04-23T13:15:00+02:00,2026-04-23T21:00:00+02:00,435,assistant,Hilfskraft,77,PE 77,station
7919,Weathers Irma,2026-04-23,4,false,77,PE 77,1605,S,late,2026-04-23T13:15:00+02:00,2026-04-23T21:00:00+02:00,435,professional,Fachkraft,77,PE 77,station
2932,Devers Kersten,2026-04-23,4,false,77,PE 77,1690,N,night,2026-04-23T20:10:00+02:00,2026-04-24T06:10:00+02:00,555,professional,Fachkraft,77,PE 77,station
6995,Brooker Berna,2026-04-23,4,false,77,PE 77,1690,N,night,2026-04-23T20:10:00+02:00,2026-04-24T06:10:00+02:00,555,professional,Fachkraft,77,PE 77,station
7124,Pirkle Xaver,2026-04-23,4,false,77,PE 77,1690,N,night,2026-04-23T20:10:00+02:00,2026-04-24T06:10:00+02:00,555,professional,Fachkraft,77,PE 77,station
7603,Roberson Ludger,2026-04-23,4,false,77,PE 77,1690,N,night,2026-04-23T20:10:00+02:00,2026-04-24T06:10:00+02:00,555,professional,Fachkraft,77,PE 77,station
818,Wülfroth Luitgart,2026-04-23,4,false,79,PE 79,1113,F,early,2026-04-23T05:55:00+02:00,2026-04-23T13:25:00+02:00,420,professional,Fachkraft,79,PE 79,station
5318,Poindexter Rhiane,2026-04-23,4,false,79,PE 79,1113,F,early,2026-04-23T05:55:00+02:00,2026-04-23T13:25:00+02:00,420,assistant,Hilfskraft,79,PE 79,station
7132,Maderdonner Reinburga,2026-04-23,4,false,79,PE 79,1113,F,early,2026-04-23T05:55:00+02:00,2026-04-23T13:25:00+02:00,420,professional,Fachkraft,79,PE 79,station
7207,Roark Aloisia,2026-04-23,4,false,79,PE 79,1113,F,early,2026-04-23T05:55:00+02:00,2026-04-23T13:25:00+02:00,420,professional,Fachkraft,79,PE 79,station
844,Greenman Elia,2026-04-23,4,false,79,PE 79,1453,Z,intermediate,2026-04-23T08:30:00+02:00,2026-04-23T14:15:00+02:00,345,professional,Fachkraft,79,PE 79,station
4158,Engel Veronica,2026-04-23,4,false,79,PE 79,1453,Z,intermediate,2026-04-23T08:30:00+02:00,2026-04-23T14:15:00+02:00,345,professional,Fachkraft,79,PE 79,station
8047,Springer Boris,2026-04-23,4,false,79,PE 79,1453,Z,intermediate,2026-04-23T08:30:00+02:00,2026-04-23T14:15:00+02:00,345,professional,Fachkraft,408,PE 408,jumper_pool
8049,Springer Dana,2026-04-23,4,false,79,PE 79,1453,Z,intermediate,2026-04-23T08:30:00+02:00,2026-04-23T14:15:00+02:00,345,professional,Fachkraft,408,PE 408,jumper_pool
1161,Varney Anuschka,2026-04-23,4,false,79,PE 79,1605,S,late,2026-04-23T13:15:00+02:00,2026-04-23T21:00:00+02:00,435,professional,Fachkraft,79,PE 79,station
3463,Pock Godelind,2026-04-23,4,false,79,PE 79,1605,S,late,2026-04-23T13:15:00+02:00,2026-04-23T21:00:00+02:00,435,professional,Fachkraft,79,PE 79,station
5002,Britt Ingerose,2026-04-23,4,false,79,PE 79,1605,S,late,2026-04-23T13:15:00+02:00,2026-04-23T21:00:00+02:00,435,professional,Fachkraft,79,PE 79,station
7131,Mccarley Elrike,2026-04-23,4,false,79,PE 79,1605,S,late,2026-04-23T13:15:00+02:00,2026-04-23T21:00:00+02:00,435,professional,Fachkraft,79,PE 79,station
8046,Springer Alina,2026-04-23,4,false,79,PE 79,1605,S,late,2026-04-23T13:15:00+02:00,2026-04-23T21:00:00+02:00,435,professional,Fachkraft,408,PE 408,jumper_pool
8048,Springer Cem,2026-04-23,4,false,79,PE 79,1605,S,late,2026-04-23T13:15:00+02:00,2026-04-23T21:00:00+02:00,435,professional,Fachkraft,408,PE 408,jumper_pool
1150,Domingue Frowine,2026-04-23,4,false,79,PE 79,1690,N,night,2026-04-23T20:10:00+02:00,2026-04-24T06:10:00+02:00,555,professional,Fachkraft,79,PE 79,station
1226,Allan Diethard,2026-04-23,4,false,79,PE 79,1690,N,night,2026-04-23T20:10:00+02:00,2026-04-24T06:10:00+02:00,555,professional,Fachkraft,79,PE 79,station
790,Mccomas Adriane,2026-04-24,5,false,77,PE 77,1113,F,early,2026-04-24T05:55:00+02:00,2026-04-24T13:25:00+02:00,420,assistant,Hilfskraft,77,PE 77,station
917,Catoe Ingbert,2026-04-24,5,false,77,PE 77,1113,F,early,2026-04-24T05:55:00+02:00,2026-04-24T13:25:00+02:00,420,professional,Fachkraft,77,PE 77,station
2963,Hoots Renilde,2026-04-24,5,false,77,PE 77,1113,F,early,2026-04-24T05:55:00+02:00,2026-04-24T13:25:00+02:00,420,professional,Fachkraft,77,PE 77,station
6928,Izzo Annelene,2026-04-24,5,false,77,PE 77,1113,F,early,2026-04-24T05:55:00+02:00,2026-04-24T13:25:00+02:00,420,mfa,MFA,77,PE 77,station
7496,Demarco Marcus,2026-04-24,5,false,77,PE 77,1113,F,early,2026-04-24T05:55:00+02:00,2026-04-24T13:25:00+02:00,420,professional,Fachkraft,77,PE 77,station
7660,Rast Agatha,2026-04-24,5,false,77,PE 77,1113,F,early,2026-04-24T05:55:00+02:00,2026-04-24T13:25:00+02:00,420,assistant,Hilfskraft,77,PE 77,station
8052,Springer Greta,2026-04-24,5,false,77,PE 77,1113,F,early,2026-04-24T05:55:00+02:00,2026-04-24T13:25:00+02:00,420,trainee,Azubi,408,PE 408,jumper_pool
791,Branz Janett,2026-04-24,5,false,77,PE 77,1453,Z,intermediate,2026-04-24T08:30:00+02:00,2026-04-24T14:15:00+02:00,345,professional,Fachkraft,77,PE 77,station
3868,Vanfleet Eike,2026-04-24,5,false,77,PE 77,1453,Z,intermediate,2026-04-24T08:30:00+02:00,2026-04-24T14:15:00+02:00,345,professional,Fachkraft,77,PE 77,station
7378,Boulware Ina,2026-04-24,5,false,77,PE 77,1453,Z,intermediate,2026-04-24T08:30:00+02:00,2026-04-24T14:15:00+02:00,345,professional,Fachkraft,77,PE 77,station
927,Mittrach Margaritt,2026-04-24,5,false,77,PE 77,1605,S,late,2026-04-24T13:15:00+02:00,2026-04-24T21:00:00+02:00,435,assistant,Hilfskraft,77,PE 77,station
1230,Palacio Constance,2026-04-24,5,false,77,PE 77,1605,S,late,2026-04-24T13:15:00+02:00,2026-04-24T21:00:00+02:00,435,professional,Fachkraft,77,PE 77,station
3566,Seligman Elgine,2026-04-24,5,false,77,PE 77,1605,S,late,2026-04-24T13:15:00+02:00,2026-04-24T21:00:00+02:00,435,professional,Fachkraft,77,PE 77,station
5367,Donis Henni,2026-04-24,5,false,77,PE 77,1605,S,late,2026-04-24T13:15:00+02:00,2026-04-24T21:00:00+02:00,435,assistant,Hilfskraft,77,PE 77,station
6266,Clemmer Natalie,2026-04-24,5,false,77,PE 77,1605,S,late,2026-04-24T13:15:00+02:00,2026-04-24T21:00:00+02:00,435,professional,Fachkraft,77,PE 77,station
6836,Valentino Trude,2026-04-24,5,false,77,PE 77,1605,S,late,2026-04-24T13:15:00+02:00,2026-04-24T21:00:00+02:00,435,professional,Fachkraft,77,PE 77,station
7028,Cranmer Gretlies,2026-04-24,5,false,77,PE 77,1605,S,late,2026-04-24T13:15:00+02:00,2026-04-24T21:00:00+02:00,435,professional,Fachkraft,77,PE 77,station
7919,Weathers Irma,2026-04-24,5,false,77,PE 77,1605,S,late,2026-04-24T13:15:00+02:00,2026-04-24T21:00:00+02:00,435,professional,Fachkraft,77,PE 77,station
2932,Devers Kersten,2026-04-24,5,false,77,PE 77,1690,N,night,2026-04-24T20:10:00+02:00,2026-04-25T06:10:00+02:00,555,professional,Fachkraft,77,PE 77,station
7603,Roberson Ludger,2026-04-24,5,false,77,PE 77,1690,N,night,2026-04-24T20:10:00+02:00,2026-04-25T06:10:00+02:00,555,professional,Fachkraft,77,PE 77,station
5318,Poindexter Rhiane,2026-04-24,5,false,79,PE 79,1113,F,early,2026-04-24T05:55:00+02:00,2026-04-24T13:25:00+02:00,420,assistant,Hilfskraft,79,PE 79,station
7132,Maderdonner Reinburga,2026-04-24,5,false,79,PE 79,1113,F,early,2026-04-24T05:55:00+02:00,2026-04-24T13:25:00+02:00,420,professional,Fachkraft,79,PE 79,station
7207,Roark Aloisia,2026-04-24,5,false,79,PE 79,1113,F,early,2026-04-24T05:55:00+02:00,2026-04-24T13:25:00+02:00,420,professional,Fachkraft,79,PE 79,station
8050,Springer Emil,2026-04-24,5,false,79,PE 79,1113,F,early,2026-04-24T05:55:00+02:00,2026-04-24T13:25:00+02:00,420,professional,Fachkraft,408,PE 408,jumper_pool
818,Wülfroth Luitgart,2026-04-24,5,false,79,PE 79,1453,Z,intermediate,2026-04-24T08:30:00+02:00,2026-04-24T14:15:00+02:00,345,professional,Fachkraft,79,PE 79,station
4158,Engel Veronica,2026-04-24,5,false,79,PE 79,1453,Z,intermediate,2026-04-24T08:30:00+02:00,2026-04-24T14:15:00+02:00,345,professional,Fachkraft,79,PE 79,station
8047,Springer Boris,2026-04-24,5,false,79,PE 79,1453,Z,intermediate,2026-04-24T08:30:00+02:00,2026-04-24T14:15:00+02:00,345,professional,Fachkraft,408,PE 408,jumper_pool
8048,Springer Cem,2026-04-24,5,false,79,PE 79,1453,Z,intermediate,2026-04-24T08:30:00+02:00,2026-04-24T14:15:00+02:00,345,professional,Fachkraft,408,PE 408,jumper_pool
8049,Springer Dana,2026-04-24,5,false,79,PE 79,1453,Z,intermediate,2026-04-24T08:30:00+02:00,2026-04-24T14:15:00+02:00,345,professional,Fachkraft,408,PE 408,jumper_pool
1143,Dames Margareth,2026-04-24,5,false,79,PE 79,1605,S,late,2026-04-24T13:15:00+02:00,2026-04-24T21:00:00+02:00,435,professional,Fachkraft,79,PE 79,station
1161,Varney Anuschka,2026-04-24,5,false,79,PE 79,1605,S,late,2026-04-24T13:15:00+02:00,2026-04-24T21:00:00+02:00,435,professional,Fachkraft,79,PE 79,station
3463,Pock Godelind,2026-04-24,5,false,79,PE 79,1605,S,late,2026-04-24T13:15:00+02:00,2026-04-24T21:00:00+02:00,435,professional,Fachkraft,79,PE 79,station
7131,Mccarley Elrike,2026-04-24,5,false,79,PE 79,1605,S,late,2026-04-24T13:15:00+02:00,2026-04-24T21:00:00+02:00,435,professional,Fachkraft,79,PE 79,station
1150,Domingue Frowine,2026-04-24,5,false,79,PE 79,1690,N,night,2026-04-24T20:10:00+02:00,2026-04-25T06:10:00+02:00,555,professional,Fachkraft,79,PE 79,station
8046,Springer Alina,2026-04-24,5,false,79,PE 79,1690,N,night,2026-04-24T20:10:00+02:00,2026-04-25T06:10:00+02:00,555,professional,Fachkraft,408,PE 408,jumper_pool
790,Mccomas Adriane,2026-04-25,6,false,77,PE 77,1113,F,early,2026-04-25T05:55:00+02:00,2026-04-25T13:25:00+02:00,420,assistant,Hilfskraft,77,PE 77,station
1229,Onofre Mandy,2026-04-25,6,false,77,PE 77,1113,F,early,2026-04-25T05:55:00+02:00,2026-04-25T13:25:00+02:00,420,professional,Fachkraft,77,PE 77,station
6727,Lenhart Fred,2026-04-25,6,false,77,PE 77,1113,F,early,2026-04-25T05:55:00+02:00,2026-04-25T13:25:00+02:00,420,professional,Fachkraft,77,PE 77,station
7660,Rast Agatha,2026-04-25,6,false,77,PE 77,1113,F,early,2026-04-25T05:55:00+02:00,2026-04-25T13:25:00+02:00,420,assistant,Hilfskraft,77,PE 77,station
8050,Springer Emil,2026-04-25,6,false,77,PE 77,1113,F,early,2026-04-25T05:55:00+02:00,2026-04-25T13:25:00+02:00,420,professional,Fachkraft,408,PE 408,jumper_pool
7375,Fridam Gangolf,2026-04-25,6,false,77,PE 77,1453,Z,intermediate,2026-04-25T08:30:00+02:00,2026-04-25T14:15:00+02:00,345,professional,Fachkraft,77,PE 77,station
917,Catoe Ingbert,2026-04-25,6,false,77,PE 77,1605,S,late,2026-04-25T13:15:00+02:00,2026-04-25T21:00:00+02:00,435,professional,Fachkraft,77,PE 77,station
3566,Seligman Elgine,2026-04-25,6,false,77,PE 77,1605,S,late,2026-04-25T13:15:00+02:00,2026-04-25T21:00:00+02:00,435,professional,Fachkraft,77,PE 77,station
5367,Donis Henni,2026-04-25,6,false,77,PE 77,1605,S,late,2026-04-25T13:15:00+02:00,2026-04-25T21:00:00+02:00,435,assistant,Hilfskraft,77,PE 77,station
7028,Cranmer Gretlies,2026-04-25,6,false,77,PE 77,1605,S,late,2026-04-25T13:15:00+02:00,2026-04-25T21:00:00+02:00,435,professional,Fachkraft,77,PE 77,station
921,Keese Jenny,2026-04-25,6,false,77,PE 77,1690,N,night,2026-04-25T20:10:00+02:00,2026-04-26T06:10:00+02:00,555,professional,Fachkraft,77,PE 77,station
2932,Devers Kersten,2026-04-25,6,false,77,PE 77,1690,N,night,2026-04-25T20:10:00+02:00,2026-04-26T06:10:00+02:00,555,professional,Fachkraft,77,PE 77,station
7603,Roberson Ludger,2026-04-25,6,false,77,PE 77,1690,N,night,2026-04-25T20:10:00+02:00,2026-04-26T06:10:00+02:00,555,professional,Fachkraft,77,PE 77,station
818,Wülfroth Luitgart,2026-04-25,6,false,79,PE 79,1113,F,early,2026-04-25T05:55:00+02:00,2026-04-25T13:25:00+02:00,420,professional,Fachkraft,79,PE 79,station
7132,Maderdonner Reinburga,2026-04-25,6,false,79,PE 79,1113,F,early,2026-04-25T05:55:00+02:00,2026-04-25T13:25:00+02:00,420,professional,Fachkraft,79,PE 79,station
8051,Springer Farah,2026-04-25,6,false,79,PE 79,1113,F,early,2026-04-25T05:55:00+02:00,2026-04-25T13:25:00+02:00,420,assistant,Hilfskraft,408,PE 408,jumper_pool
844,Greenman Elia,2026-04-25,6,false,79,PE 79,1453,Z,intermediate,2026-04-25T08:30:00+02:00,2026-04-25T14:15:00+02:00,345,professional,Fachkraft,79,PE 79,station
6330,Grotian Dorle,2026-04-25,6,false,79,PE 79,1453,Z,intermediate,2026-04-25T08:30:00+02:00,2026-04-25T14:15:00+02:00,345,professional,Fachkraft,79,PE 79,station
1138,Kunkel Annehild,2026-04-25,6,false,79,PE 79,1605,S,late,2026-04-25T13:15:00+02:00,2026-04-25T21:00:00+02:00,435,professional,Fachkraft,79,PE 79,station
1143,Dames Margareth,2026-04-25,6,false,79,PE 79,1605,S,late,2026-04-25T13:15:00+02:00,2026-04-25T21:00:00+02:00,435,professional,Fachkraft,79,PE 79,station
1150,Domingue Frowine,2026-04-25,6,false,79,PE 79,1690,N,night,2026-04-25T20:10:00+02:00,2026-04-26T06:10:00+02:00,555,professional,Fachkraft,79,PE 79,station
5002,Britt Ingerose,2026-04-25,6,false,79,PE 79,1690,N,night,2026-04-25T20:10:00+02:00,2026-04-26T06:10:00+02:00,555,professional,Fachkraft,79,PE 79,station
8046,Springer Alina,2026-04-25,6,false,79,PE 79,1690,N,night,2026-04-25T20:10:00+02:00,2026-04-26T06:10:00+02:00,555,professional,Fachkraft,408,PE 408,jumper_pool
790,Mccomas Adriane,2026-04-26,7,false,77,PE 77,1113,F,early,2026-04-26T05:55:00+02:00,2026-04-26T13:25:00+02:00,420,assistant,Hilfskraft,77,PE 77,station
1229,Onofre Mandy,2026-04-26,7,false,77,PE 77,1113,F,early,2026-04-26T05:55:00+02:00,2026-04-26T13:25:00+02:00,420,professional,Fachkraft,77,PE 77,station
3868,Vanfleet Eike,2026-04-26,7,false,77,PE 77,1113,F,early,2026-04-26T05:55:00+02:00,2026-04-26T13:25:00+02:00,420,professional,Fachkraft,77,PE 77,station
7496,Demarco Marcus,2026-04-26,7,false,77,PE 77,1113,F,early,2026-04-26T05:55:00+02:00,2026-04-26T13:25:00+02:00,420,professional,Fachkraft,77,PE 77,station
7660,Rast Agatha,2026-04-26,7,false,77,PE 77,1113,F,early,2026-04-26T05:55:00+02:00,2026-04-26T13:25:00+02:00,420,assistant,Hilfskraft,77,PE 77,station
8052,Springer Greta,2026-04-26,7,false,77,PE 77,1113,F,early,2026-04-26T05:55:00+02:00,2026-04-26T13:25:00+02:00,420,trainee,Azubi,408,PE 408,jumper_pool
6928,Izzo Annelene,2026-04-26,7,false,77,PE 77,1453,Z,intermediate,2026-04-26T08:30:00+02:00,2026-04-26T14:15:00+02:00,345,mfa,MFA,77,PE 77,station
7375,Fridam Gangolf,2026-04-26,7,false,77,PE 77,1453,Z,intermediate,2026-04-26T08:30:00+02:00,2026-04-26T14:15:00+02:00,345,professional,Fachkraft,77,PE 77,station
1230,Palacio Constance,2026-04-26,7,false,77,PE 77,1605,S,late,2026-04-26T13:15:00+02:00,2026-04-26T21:00:00+02:00,435,professional,Fachkraft,77,PE 77,station
3566,Seligman Elgine,2026-04-26,7,false,77,PE 77,1605,S,late,2026-04-26T13:15:00+02:00,2026-04-26T21:00:00+02:00,435,professional,Fachkraft,77,PE 77,station
5367,Donis Henni,2026-04-26,7,false,77,PE 77,1605,S,late,2026-04-26T13:15:00+02:00,2026-04-26T21:00:00+02:00,435,assistant,Hilfskraft,77,PE 77,station
6727,Lenhart Fred,2026-04-26,7,false,77,PE 77,1605,S,late,2026-04-26T13:15:00+02:00,2026-04-26T21:00:00+02:00,435,professional,Fachkraft,77,PE 77,station
7028,Cranmer Gretlies,2026-04-26,7,false,77,PE 77,1605,S,late,2026-04-26T13:15:00+02:00,2026-04-26T21:00:00+02:00,435,professional,Fachkraft,77,PE 77,station
7919,Weathers Irma,2026-04-26,7,false,77,PE 77,1605,S,late,2026-04-26T13:15:00+02:00,2026-04-26T21:00:00+02:00,435,professional,Fachkraft,77,PE 77,station
917,Catoe Ingbert,2026-04-26,7,false,77,PE 77,1690,N,night,2026-04-26T20:10:00+02:00,2026-04-27T06:10:00+02:00,555,professional,Fachkraft,77,PE 77,station
921,Keese Jenny,2026-04-26,7,false,77,PE 77,1690,N,night,2026-04-26T20:10:00+02:00,2026-04-27T06:10:00+02:00,555,professional,Fachkraft,77,PE 77,station
4158,Engel Veronica,2026-04-26,7,false,79,PE 79,1113,F,early,2026-04-26T05:55:00+02:00,2026-04-26T13:25:00+02:00,420,professional,Fachkraft,79,PE 79,station
8050,Springer Emil,2026-04-26,7,false,79,PE 79,1113,F,early,2026-04-26T05:55:00+02:00,2026-04-26T13:25:00+02:00,420,professional,Fachkraft,408,PE 408,jumper_pool
8051,Springer Farah,2026-04-26,7,false,79,PE 79,1113,F,early,2026-04-26T05:55:00+02:00,2026-04-26T13:25:00+02:00,420,assistant,Hilfskraft,408,PE 408,jumper_pool
844,Greenman Elia,2026-04-26,7,false,79,PE 79,1453,Z,intermediate,2026-04-26T08:30:00+02:00,2026-04-26T14:15:00+02:00,345,professional,Fachkraft,79,PE 79,station
6330,Grotian Dorle,2026-04-26,7,false,79,PE 79,1453,Z,intermediate,2026-04-26T08:30:00+02:00,2026-04-26T14:15:00+02:00,345,professional,Fachkraft,79,PE 79,station
1138,Kunkel Annehild,2026-04-26,7,false,79,PE 79,1605,S,late,2026-04-26T13:15:00+02:00,2026-04-26T21:00:00+02:00,435,professional,Fachkraft,79,PE 79,station
1143,Dames Margareth,2026-04-26,7,false,79,PE 79,1605,S,late,2026-04-26T13:15:00+02:00,2026-04-26T21:00:00+02:00,435,professional,Fachkraft,79,PE 79,station
7131,Mccarley Elrike,2026-04-26,7,false,79,PE 79,1605,S,late,2026-04-26T13:15:00+02:00,2026-04-26T21:00:00+02:00,435,professional,Fachkraft,79,PE 79,station
8048,Springer Cem,2026-04-26,7,false,79,PE 79,1605,S,late,2026-04-26T13:15:00+02:00,2026-04-26T21:00:00+02:00,435,professional,Fachkraft,408,PE 408,jumper_pool
5002,Britt Ingerose,2026-04-26,7,false,79,PE 79,1690,N,night,2026-04-26T20:10:00+02:00,2026-04-27T06:10:00+02:00,555,professional,Fachkraft,79,PE 79,station
8046,Springer Alina,2026-04-26,7,false,79,PE 79,1690,N,night,2026-04-26T20:10:00+02:00,2026-04-27T06:10:00+02:00,555,professional,Fachkraft,408,PE 408,jumper_pool
790,Mccomas Adriane,2026-04-27,1,false,77,PE 77,1113,F,early,2026-04-27T05:55:00+02:00,2026-04-27T13:25:00+02:00,420,assistant,Hilfskraft,77,PE 77,station
914,Harkins Silvia,2026-04-27,1,false,77,PE 77,1113,F,early,2026-04-27T05:55:00+02:00,2026-04-27T13:25:00+02:00,420,assistant,Hilfskraft,77,PE 77,station
1229,Onofre Mandy,2026-04-27,1,false,77,PE 77,1113,F,early,2026-04-27T05:55:00+02:00,2026-04-27T13:25:00+02:00,420,professional,Fachkraft,77,PE 77,station
2963,Hoots Renilde,2026-04-27,1,false,77,PE 77,1113,F,early,2026-04-27T05:55:00+02:00,2026-04-27T13:25:00+02:00,420,professional,Fachkraft,77,PE 77,station
6928,Izzo Annelene,2026-04-27,1,false,77,PE 77,1113,F,early,2026-04-27T05:55:00+02:00,2026-04-27T13:25:00+02:00,420,mfa,MFA,77,PE 77,station
7496,Demarco Marcus,2026-04-27,1,false,77,PE 77,1113,F,early,2026-04-27T05:55:00+02:00,2026-04-27T13:25:00+02:00,420,professional,Fachkraft,77,PE 77,station
8052,Springer Greta,2026-04-27,1,false,77,PE 77,1113,F,early,2026-04-27T05:55:00+02:00,2026-04-27T13:25:00+02:00,420,trainee,Azubi,408,PE 408,jumper_pool
3868,Vanfleet Eike,2026-04-27,1,false,77,PE 77,1453,Z,intermediate,2026-04-27T08:30:00+02:00,2026-04-27T14:15:00+02:00,345,professional,Fachkraft,77,PE 77,station
6995,Brooker Berna,2026-04-27,1,false,77,PE 77,1453,Z,intermediate,2026-04-27T08:30:00+02:00,2026-04-27T14:15:00+02:00,345,professional,Fachkraft,77,PE 77,station
7124,Pirkle Xaver,2026-04-27,1,false,77,PE 77,1453,Z,intermediate,2026-04-27T08:30:00+02:00,2026-04-27T14:15:00+02:00,345,professional,Fachkraft,77,PE 77,station
7378,Boulware Ina,2026-04-27,1,false,77,PE 77,1453,Z,intermediate,2026-04-27T08:30:00+02:00,2026-04-27T14:15:00+02:00,345,professional,Fachkraft,77,PE 77,station
927,Mittrach Margaritt,2026-04-27,1,false,77,PE 77,1605,S,late,2026-04-27T13:15:00+02:00,2026-04-27T21:00:00+02:00,435,assistant,Hilfskraft,77,PE 77,station
1230,Palacio Constance,2026-04-27,1,false,77,PE 77,1605,S,late,2026-04-27T13:15:00+02:00,2026-04-27T21:00:00+02:00,435,professional,Fachkraft,77,PE 77,station
6266,Clemmer Natalie,2026-04-27,1,false,77,PE 77,1605,S,late,2026-04-27T13:15:00+02:00,2026-04-27T21:00:00+02:00,435,professional,Fachkraft,77,PE 77,station
6836,Valentino Trude,2026-04-27,1,false,77,PE 77,1605,S,late,2026-04-27T13:15:00+02:00,2026-04-27T21:00:00+02:00,435,professional,Fachkraft,77,PE 77,station
7660,Rast Agatha,2026-04-27,1,false,77,PE 77,1605,S,late,2026-04-27T13:15:00+02:00,2026-04-27T21:00:00+02:00,435,assistant,Hilfskraft,77,PE 77,station
7919,Weathers Irma,2026-04-27,1,false,77,PE 77,1605,S,late,2026-04-27T13:15:00+02:00,2026-04-27T21:00:00+02:00,435,professional,Fachkraft,77,PE 77,station
791,Branz Janett,2026-04-27,1,false,77,PE 77,1690,N,night,2026-04-27T20:10:00+02:00,2026-04-28T06:10:00+02:00,555,professional,Fachkraft,77,PE 77,station
917,Catoe Ingbert,2026-04-27,1,false,77,PE 77,1690,N,night,2026-04-27T20:10:00+02:00,2026-04-28T06:10:00+02:00,555,professional,Fachkraft,77,PE 77,station
5318,Poindexter Rhiane,2026-04-27,1,false,79,PE 79,1113,F,early,2026-04-27T05:55:00+02:00,2026-04-27T13:25:00+02:00,420,assistant,Hilfskraft,79,PE 79,station
7132,Maderdonner Reinburga,2026-04-27,1,false,79,PE 79,1113,F,early,2026-04-27T05:55:00+02:00,2026-04-27T13:25:00+02:00,420,professional,Fachkraft,79,PE 79,station
7207,Roark Aloisia,2026-04-27,1,false,79,PE 79,1113,F,early,2026-04-27T05:55:00+02:00,2026-04-27T13:25:00+02:00,420,professional,Fachkraft,79,PE 79,station
8050,Springer Emil,2026-04-27,1,false,79,PE 79,1113,F,early,2026-04-27T05:55:00+02:00,2026-04-27T13:25:00+02:00,420,professional,Fachkraft,408,PE 408,jumper_pool
844,Greenman Elia,2026-04-27,1,false,79,PE 79,1453,Z,intermediate,2026-04-27T08:30:00+02:00,2026-04-27T14:15:00+02:00,345,professional,Fachkraft,79,PE 79,station
1226,Allan Diethard,2026-04-27,1,false,79,PE 79,1453,Z,intermediate,2026-04-27T08:30:00+02:00,2026-04-27T14:15:00+02:00,345,professional,Fachkraft,79,PE 79,station
4064,Scheuenstuhl Rebecca,2026-04-27,1,false,79,PE 79,1453,Z,intermediate,2026-04-27T08:30:00+02:00,2026-04-27T14:15:00+02:00,345,professional,Fachkraft,79,PE 79,station
4158,Engel Veronica,2026-04-27,1,false,79,PE 79,1453,Z,intermediate,2026-04-27T08:30:00+02:00,2026-04-27T14:15:00+02:00,345,professional,Fachkraft,79,PE 79,station
8047,Springer Boris,2026-04-27,1,false,79,PE 79,1453,Z,intermediate,2026-04-27T08:30:00+02:00,2026-04-27T14:15:00+02:00,345,professional,Fachkraft,408,PE 408,jumper_pool
8048,Springer Cem,2026-04-27,1,false,79,PE 79,1453,Z,intermediate,2026-04-27T08:30:00+02:00,2026-04-27T14:15:00+02:00,345,professional,Fachkraft,408,PE 408,jumper_pool
8049,Springer Dana,2026-04-27,1,false,79,PE 79,1453,Z,intermediate,2026-04-27T08:30:00+02:00,2026-04-27T14:15:00+02:00,345,professional,Fachkraft,408,PE 408,jumper_pool
1161,Varney Anuschka,2026-04-27,1,false,79,PE 79,1605,S,late,2026-04-27T13:15:00+02:00,2026-04-27T21:00:00+02:00,435,professional,Fachkraft,79,PE 79,station
3463,Pock Godelind,2026-04-27,1,false,79,PE 79,1605,S,late,2026-04-27T13:15:00+02:00,2026-04-27T21:00:00+02:00,435,professional,Fachkraft,79,PE 79,station
7131,Mccarley Elrike,2026-04-27,1,false,79,PE 79,1605,S,late,2026-04-27T13:15:00+02:00,2026-04-27T21:00:00+02:00,435,professional,Fachkraft,79,PE 79,station
5002,Britt Ingerose,2026-04-27,1,false,79,PE 79,1690,N,night,2026-04-27T20:10:00+02:00,2026-04-28T06:10:00+02:00,555,professional,Fachkraft,79,PE 79,station
6330,Grotian Dorle,2026-04-27,1,false,79,PE 79,1690,N,night,2026-04-27T20:10:00+02:00,2026-04-28T06:10:00+02:00,555,professional,Fachkraft,79,PE 79,station
914,Harkins Silvia,2026-04-28,2,false,77,PE 77,1113,F,early,2026-04-28T05:55:00+02:00,2026-04-28T13:25:00+02:00,420,assistant,Hilfskraft,77,PE 77,station
2963,Hoots Renilde,2026-04-28,2,false,77,PE 77,1113,F,early,2026-04-28T05:55:00+02:00,2026-04-28T13:25:00+02:00,420,professional,Fachkraft,77,PE 77,station
3868,Vanfleet Eike,2026-04-28,2,false,77,PE 77,1113,F,early,2026-04-28T05:55:00+02:00,2026-04-28T13:25:00+02:00,420,professional,Fachkraft,77,PE 77,station
6928,Izzo Annelene,2026-04-28,2,false,77,PE 77,1113,F,early,2026-04-28T05:55:00+02:00,2026-04-28T13:25:00+02:00,420,mfa,MFA,77,PE 77,station
7496,Demarco Marcus,2026-04-28,2,false,77,PE 77,1113,F,early,2026-04-28T05:55:00+02:00,2026-04-28T13:25:00+02:00,420,professional,Fachkraft,77,PE 77,station
8051,Springer Farah,2026-04-28,2,false,77,PE 77,1113,F,early,2026-04-28T05:55:00+02:00,2026-04-28T13:25:00+02:00,420,assistant,Hilfskraft,408,PE 408,jumper_pool
8052,Springer Greta,2026-04-28,2,false,77,PE 77,1113,F,early,2026-04-28T05:55:00+02:00,2026-04-28T13:25:00+02:00,420,trainee,Azubi,408,PE 408,jumper_pool
924,Merriweather Bärbl,2026-04-28,2,false,77,PE 77,1453,Z,intermediate,2026-04-28T08:30:00+02:00,2026-04-28T14:15:00+02:00,345,professional,Fachkraft,77,PE 77,station
927,Mittrach Margaritt,2026-04-28,2,false,77,PE 77,1605,S,late,2026-04-28T13:15:00+02:00,2026-04-28T21:00:00+02:00,435,assistant,Hilfskraft,77,PE 77,station
928,Wunderlich Daniele,2026-04-28,2,false,77,PE 77,1605,S,late,2026-04-28T13:15:00+02:00,2026-04-28T21:00:00+02:00,435,professional,Fachkraft,77,PE 77,station
1229,Onofre Mandy,2026-04-28,2,false,77,PE 77,1605,S,late,2026-04-28T13:15:00+02:00,2026-04-28T21:00:00+02:00,435,professional,Fachkraft,77,PE 77,station
5367,Donis Henni,2026-04-28,2,false,77,PE 77,1605,S,late,2026-04-28T13:15:00+02:00,2026-04-28T21:00:00+02:00,435,assistant,Hilfskraft,77,PE 77,station
7028,Cranmer Gretlies,2026-04-28,2,false,77,PE 77,1605,S,late,2026-04-28T13:15:00+02:00,2026-04-28T21:00:00+02:00,435,professional,Fachkraft,77,PE 77,station
791,Branz Janett,2026-04-28,2,false,77,PE 77,1690,N,night,2026-04-28T20:10:00+02:00,2026-04-29T06:10:00+02:00,555,professional,Fachkraft,77,PE 77,station
1230,Palacio Constance,2026-04-28,2,false,77,PE 77,1690,N,night,2026-04-28T20:10:00+02:00,2026-04-29T06:10:00+02:00,555,professional,Fachkraft,77,PE 77,station
2932,Devers Kersten,2026-04-28,2,false,77,PE 77,1690,N,night,2026-04-28T20:10:00+02:00,2026-04-29T06:10:00+02:00,555,professional,Fachkraft,77,PE 77,station
3566,Seligman Elgine,2026-04-28,2,false,77,PE 77,1690,N,night,2026-04-28T20:10:00+02:00,2026-04-29T06:10:00+02:00,555,professional,Fachkraft,77,PE 77,station
6266,Clemmer Natalie,2026-04-28,2,false,77,PE 77,1690,N,night,2026-04-28T20:10:00+02:00,2026-04-29T06:10:00+02:00,555,professional,Fachkraft,77,PE 77,station
6727,Lenhart Fred,2026-04-28,2,false,77,PE 77,1690,N,night,2026-04-28T20:10:00+02:00,2026-04-29T06:10:00+02:00,555,professional,Fachkraft,77,PE 77,station
6836,Valentino Trude,2026-04-28,2,false,77,PE 77,1690,N,night,2026-04-28T20:10:00+02:00,2026-04-29T06:10:00+02:00,555,professional,Fachkraft,77,PE 77,station
6995,Brooker Berna,2026-04-28,2,false,77,PE 77,1690,N,night,2026-04-28T20:10:00+02:00,2026-04-29T06:10:00+02:00,555,professional,Fachkraft,77,PE 77,station
7124,Pirkle Xaver,2026-04-28,2,false,77,PE 77,1690,N,night,2026-04-28T20:10:00+02:00,2026-04-29T06:10:00+02:00,555,professional,Fachkraft,77,PE 77,station
7375,Fridam Gangolf,2026-04-28,2,false,77,PE 77,1690,N,night,2026-04-28T20:10:00+02:00,2026-04-29T06:10:00+02:00,555,professional,Fachkraft,77,PE 77,station
7378,Boulware Ina,2026-04-28,2,false,77,PE 77,1690,N,night,2026-04-28T20:10:00+02:00,2026-04-29T06:10:00+02:00,555,professional,Fachkraft,77,PE 77,station
7603,Roberson Ludger,2026-04-28,2,false,77,PE 77,1690,N,night,2026-04-28T20:10:00+02:00,2026-04-29T06:10:00+02:00,555,professional,Fachkraft,77,PE 77,station
7919,Weathers Irma,2026-04-28,2,false,77,PE 77,1690,N,night,2026-04-28T20:10:00+02:00,2026-04-29T06:10:00+02:00,555,professional,Fachkraft,77,PE 77,station
8047,Springer Boris,2026-04-28,2,false,77,PE 77,1690,N,night,2026-04-28T20:10:00+02:00,2026-04-29T06:10:00+02:00,555,professional,Fachkraft,408,PE 408,jumper_pool
5318,Poindexter Rhiane,2026-04-28,2,false,79,PE 79,1113,F,early,2026-04-28T05:55:00+02:00,2026-04-28T13:25:00+02:00,420,assistant,Hilfskraft,79,PE 79,station
7132,Maderdonner Reinburga,2026-04-28,2,false,79,PE 79,1113,F,early,2026-04-28T05:55:00+02:00,2026-04-28T13:25:00+02:00,420,professional,Fachkraft,79,PE 79,station
7207,Roark Aloisia,2026-04-28,2,false,79,PE 79,1113,F,early,2026-04-28T05:55:00+02:00,2026-04-28T13:25:00+02:00,420,professional,Fachkraft,79,PE 79,station
8050,Springer Emil,2026-04-28,2,false,79,PE 79,1113,F,early,2026-04-28T05:55:00+02:00,2026-04-28T13:25:00+02:00,420,professional,Fachkraft,408,PE 408,jumper_pool
1138,Kunkel Annehild,2026-04-28,2,false,79,PE 79,1453,Z,intermediate,2026-04-28T08:30:00+02:00,2026-04-28T14:15:00+02:00,345,professional,Fachkraft,79,PE 79,station
3463,Pock Godelind,2026-04-28,2,false,79,PE 79,1605,S,late,2026-04-28T13:15:00+02:00,2026-04-28T21:00:00+02:00,435,professional,Fachkraft,79,PE 79,station
4158,Engel Veronica,2026-04-28,2,false,79,PE 79,1605,S,late,2026-04-28T13:15:00+02:00,2026-04-28T21:00:00+02:00,435,professional,Fachkraft,79,PE 79,station
8048,Springer Cem,2026-04-28,2,false,79,PE 79,1605,S,late,2026-04-28T13:15:00+02:00,2026-04-28T21:00:00+02:00,435,professional,Fachkraft,408,PE 408,jumper_pool
1143,Dames Margareth,2026-04-28,2,false,79,PE 79,1690,N,night,2026-04-28T20:10:00+02:00,2026-04-29T06:10:00+02:00,555,professional,Fachkraft,79,PE 79,station
1150,Domingue Frowine,2026-04-28,2,false,79,PE 79,1690,N,night,2026-04-28T20:10:00+02:00,2026-04-29T06:10:00+02:00,555,professional,Fachkraft,79,PE 79,station
1161,Varney Anuschka,2026-04-28,2,false,79,PE 79,1690,N,night,2026-04-28T20:10:00+02:00,2026-04-29T06:10:00+02:00,555,professional,Fachkraft,79,PE 79,station
1226,Allan Diethard,2026-04-28,2,false,79,PE 79,1690,N,night,2026-04-28T20:10:00+02:00,2026-04-29T06:10:00+02:00,555,professional,Fachkraft,79,PE 79,station
4064,Scheuenstuhl Rebecca,2026-04-28,2,false,79,PE 79,1690,N,night,2026-04-28T20:10:00+02:00,2026-04-29T06:10:00+02:00,555,professional,Fachkraft,79,PE 79,station
6330,Grotian Dorle,2026-04-28,2,false,79,PE 79,1690,N,night,2026-04-28T20:10:00+02:00,2026-04-29T06:10:00+02:00,555,professional,Fachkraft,79,PE 79,station
7131,Mccarley Elrike,2026-04-28,2,false,79,PE 79,1690,N,night,2026-04-28T20:10:00+02:00,2026-04-29T06:10:00+02:00,555,professional,Fachkraft,79,PE 79,station
8049,Springer Dana,2026-04-28,2,false,79,PE 79,1690,N,night,2026-04-28T20:10:00+02:00,2026-04-29T06:10:00+02:00,555,professional,Fachkraft,408,PE 408,jumper_pool
790,Mccomas Adriane,2026-04-29,3,false,77,PE 77,1113,F,early,2026-04-29T05:55:00+02:00,2026-04-29T13:25:00+02:00,420,assistant,Hilfskraft,77,PE 77,station
914,Harkins Silvia,2026-04-29,3,false,77,PE 77,1113,F,early,2026-04-29T05:55:00+02:00,2026-04-29T13:25:00+02:00,420,assistant,Hilfskraft,77,PE 77,station
2963,Hoots Renilde,2026-04-29,3,false,77,PE 77,1113,F,early,2026-04-29T05:55:00+02:00,2026-04-29T13:25:00+02:00,420,professional,Fachkraft,77,PE 77,station
3868,Vanfleet Eike,2026-04-29,3,false,77,PE 77,1113,F,early,2026-04-29T05:55:00+02:00,2026-04-29T13:25:00+02:00,420,professional,Fachkraft,77,PE 77,station
6928,Izzo Annelene,2026-04-29,3,false,77,PE 77,1113,F,early,2026-04-29T05:55:00+02:00,2026-04-29T13:25:00+02:00,420,mfa,MFA,77,PE 77,station
7496,Demarco Marcus,2026-04-29,3,false,77,PE 77,1113,F,early,2026-04-29T05:55:00+02:00,2026-04-29T13:25:00+02:00,420,professional,Fachkraft,77,PE 77,station
8052,Springer Greta,2026-04-29,3,false,77,PE 77,1113,F,early,2026-04-29T05:55:00+02:00,2026-04-29T13:25:00+02:00,420,trainee,Azubi,408,PE 408,jumper_pool
925,Farniok Lina,2026-04-29,3,false,77,PE 77,1453,Z,intermediate,2026-04-29T08:30:00+02:00,2026-04-29T14:15:00+02:00,345,professional,Fachkraft,77,PE 77,station
928,Wunderlich Daniele,2026-04-29,3,false,77,PE 77,1453,Z,intermediate,2026-04-29T08:30:00+02:00,2026-04-29T14:15:00+02:00,345,professional,Fachkraft,77,PE 77,station
924,Merriweather Bärbl,2026-04-29,3,false,77,PE 77,1605,S,late,2026-04-29T13:15:00+02:00,2026-04-29T21:00:00+02:00,435,professional,Fachkraft,77,PE 77,station
5367,Donis Henni,2026-04-29,3,false,77,PE 77,1605,S,late,2026-04-29T13:15:00+02:00,2026-04-29T21:00:00+02:00,435,assistant,Hilfskraft,77,PE 77,station
7028,Cranmer Gretlies,2026-04-29,3,false,77,PE 77,1605,S,late,2026-04-29T13:15:00+02:00,2026-04-29T21:00:00+02:00,435,professional,Fachkraft,77,PE 77,station
7606,Lenahan Oda,2026-04-29,3,false,77,PE 77,1605,S,late,2026-04-29T13:15:00+02:00,2026-04-29T21:00:00+02:00,435,assistant,Hilfskraft,77,PE 77,station
8048,Springer Cem,2026-04-29,3,false,77,PE 77,1605,S,late,2026-04-29T13:15:00+02:00,2026-04-29T21:00:00+02:00,435,professional,Fachkraft,408,PE 408,jumper_pool
791,Branz Janett,2026-04-29,3,false,77,PE 77,1690,N,night,2026-04-29T20:10:00+02:00,2026-04-30T06:10:00+02:00,555,professional,Fachkraft,77,PE 77,station
927,Mittrach Margaritt,2026-04-29,3,false,77,PE 77,1690,N,night,2026-04-29T20:10:00+02:00,2026-04-30T06:10:00+02:00,555,assistant,Hilfskraft,77,PE 77,station
1230,Palacio Constance,2026-04-29,3,false,77,PE 77,1690,N,night,2026-04-29T20:10:00+02:00,2026-04-30T06:10:00+02:00,555,professional,Fachkraft,77,PE 77,station
2932,Devers Kersten,2026-04-29,3,false,77,PE 77,1690,N,night,2026-04-29T20:10:00+02:00,2026-04-30T06:10:00+02:00,555,professional,Fachkraft,77,PE 77,station
3566,Seligman Elgine,2026-04-29,3,false,77,PE 77,1690,N,night,2026-04-29T20:10:00+02:00,2026-04-30T06:10:00+02:00,555,professional,Fachkraft,77,PE 77,station
6266,Clemmer Natalie,2026-04-29,3,false,77,PE 77,1690,N,night,2026-04-29T20:10:00+02:00,2026-04-30T06:10:00+02:00,555,professional,Fachkraft,77,PE 77,station
6727,Lenhart Fred,2026-04-29,3,false,77,PE 77,1690,N,night,2026-04-29T20:10:00+02:00,2026-04-30T06:10:00+02:00,555,professional,Fachkraft,77,PE 77,station
6836,Valentino Trude,2026-04-29,3,false,77,PE 77,1690,N,night,2026-04-29T20:10:00+02:00,2026-04-30T06:10:00+02:00,555,professional,Fachkraft,77,PE 77,station
6995,Brooker Berna,2026-04-29,3,false,77,PE 77,1690,N,night,2026-04-29T20:10:00+02:00,2026-04-30T06:10:00+02:00,555,professional,Fachkraft,77,PE 77,station
7124,Pirkle Xaver,2026-04-29,3,false,77,PE 77,1690,N,night,2026-04-29T20:10:00+02:00,2026-04-30T06:10:00+02:00,555,professional,Fachkraft,77,PE 77,station
7375,Fridam Gangolf,2026-04-29,3,false,77,PE 77,1690,N,night,2026-04-29T20:10:00+02:00,2026-04-30T06:10:00+02:00,555,professional,Fachkraft,77,PE 77,station
7378,Boulware Ina,2026-04-29,3,false,77,PE 77,1690,N,night,2026-04-29T20:10:00+02:00,2026-04-30T06:10:00+02:00,555,professional,Fachkraft,77,PE 77,station
7603,Roberson Ludger,2026-04-29,3,false,77,PE 77,1690,N,night,2026-04-29T20:10:00+02:00,2026-04-30T06:10:00+02:00,555,professional,Fachkraft,77,PE 77,station
7919,Weathers Irma,2026-04-29,3,false,77,PE 77,1690,N,night,2026-04-29T20:10:00+02:00,2026-04-30T06:10:00+02:00,555,professional,Fachkraft,77,PE 77,station
818,Wülfroth Luitgart,2026-04-29,3,false,79,PE 79,1113,F,early,2026-04-29T05:55:00+02:00,2026-04-29T13:25:00+02:00,420,professional,Fachkraft,79,PE 79,station
5318,Poindexter Rhiane,2026-04-29,3,false,79,PE 79,1113,F,early,2026-04-29T05:55:00+02:00,2026-04-29T13:25:00+02:00,420,assistant,Hilfskraft,79,PE 79,station
7132,Maderdonner Reinburga,2026-04-29,3,false,79,PE 79,1113,F,early,2026-04-29T05:55:00+02:00,2026-04-29T13:25:00+02:00,420,professional,Fachkraft,79,PE 79,station
7207,Roark Aloisia,2026-04-29,3,false,79,PE 79,1113,F,early,2026-04-29T05:55:00+02:00,2026-04-29T13:25:00+02:00,420,professional,Fachkraft,79,PE 79,station
844,Greenman Elia,2026-04-29,3,false,79,PE 79,1605,S,late,2026-04-29T13:15:00+02:00,2026-04-29T21:00:00+02:00,435,professional,Fachkraft,79,PE 79,station
1138,Kunkel Annehild,2026-04-29,3,false,79,PE 79,1605,S,late,2026-04-29T13:15:00+02:00,2026-04-29T21:00:00+02:00,435,professional,Fachkraft,79,PE 79,station
4158,Engel Veronica,2026-04-29,3,false,79,PE 79,1605,S,late,2026-04-29T13:15:00+02:00,2026-04-29T21:00:00+02:00,435,professional,Fachkraft,79,PE 79,station
1143,Dames Margareth,2026-04-29,3,false,79,PE 79,1690,N,night,2026-04-29T20:10:00+02:00,2026-04-30T06:10:00+02:00,555,professional,Fachkraft,79,PE 79,station
1150,Domingue Frowine,2026-04-29,3,false,79,PE 79,1690,N,night,2026-04-29T20:10:00+02:00,2026-04-30T06:10:00+02:00,555,professional,Fachkraft,79,PE 79,station
1161,Varney Anuschka,2026-04-29,3,false,79,PE 79,1690,N,night,2026-04-29T20:10:00+02:00,2026-04-30T06:10:00+02:00,555,professional,Fachkraft,79,PE 79,station
1226,Allan Diethard,2026-04-29,3,false,79,PE 79,1690,N,night,2026-04-29T20:10:00+02:00,2026-04-30T06:10:00+02:00,555,professional,Fachkraft,79,PE 79,station
3463,Pock Godelind,2026-04-29,3,false,79,PE 79,1690,N,night,2026-04-29T20:10:00+02:00,2026-04-30T06:10:00+02:00,555,professional,Fachkraft,79,PE 79,station
4064,Scheuenstuhl Rebecca,2026-04-29,3,false,79,PE 79,1690,N,night,2026-04-29T20:10:00+02:00,2026-04-30T06:10:00+02:00,555,professional,Fachkraft,79,PE 79,station
6330,Grotian Dorle,2026-04-29,3,false,79,PE 79,1690,N,night,2026-04-29T20:10:00+02:00,2026-04-30T06:10:00+02:00,555,professional,Fachkraft,79,PE 79,station
7131,Mccarley Elrike,2026-04-29,3,false,79,PE 79,1690,N,night,2026-04-29T20:10:00+02:00,2026-04-30T06:10:00+02:00,555,professional,Fachkraft,79,PE 79,station
8046,Springer Alina,2026-04-29,3,false,79,PE 79,1690,N,night,2026-04-29T20:10:00+02:00,2026-04-30T06:10:00+02:00,555,professional,Fachkraft,408,PE 408,jumper_pool
8047,Springer Boris,2026-04-29,3,false,79,PE 79,1690,N,night,2026-04-29T20:10:00+02:00,2026-04-30T06:10:00+02:00,555,professional,Fachkraft,408,PE 408,jumper_pool
8049,Springer Dana,2026-04-29,3,false,79,PE 79,1690,N,night,2026-04-29T20:10:00+02:00,2026-04-30T06:10:00+02:00,555,professional,Fachkraft,408,PE 408,jumper_pool
8051,Springer Farah,2026-04-29,3,false,79,PE 79,1690,N,night,2026-04-29T20:10:00+02:00,2026-04-30T06:10:00+02:00,555,assistant,Hilfskraft,408,PE 408,jumper_pool
790,Mccomas Adriane,2026-04-30,4,false,77,PE 77,1113,F,early,2026-04-30T05:55:00+02:00,2026-04-30T13:25:00+02:00,420,assistant,Hilfskraft,77,PE 77,station
914,Harkins Silvia,2026-04-30,4,false,77,PE 77,1113,F,early,2026-04-30T05:55:00+02:00,2026-04-30T13:25:00+02:00,420,assistant,Hilfskraft,77,PE 77,station
2963,Hoots Renilde,2026-04-30,4,false,77,PE 77,1113,F,early,2026-04-30T05:55:00+02:00,2026-04-30T13:25:00+02:00,420,professional,Fachkraft,77,PE 77,station
3868,Vanfleet Eike,2026-04-30,4,false,77,PE 77,1113,F,early,2026-04-30T05:55:00+02:00,2026-04-30T13:25:00+02:00,420,professional,Fachkraft,77,PE 77,station
6928,Izzo Annelene,2026-04-30,4,false,77,PE 77,1113,F,early,2026-04-30T05:55:00+02:00,2026-04-30T13:25:00+02:00,420,mfa,MFA,77,PE 77,station
7496,Demarco Marcus,2026-04-30,4,false,77,PE 77,1113,F,early,2026-04-30T05:55:00+02:00,2026-04-30T13:25:00+02:00,420,professional,Fachkraft,77,PE 77,station
8052,Springer Greta,2026-04-30,4,false,77,PE 77,1113,F,early,2026-04-30T05:55:00+02:00,2026-04-30T13:25:00+02:00,420,trainee,Azubi,408,PE 408,jumper_pool
924,Merriweather Bärbl,2026-04-30,4,false,77,PE 77,1453,Z,intermediate,2026-04-30T08:30:00+02:00,2026-04-30T14:15:00+02:00,345,professional,Fachkraft,77,PE 77,station
925,Farniok Lina,2026-04-30,4,false,77,PE 77,1453,Z,intermediate,2026-04-30T08:30:00+02:00,2026-04-30T14:15:00+02:00,345,professional,Fachkraft,77,PE 77,station
928,Wunderlich Daniele,2026-04-30,4,false,77,PE 77,1605,S,late,2026-04-30T13:15:00+02:00,2026-04-30T21:00:00+02:00,435,professional,Fachkraft,77,PE 77,station
1229,Onofre Mandy,2026-04-30,4,false,77,PE 77,1605,S,late,2026-04-30T13:15:00+02:00,2026-04-30T21:00:00+02:00,435,professional,Fachkraft,77,PE 77,station
7606,Lenahan Oda,2026-04-30,4,false,77,PE 77,1605,S,late,2026-04-30T13:15:00+02:00,2026-04-30T21:00:00+02:00,435,assistant,Hilfskraft,77,PE 77,station
7660,Rast Agatha,2026-04-30,4,false,77,PE 77,1605,S,late,2026-04-30T13:15:00+02:00,2026-04-30T21:00:00+02:00,435,assistant,Hilfskraft,77,PE 77,station
8048,Springer Cem,2026-04-30,4,false,77,PE 77,1605,S,late,2026-04-30T13:15:00+02:00,2026-04-30T21:00:00+02:00,435,professional,Fachkraft,408,PE 408,jumper_pool
917,Catoe Ingbert,2026-04-30,4,false,77,PE 77,1690,N,night,2026-04-30T20:10:00+02:00,2026-05-01T06:10:00+02:00,555,professional,Fachkraft,77,PE 77,station
927,Mittrach Margaritt,2026-04-30,4,false,77,PE 77,1690,N,night,2026-04-30T20:10:00+02:00,2026-05-01T06:10:00+02:00,555,assistant,Hilfskraft,77,PE 77,station
1230,Palacio Constance,2026-04-30,4,false,77,PE 77,1690,N,night,2026-04-30T20:10:00+02:00,2026-05-01T06:10:00+02:00,555,professional,Fachkraft,77,PE 77,station
2932,Devers Kersten,2026-04-30,4,false,77,PE 77,1690,N,night,2026-04-30T20:10:00+02:00,2026-05-01T06:10:00+02:00,555,professional,Fachkraft,77,PE 77,station
3566,Seligman Elgine,2026-04-30,4,false,77,PE 77,1690,N,night,2026-04-30T20:10:00+02:00,2026-05-01T06:10:00+02:00,555,professional,Fachkraft,77,PE 77,station
5367,Donis Henni,2026-04-30,4,false,77,PE 77,1690,N,night,2026-04-30T20:10:00+02:00,2026-05-01T06:10:00+02:00,555,assistant,Hilfskraft,77,PE 77,station
6266,Clemmer Natalie,2026-04-30,4,false,77,PE 77,1690,N,night,2026-04-30T20:10:00+02:00,2026-05-01T06:10:00+02:00,555,professional,Fachkraft,77,PE 77,station
6727,Lenhart Fred,2026-04-30,4,false,77,PE 77,1690,N,night,2026-04-30T20:10:00+02:00,2026-05-01T06:10:00+02:00,555,professional,Fachkraft,77,PE 77,station
6836,Valentino Trude,2026-04-30,4,false,77,PE 77,1690,N,night,2026-04-30T20:10:00+02:00,2026-05-01T06:10:00+02:00,555,professional,Fachkraft,77,PE 77,station
6995,Brooker Berna,2026-04-30,4,false,77,PE 77,1690,N,night,2026-04-30T20:10:00+02:00,2026-05-01T06:10:00+02:00,555,professional,Fachkraft,77,PE 77,station
7028,Cranmer Gretlies,2026-04-30,4,false,77,PE 77,1690,N,night,2026-04-30T20:10:00+02:00,2026-05-01T06:10:00+02:00,555,professional,Fachkraft,77,PE 77,station
7124,Pirkle Xaver,2026-04-30,4,false,77,PE 77,1690,N,night,2026-04-30T20:10:00+02:00,2026-05-01T06:10:00+02:00,555,professional,Fachkraft,77,PE 77,station
7375,Fridam Gangolf,2026-04-30,4,false,77,PE 77,1690,N,night,2026-04-30T20:10:00+02:00,2026-05-01T06:10:00+02:00,555,professional,Fachkraft,77,PE 77,station
7378,Boulware Ina,2026-04-30,4,false,77,PE 77,1690,N,night,2026-04-30T20:10:00+02:00,2026-05-01T06:10:00+02:00,555,professional,Fachkraft,77,PE 77,station
7603,Roberson Ludger,2026-04-30,4,false,77,PE 77,1690,N,night,2026-04-30T20:10:00+02:00,2026-05-01T06:10:00+02:00,555,professional,Fachkraft,77,PE 77,station
7919,Weathers Irma,2026-04-30,4,false,77,PE 77,1690,N,night,2026-04-30T20:10:00+02:00,2026-05-01T06:10:00+02:00,555,professional,Fachkraft,77,PE 77,station
8049,Springer Dana,2026-04-30,4,false,77,PE 77,1690,N,night,2026-04-30T20:10:00+02:00,2026-05-01T06:10:00+02:00,555,professional,Fachkraft,408,PE 408,jumper_pool
818,Wülfroth Luitgart,2026-04-30,4,false,79,PE 79,1113,F,early,2026-04-30T05:55:00+02:00,2026-04-30T13:25:00+02:00,420,professional,Fachkraft,79,PE 79,station
5318,Poindexter Rhiane,2026-04-30,4,false,79,PE 79,1113,F,early,2026-04-30T05:55:00+02:00,2026-04-30T13:25:00+02:00,420,assistant,Hilfskraft,79,PE 79,station
7207,Roark Aloisia,2026-04-30,4,false,79,PE 79,1113,F,early,2026-04-30T05:55:00+02:00,2026-04-30T13:25:00+02:00,420,professional,Fachkraft,79,PE 79,station
8050,Springer Emil,2026-04-30,4,false,79,PE 79,1113,F,early,2026-04-30T05:55:00+02:00,2026-04-30T13:25:00+02:00,420,professional,Fachkraft,408,PE 408,jumper_pool
844,Greenman Elia,2026-04-30,4,false,79,PE 79,1605,S,late,2026-04-30T13:15:00+02:00,2026-04-30T21:00:00+02:00,435,professional,Fachkraft,79,PE 79,station
1138,Kunkel Annehild,2026-04-30,4,false,79,PE 79,1605,S,late,2026-04-30T13:15:00+02:00,2026-04-30T21:00:00+02:00,435,professional,Fachkraft,79,PE 79,station
4158,Engel Veronica,2026-04-30,4,false,79,PE 79,1605,S,late,2026-04-30T13:15:00+02:00,2026-04-30T21:00:00+02:00,435,professional,Fachkraft,79,PE 79,station
1143,Dames Margareth,2026-04-30,4,false,79,PE 79,1690,N,night,2026-04-30T20:10:00+02:00,2026-05-01T06:10:00+02:00,555,professional,Fachkraft,79,PE 79,station
1161,Varney Anuschka,2026-04-30,4,false,79,PE 79,1690,N,night,2026-04-30T20:10:00+02:00,2026-05-01T06:10:00+02:00,555,professional,Fachkraft,79,PE 79,station
1226,Allan Diethard,2026-04-30,4,false,79,PE 79,1690,N,night,2026-04-30T20:10:00+02:00,2026-05-01T06:10:00+02:00,555,professional,Fachkraft,79,PE 79,station
3463,Pock Godelind,2026-04-30,4,false,79,PE 79,1690,N,night,2026-04-30T20:10:00+02:00,2026-05-01T06:10:00+02:00,555,professional,Fachkraft,79,PE 79,station
4064,Scheuenstuhl Rebecca,2026-04-30,4,false,79,PE 79,1690,N,night,2026-04-30T20:10:00+02:00,2026-05-01T06:10:00+02:00,555,professional,Fachkraft,79,PE 79,station
5002,Britt Ingerose,2026-04-30,4,false,79,PE 79,1690,N,night,2026-04-30T20:10:00+02:00,2026-05-01T06:10:00+02:00,555,professional,Fachkraft,79,PE 79,station
7131,Mccarley Elrike,2026-04-30,4,false,79,PE 79,1690,N,night,2026-04-30T20:10:00+02:00,2026-05-01T06:10:00+02:00,555,professional,Fachkraft,79,PE 79,station
7132,Maderdonner Reinburga,2026-04-30,4,false,79,PE 79,1690,N,night,2026-04-30T20:10:00+02:00,2026-05-01T06:10:00+02:00,555,professional,Fachkraft,79,PE 79,station
8046,Springer Alina,2026-04-30,4,false,79,PE 79,1690,N,night,2026-04-30T20:10:00+02:00,2026-05-01T06:10:00+02:00,555,professional,Fachkraft,408,PE 408,jumper_pool
8047,Springer Boris,2026-04-30,4,false,79,PE 79,1690,N,night,2026-04-30T20:10:00+02:00,2026-05-01T06:10:00+02:00,555,professional,Fachkraft,408,PE 408,jumper_pool
8051,Springer Farah,2026-04-30,4,false,79,PE 79,1690,N,night,2026-04-30T20:10:00+02:00,2026-05-01T06:10:00+02:00,555,assistant,Hilfskraft,408,PE 408,jumper_pool
