employee_id,employee_name,date,weekday,is_public_holiday,planning_unit_id,planning_unit_name,shift_id,shift_code,shift_type,start_at,end_at,net_work_minutes,staff_level,qualifikation,origin_unit_id,origin_unit_name,origin_unit_type
917,Catoe Ingbert,2026-03-01,7,false,77,PE 77,1113,F,early,2026-03-01T05:55:00+01:00,2026-03-01T13:25:00+01:00,420,professional,Fachkraft,77,PE 77,station
921,Keese Jenny,2026-03-01,7,false,77,PE 77,1113,F,early,2026-03-01T05:55:00+01:00,2026-03-01T13:25:00+01:00,420,professional,Fachkraft,77,PE 77,station
927,Mittrach Margaritt,2026-03-01,7,false,77,PE 77,1113,F,early,2026-03-01T05:55:00+01:00,2026-03-01T13:25:00+01:00,420,assistant,Hilfskraft,77,PE 77,station
928,Wunderlich Daniele,2026-03-01,7,false,77,PE 77,1113,F,early,2026-03-01T05:55:00+01:00,2026-03-01T13:25:00+01:00,420,professional,Fachkraft,77,PE 77,station
7606,Lenahan Oda,2026-03-01,7,false,77,PE 77,1113,F,early,2026-03-01T05:55:00+01:00,2026-03-01T13:25:00+01:00,420,assistant,Hilfskraft,77,PE 77,station
924,Merriweather Bärbl,2026-03-01,7,false,77,PE 77,1605,S,late,2026-03-01T13:15:00+01:00,2026-03-01T21:00:00+01:00,435,professional,Fachkraft,77,PE 77,station
925,Farniok Lina,2026-03-01,7,false,77,PE 77,1605,S,late,2026-03-01T13:15:00+01:00,2026-03-01T21:00:00+01:00,435,professional,Fachkraft,77,PE 77,station
3566,Seligman Elgine,2026-03-01,7,false,77,PE 77,1605,S,late,2026-03-01T13:15:00+01:00,2026-03-01T21:00:00+01:00,435,professional,Fachkraft,77,PE 77,station
5367,Donis Henni,2026-03-01,7,false,77,PE 77,1605,S,late,2026-03-01T13:15:00+01:00,2026-03-01T21:00:00+01:00,435,assistant,Hilfskraft,77,PE 77,station
791,Branz Janett,2026-03-01,7,false,77,PE 77,1690,N,night,2026-03-01T20:10:00+01:00,2026-03-02T06:10:00+01:00,555,professional,Fachkraft,77,PE 77,station
7124,Pirkle Xaver,2026-03-01,7,false,77,PE 77,1690,N,night,2026-03-01T20:10:00+01:00,2026-03-02T06:10:00+01:00,555,professional,Fachkraft,77,PE 77,station
4073,Przybylski Ingemarie,2026-03-01,7,false,78,PE 78,1113,F,early,2026-03-01T05:55:00+01:00,2026-03-01T13:25:00+01:00,420,professional,Fachkraft,78,PE 78,station
8052,Springer Greta,2026-03-01,7,false,78,PE 78,1113,F,early,2026-03-01T05:55:00+01:00,2026-03-01T13:25:00+01:00,420,trainee,Azubi,408,PE 408,jumper_pool
6977,Pilgram Marinette,2026-03-01,7,false,78,PE 78,1605,S,late,2026-03-01T13:15:00+01:00,2026-03-01T21:00:00+01:00,435,professional,Fachkraft,78,PE 78,station
2946,Homes Swetlana,2026-03-01,7,false,78,PE 78,1690,N,night,2026-03-01T20:10:00+01:00,2026-03-02T06:10:00+01:00,555,professional,Fachkraft,78,PE 78,station
4158,Engel Veronica,2026-03-01,7,false,79,PE 79,1113,F,early,2026-03-01T05:55:00+01:00,2026-03-01T13:25:00+01:00,420,professional,Fachkraft,79,PE 79,station
5318,Poindexter Rhiane,2026-03-01,7,false,79,PE 79,1113,F,early,2026-03-01T05:55:00+01:00,2026-03-01T13:25:00+01:00,420,assistant,Hilfskraft,79,PE 79,station
6330,Grotian Dorle,2026-03-01,7,false,79,PE 79,1113,F,early,2026-03-01T05:55:00+01:00,2026-03-01T13:25:00+01:00,420,professional,Fachkraft,79,PE 79,station
1150,Domingue Frowine,2026-03-01,7,false,79,PE 79,1453,Z,intermediate,2026-03-01T08:30:00+01:00,2026-03-01T14:15:00+01:00,345,professional,Fachkraft,79,PE 79,station
7132,Maderdonner Reinburga,2026-03-01,7,false,79,PE 79,1605,S,late,2026-03-01T13:15:00+01:00,2026-03-01T21:00:00+01:00,435,professional,Fachkraft,79,PE 79,station
7207,Roark Aloisia,2026-03-01,7,false,79,PE 79,1605,S,late,2026-03-01T13:15:00+01:00,2026-03-01T21:00:00+01:00,435,professional,Fachkraft,79,PE 79,station
1143,Dames Margareth,2026-03-01,7,false,79,PE 79,1690,N,night,2026-03-01T20:10:00+01:00,2026-03-02T06:10:00+01:00,555,professional,Fachkraft,79,PE 79,station
1226,Allan Diethard,2026-03-01,7,false,79,PE 79,1690,N,night,2026-03-01T20:10:00+01:00,2026-03-02T06:10:00+01:00,555,professional,Fachkraft,79,PE 79,station
5002,Britt Ingerose,2026-03-01,7,false,79,PE 79,1690,N,night,2026-03-01T20:10:00+01:00,2026-03-02T06:10:00+01:00,555,professional,Fachkraft,79,PE 79,station
1200,Stice Ingunde,2026-03-01,7,false,83,PE 83,1113,F,early,2026-03-01T05:55:00+01:00,2026-03-01T13:25:00+01:00,420,professional,Fachkraft,83,PE 83,station
4083,Drumm Wiegand,2026-03-01,7,false,83,PE 83,1113,F,early,2026-03-01T05:55:00+01:00,2026-03-01T13:25:00+01:00,420,professional,Fachkraft,83,PE 83,station
8046,Springer Alina,2026-03-01,7,false,83,PE 83,1113,F,early,2026-03-01T05:55:00+01:00,2026-03-01T13:25:00+01:00,420,professional,Fachkraft,408,PE 408,jumper_pool
1224,Mattingly Ännchen,2026-03-01,7,false,83,PE 83,1605,S,late,2026-03-01T13:15:00+01:00,2026-03-01T21:00:00+01:00,435,professional,Fachkraft,83,PE 83,station
946,Macdowell Lidia,2026-03-01,7,false,85,PE 85,1113,F,early,2026-03-01T05:55:00+01:00,2026-03-01T13:25:00+01:00,420,professional,Fachkraft,85,PE 85,station
5920,Carreras Augustin,2026-03-01,7,false,85,PE 85,1113,F,early,2026-03-01T05:55:00+01:00,2026-03-01T13:25:00+01:00,420,professional,Fachkraft,85,PE 85,station
459,Shoemake Sandra,2026-03-01,7,false,85,PE 85,1605,S,late,2026-03-01T13:15:00+01:00,2026-03-01T21:00:00+01:00,435,professional,Fachkraft,85,PE 85,station
941,Mosqueda Adelina,2026-03-01,7,false,85,PE 85,1605,S,late,2026-03-01T13:15:00+01:00,2026-03-01T21:00:00+01:00,435,professional,Fachkraft,85,PE 85,station
1474,Renna Rotraud,2026-03-01,7,false,85,PE 85,1690,N,night,2026-03-01T20:10:00+01:00,2026-03-02T06:10:00+01:00,555,professional,Fachkraft,85,PE 85,station
3642,Phinney Alheid,2026-03-01,7,false,88,PE 88,1113,F,early,2026-03-01T05:55:00+01:00,2026-03-01T13:25:00+01:00,420,professional,Fachkraft,88,PE 88,station
6318,Gamblin Uschi,2026-03-01,7,false,88,PE 88,1113,F,early,2026-03-01T05:55:00+01:00,2026-03-01T13:25:00+01:00,420,professional,Fachkraft,68,PE 68,jumper_pool
6724,Vinton Gerda,2026-03-01,7,false,88,PE 88,1113,F,early,2026-03-01T05:55:00+01:00,2026-03-01T13:25:00+01:00,420,professional,Fachkraft,68,PE 68,jumper_pool
7006,Cormier Sigrid,2026-03-01,7,false,88,PE 88,1113,F,early,2026-03-01T05:55:00+01:00,2026-03-01T13:25:00+01:00,420,professional,Fachkraft,68,PE 68,jumper_pool
7490,Waldinger Annemargr,2026-03-01,7,false,88,PE 88,1453,Z,intermediate,2026-03-01T08:30:00+01:00,2026-03-01T14:15:00+01:00,345,professional,Fachkraft,68,PE 68,jumper_pool
1184,Pedroza Bertwalda,2026-03-01,7,false,88,PE 88,1605,S,late,2026-03-01T13:15:00+01:00,2026-03-01T21:00:00+01:00,435,professional,Fachkraft,88,PE 88,station
1191,Anoch Theobald,2026-03-01,7,false,88,PE 88,1605,S,late,2026-03-01T13:15:00+01:00,2026-03-01T21:00:00+01:00,435,professional,Fachkraft,88,PE 88,station
835,Ciaccio Josefa,2026-03-01,7,false,337,PE 337,1113,F,early,2026-03-01T05:55:00+01:00,2026-03-01T13:25:00+01:00,420,professional,Fachkraft,68,PE 68,jumper_pool
917,Catoe Ingbert,2026-03-02,1,false,77,PE 77,1113,F,early,2026-03-02T05:55:00+01:00,2026-03-02T13:25:00+01:00,420,professional,Fachkraft,77,PE 77,station
921,Keese Jenny,2026-03-02,1,false,77,PE 77,1113,F,early,2026-03-02T05:55:00+01:00,2026-03-02T13:25:00+01:00,420,professional,Fachkraft,77,PE 77,station
927,Mittrach Margaritt,2026-03-02,1,false,77,PE 77,1113,F,early,2026-03-02T05:55:00+01:00,2026-03-02T13:25:00+01:00,420,assistant,Hilfskraft,77,PE 77,station
7378,Boulware Ina,2026-03-02,1,false,77,PE 77,1113,F,early,2026-03-02T05:55:00+01:00,2026-03-02T13:25:00+01:00,420,professional,Fachkraft,77,PE 77,station
7606,Lenahan Oda,2026-03-02,1,false,77,PE 77,1113,F,early,2026-03-02T05:55:00+01:00,2026-03-02T13:25:00+01:00,420,assistant,Hilfskraft,77,PE 77,station
6266,Clemmer Natalie,2026-03-02,1,false,77,PE 77,1453,Z,intermediate,2026-03-02T08:30:00+01:00,2026-03-02T14:15:00+01:00,345,professional,Fachkraft,77,PE 77,station
6727,Lenhart Fred,2026-03-02,1,false,77,PE 77,1453,Z,intermediate,2026-03-02T08:30:00+01:00,2026-03-02T14:15:00+01:00,345,professional,Fachkraft,77,PE 77,station
790,Mccomas Adriane,2026-03-02,1,false,77,PE 77,1605,S,late,2026-03-02T13:15:00+01:00,2026-03-02T21:00:00+01:00,435,assistant,Hilfskraft,77,PE 77,station
925,Farniok Lina,2026-03-02,1,false,77,PE 77,1605,S,late,2026-03-02T13:15:00+01:00,2026-03-02T21:00:00+01:00,435,professional,Fachkraft,77,PE 77,station
928,Wunderlich Daniele,2026-03-02,1,false,77,PE 77,1605,S,late,2026-03-02T13:15:00+01:00,2026-03-02T21:00:00+01:00,435,professional,Fachkraft,77,PE 77,station
7028,Cranmer Gretlies,2026-03-02,1,false,77,PE 77,1605,S,late,2026-03-02T13:15:00+01:00,2026-03-02T21:00:00+01:00,435,professional,Fachkraft,77,PE 77,station
7660,Rast Agatha,2026-03-02,1,false,77,PE 77,1605,S,late,2026-03-02T13:15:00+01:00,2026-03-02T21:00:00+01:00,435,assistant,Hilfskraft,77,PE 77,station
791,Branz Janett,2026-03-02,1,false,77,PE 77,1690,N,night,2026-03-02T20:10:00+01:00,2026-03-03T06:10:00+01:00,555,professional,Fachkraft,77,PE 77,station
7124,Pirkle Xaver,2026-03-02,1,false,77,PE 77,1690,N,night,2026-03-02T20:10:00+01:00,2026-03-03T06:10:00+01:00,555,professional,Fachkraft,77,PE 77,station
839,Säuffert Liselotte,2026-03-02,1,false,78,PE 78,1113,F,early,2026-03-02T05:55:00+01:00,2026-03-02T13:25:00+01:00,420,assistant,Hilfskraft,68,PE 68,jumper_pool
4073,Przybylski Ingemarie,2026-03-02,1,false,78,PE 78,1113,F,early,2026-03-02T05:55:00+01:00,2026-03-02T13:25:00+01:00,420,professional,Fachkraft,78,PE 78,station
2939,Snead Ehrentrau,2026-03-02,1,false,78,PE 78,1605,S,late,2026-03-02T13:15:00+01:00,2026-03-02T21:00:00+01:00,435,professional,Fachkraft,78,PE 78,station
2946,Homes Swetlana,2026-03-02,1,false,78,PE 78,1690,N,night,2026-03-02T20:10:00+01:00,2026-03-03T06:10:00+01:00,555,professional,Fachkraft,78,PE 78,station
6977,Pilgram Marinette,2026-03-02,1,false,78,PE 78,1690,N,night,2026-03-02T20:10:00+01:00,2026-03-03T06:10:00+01:00,555,professional,Fachkraft,78,PE 78,station
818,Wülfroth Luitgart,2026-03-02,1,false,79,PE 79,1113,F,early,2026-03-02T05:55:00+01:00,2026-03-02T13:25:00+01:00,420,professional,Fachkraft,79,PE 79,station
4158,Engel Veronica,2026-03-02,1,false,79,PE 79,1113,F,early,2026-03-02T05:55:00+01:00,2026-03-02T13:25:00+01:00,420,professional,Fachkraft,79,PE 79,station
5318,Poindexter Rhiane,2026-03-02,1,false,79,PE 79,1113,F,early,2026-03-02T05:55:00+01:00,2026-03-02T13:25:00+01:00,420,assistant,Hilfskraft,79,PE 79,station
7131,Mccarley Elrike,2026-03-02,1,false,79,PE 79,1113,F,early,2026-03-02T05:55:00+01:00,2026-03-02T13:25:00+01:00,420,professional,Fachkraft,79,PE 79,station
1150,Domingue Frowine,2026-03-02,1,false,79,PE 79,1453,Z,intermediate,2026-03-02T08:30:00+01:00,2026-03-02T14:15:00+01:00,345,professional,Fachkraft,79,PE 79,station
844,Greenman Elia,2026-03-02,1,false,79,PE 79,1605,S,late,2026-03-02T13:15:00+01:00,2026-03-02T21:00:00+01:00,435,professional,Fachkraft,79,PE 79,station
6330,Grotian Dorle,2026-03-02,1,false,79,PE 79,1605,S,late,2026-03-02T13:15:00+01:00,2026-03-02T21:00:00+01:00,435,professional,Fachkraft,79,PE 79,station
7207,Roark Aloisia,2026-03-02,1,false,79,PE 79,1605,S,late,2026-03-02T13:15:00+01:00,2026-03-02T21:00:00+01:00,435,professional,Fachkraft,79,PE 79,station
5002,Britt Ingerose,2026-03-02,1,false,79,PE 79,1690,N,night,2026-03-02T20:10:00+01:00,2026-03-03T06:10:00+01:00,555,professional,Fachkraft,79,PE 79,station
7132,Maderdonner Reinburga,2026-03-02,1,false,79,PE 79,1690,N,night,2026-03-02T20:10:00+01:00,2026-03-03T06:10:00+01:00,555,professional,Fachkraft,79,PE 79,station
1200,Stice Ingunde,2026-03-02,1,false,83,PE 83,1113,F,early,2026-03-02T05:55:00+01:00,2026-03-02T13:25:00+01:00,420,professional,Fachkraft,83,PE 83,station
1209,Cobbs Delia,2026-03-02,1,false,83,PE 83,1113,F,early,2026-03-02T05:55:00+01:00,2026-03-02T13:25:00+01:00,420,professional,Fachkraft,83,PE 83,station
4083,Drumm Wiegand,2026-03-02,1,false,83,PE 83,1113,F,early,2026-03-02T05:55:00+01:00,2026-03-02T13:25:00+01:00,420,professional,Fachkraft,83,PE 83,station
7490,Waldinger Annemargr,2026-03-02,1,false,83,PE 83,1113,F,early,2026-03-02T05:55:00+01:00,2026-03-02T13:25:00+01:00,420,professional,Fachkraft,68,PE 68,jumper_pool
8052,Springer Greta,2026-03-02,1,false,83,PE 83,1113,F,early,2026-03-02T05:55:00+01:00,2026-03-02T13:25:00+01:00,420,trainee,Azubi,408,PE 408,jumper_pool
918,Ambriz Waltraud,2026-03-02,1,false,83,PE 83,1605,S,late,2026-03-02T13:15:00+01:00,2026-03-02T21:00:00+01:00,435,professional,Fachkraft,68,PE 68,jumper_pool
1199,Connor Wanda,2026-03-02,1,false,83,PE 83,1605,S,late,2026-03-02T13:15:00+01:00,2026-03-02T21:00:00+01:00,435,professional,Fachkraft,83,PE 83,station
4101,Stott Birkhild,2026-03-02,1,false,83,PE 83,1605,S,late,2026-03-02T13:15:00+01:00,2026-03-02T21:00:00+01:00,435,professional,Fachkraft,83,PE 83,station
1203,Nadeau Annelen,2026-03-02,1,false,83,PE 83,1690,N,night,2026-03-02T20:10:00+01:00,2026-03-03T06:10:00+01:00,555,professional,Fachkraft,83,PE 83,station
843,Flanagan Mirjam,2026-03-02,1,false,85,PE 85,1113,F,early,2026-03-02T05:55:00+01:00,2026-03-02T13:25:00+01:00,420,assistant,Hilfskraft,68,PE 68,jumper_pool
4082,Dufour Dahlia,2026-03-02,1,false,85,PE 85,1113,F,early,2026-03-02T05:55:00+01:00,2026-03-02T13:25:00+01:00,420,professional,Fachkraft,85,PE 85,station
5866,Mcbrayer Siegmar,2026-03-02,1,false,85,PE 85,1113,F,early,2026-03-02T05:55:00+01:00,2026-03-02T13:25:00+01:00,420,professional,Fachkraft,85,PE 85,station
803,Reis Richardis,2026-03-02,1,false,85,PE 85,1453,Z,intermediate,2026-03-02T08:30:00+01:00,2026-03-02T14:15:00+01:00,345,professional,Fachkraft,85,PE 85,station
459,Shoemake Sandra,2026-03-02,1,false,85,PE 85,1605,S,late,2026-03-02T13:15:00+01:00,2026-03-02T21:00:00+01:00,435,professional,Fachkraft,85,PE 85,station
5920,Carreras Augustin,2026-03-02,1,false,85,PE 85,1605,S,late,2026-03-02T13:15:00+01:00,2026-03-02T21:00:00+01:00,435,professional,Fachkraft,85,PE 85,station
941,Mosqueda Adelina,2026-03-02,1,false,85,PE 85,1690,N,night,2026-03-02T20:10:00+01:00,2026-03-03T06:10:00+01:00,555,professional,Fachkraft,85,PE 85,station
1238,Zucker Helfred,2026-03-02,1,false,88,PE 88,1113,F,early,2026-03-02T05:55:00+01:00,2026-03-02T13:25:00+01:00,420,professional,Fachkraft,88,PE 88,station
6259,Trovato Annette,2026-03-02,1,false,88,PE 88,1113,F,early,2026-03-02T05:55:00+01:00,2026-03-02T13:25:00+01:00,420,professional,Fachkraft,68,PE 68,jumper_pool
7006,Cormier Sigrid,2026-03-02,1,false,88,PE 88,1113,F,early,2026-03-02T05:55:00+01:00,2026-03-02T13:25:00+01:00,420,professional,Fachkraft,68,PE 68,jumper_pool
8046,Springer Alina,2026-03-02,1,false,88,PE 88,1113,F,early,2026-03-02T05:55:00+01:00,2026-03-02T13:25:00+01:00,420,professional,Fachkraft,408,PE 408,jumper_pool
8048,Springer Cem,2026-03-02,1,false,88,PE 88,1113,F,early,2026-03-02T05:55:00+01:00,2026-03-02T13:25:00+01:00,420,professional,Fachkraft,408,PE 408,jumper_pool
1184,Pedroza Bertwalda,2026-03-02,1,false,88,PE 88,1605,S,late,2026-03-02T13:15:00+01:00,2026-03-02T21:00:00+01:00,435,professional,Fachkraft,88,PE 88,station
1191,Anoch Theobald,2026-03-02,1,false,88,PE 88,1605,S,late,2026-03-02T13:15:00+01:00,2026-03-02T21:00:00+01:00,435,professional,Fachkraft,88,PE 88,station
1231,Lary Rüdiger,2026-03-02,1,false,88,PE 88,1605,S,late,2026-03-02T13:15:00+01:00,2026-03-02T21:00:00+01:00,435,professional,Fachkraft,88,PE 88,station
6318,Gamblin Uschi,2026-03-02,1,false,337,PE 337,1113,F,early,2026-03-02T05:55:00+01:00,2026-03-02T13:25:00+01:00,420,professional,Fachkraft,68,PE 68,jumper_pool
1167,Min Friedhard,2026-03-02,1,false,337,PE 337,1605,S,late,2026-03-02T13:15:00+01:00,2026-03-02T21:00:00+01:00,435,professional,Fachkraft,337,PE 337,station
921,Keese Jenny,2026-03-03,2,false,77,PE 77,1113,F,early,2026-03-03T05:55:00+01:00,2026-03-03T13:25:00+01:00,420,professional,Fachkraft,77,PE 77,station
5367,Donis Henni,2026-03-03,2,false,77,PE 77,1113,F,early,2026-03-03T05:55:00+01:00,2026-03-03T13:25:00+01:00,420,assistant,Hilfskraft,77,PE 77,station
6727,Lenhart Fred,2026-03-03,2,false,77,PE 77,1113,F,early,2026-03-03T05:55:00+01:00,2026-03-03T13:25:00+01:00,420,professional,Fachkraft,77,PE 77,station
7378,Boulware Ina,2026-03-03,2,false,77,PE 77,1113,F,early,2026-03-03T05:55:00+01:00,2026-03-03T13:25:00+01:00,420,professional,Fachkraft,77,PE 77,station
7606,Lenahan Oda,2026-03-03,2,false,77,PE 77,1113,F,early,2026-03-03T05:55:00+01:00,2026-03-03T13:25:00+01:00,420,assistant,Hilfskraft,77,PE 77,station
924,Merriweather Bärbl,2026-03-03,2,false,77,PE 77,1453,Z,intermediate,2026-03-03T08:30:00+01:00,2026-03-03T14:15:00+01:00,345,professional,Fachkraft,77,PE 77,station
1229,Onofre Mandy,2026-03-03,2,false,77,PE 77,1453,Z,intermediate,2026-03-03T08:30:00+01:00,2026-03-03T14:15:00+01:00,345,professional,Fachkraft,77,PE 77,station
3868,Vanfleet Eike,2026-03-03,2,false,77,PE 77,1453,Z,intermediate,2026-03-03T08:30:00+01:00,2026-03-03T14:15:00+01:00,345,professional,Fachkraft,77,PE 77,station
6836,Valentino Trude,2026-03-03,2,false,77,PE 77,1453,Z,intermediate,2026-03-03T08:30:00+01:00,2026-03-03T14:15:00+01:00,345,professional,Fachkraft,77,PE 77,station
6928,Izzo Annelene,2026-03-03,2,false,77,PE 77,1453,Z,intermediate,2026-03-03T08:30:00+01:00,2026-03-03T14:15:00+01:00,345,mfa,MFA,77,PE 77,station
6995,Brooker Berna,2026-03-03,2,false,77,PE 77,1453,Z,intermediate,2026-03-03T08:30:00+01:00,2026-03-03T14:15:00+01:00,345,professional,Fachkraft,77,PE 77,station
790,Mccomas Adriane,2026-03-03,2,false,77,PE 77,1605,S,late,2026-03-03T13:15:00+01:00,2026-03-03T21:00:00+01:00,435,assistant,Hilfskraft,77,PE 77,station
3566,Seligman Elgine,2026-03-03,2,false,77,PE 77,1605,S,late,2026-03-03T13:15:00+01:00,2026-03-03T21:00:00+01:00,435,professional,Fachkraft,77,PE 77,station
7375,Fridam Gangolf,2026-03-03,2,false,77,PE 77,1605,S,late,2026-03-03T13:15:00+01:00,2026-03-03T21:00:00+01:00,435,professional,Fachkraft,77,PE 77,station
7603,Roberson Ludger,2026-03-03,2,false,77,PE 77,1605,S,late,2026-03-03T13:15:00+01:00,2026-03-03T21:00:00+01:00,435,professional,Fachkraft,77,PE 77,station
7660,Rast Agatha,2026-03-03,2,false,77,PE 77,1605,S,late,2026-03-03T13:15:00+01:00,2026-03-03T21:00:00+01:00,435,assistant,Hilfskraft,77,PE 77,station
1230,Palacio Constance,2026-03-03,2,false,77,PE 77,1690,N,night,2026-03-03T20:10:00+01:00,2026-03-04T06:10:00+01:00,555,professional,Fachkraft,77,PE 77,station
6266,Clemmer Natalie,2026-03-03,2,false,77,PE 77,1690,N,night,2026-03-03T20:10:00+01:00,2026-03-04T06:10:00+01:00,555,professional,Fachkraft,77,PE 77,station
7028,Cranmer Gretlies,2026-03-03,2,false,77,PE 77,1690,N,night,2026-03-03T20:10:00+01:00,2026-03-04T06:10:00+01:00,555,professional,Fachkraft,77,PE 77,station
7496,Demarco Marcus,2026-03-03,2,false,77,PE 77,1690,N,night,2026-03-03T20:10:00+01:00,2026-03-04T06:10:00+01:00,555,professional,Fachkraft,77,PE 77,station
7919,Weathers Irma,2026-03-03,2,false,77,PE 77,1690,N,night,2026-03-03T20:10:00+01:00,2026-03-04T06:10:00+01:00,555,professional,Fachkraft,77,PE 77,station
839,Säuffert Liselotte,2026-03-03,2,false,78,PE 78,1113,F,early,2026-03-03T05:55:00+01:00,2026-03-03T13:25:00+01:00,420,assistant,Hilfskraft,68,PE 68,jumper_pool
4073,Przybylski Ingemarie,2026-03-03,2,false,78,PE 78,1113,F,early,2026-03-03T05:55:00+01:00,2026-03-03T13:25:00+01:00,420,professional,Fachkraft,78,PE 78,station
4081,Burgard Marfriede,2026-03-03,2,false,78,PE 78,1453,Z,intermediate,2026-03-03T08:30:00+01:00,2026-03-03T14:15:00+01:00,345,professional,Fachkraft,78,PE 78,station
1144,Dalessandro Daniela,2026-03-03,2,false,78,PE 78,1605,S,late,2026-03-03T13:15:00+01:00,2026-03-03T21:00:00+01:00,435,professional,Fachkraft,78,PE 78,station
1147,Czerwinski Pauline,2026-03-03,2,false,78,PE 78,1605,S,late,2026-03-03T13:15:00+01:00,2026-03-03T21:00:00+01:00,435,professional,Fachkraft,78,PE 78,station
1175,Paladino Heideline,2026-03-03,2,false,78,PE 78,1690,N,night,2026-03-03T20:10:00+01:00,2026-03-04T06:10:00+01:00,555,professional,Fachkraft,78,PE 78,station
2939,Snead Ehrentrau,2026-03-03,2,false,78,PE 78,1690,N,night,2026-03-03T20:10:00+01:00,2026-03-04T06:10:00+01:00,555,professional,Fachkraft,78,PE 78,station
4100,Storck Leonore,2026-03-03,2,false,78,PE 78,1690,N,night,2026-03-03T20:10:00+01:00,2026-03-04T06:10:00+01:00,555,professional,Fachkraft,78,PE 78,station
818,Wülfroth Luitgart,2026-03-03,2,false,79,PE 79,1113,F,early,2026-03-03T05:55:00+01:00,2026-03-03T13:25:00+01:00,420,professional,Fachkraft,79,PE 79,station
1138,Kunkel Annehild,2026-03-03,2,false,79,PE 79,1113,F,early,2026-03-03T05:55:00+01:00,2026-03-03T13:25:00+01:00,420,professional,Fachkraft,79,PE 79,station
5318,Poindexter Rhiane,2026-03-03,2,false,79,PE 79,1113,F,early,2026-03-03T05:55:00+01:00,2026-03-03T13:25:00+01:00,420,assistant,Hilfskraft,79,PE 79,station
7131,Mccarley Elrike,2026-03-03,2,false,79,PE 79,1113,F,early,2026-03-03T05:55:00+01:00,2026-03-03T13:25:00+01:00,420,professional,Fachkraft,79,PE 79,station
3463,Pock Godelind,2026-03-03,2,false,79,PE 79,1453,Z,intermediate,2026-03-03T08:30:00+01:00,2026-03-03T14:15:00+01:00,345,professional,Fachkraft,79,PE 79,station
844,Greenman Elia,2026-03-03,2,false,79,PE 79,1605,S,late,2026-03-03T13:15:00+01:00,2026-03-03T21:00:00+01:00,435,professional,Fachkraft,79,PE 79,station
1161,Varney Anuschka,2026-03-03,2,false,79,PE 79,1605,S,late,2026-03-03T13:15:00+01:00,2026-03-03T21:00:00+01:00,435,professional,Fachkraft,79,PE 79,station
6330,Grotian Dorle,2026-03-03,2,false,79,PE 79,1605,S,late,2026-03-03T13:15:00+01:00,2026-03-03T21:00:00+01:00,435,professional,Fachkraft,79,PE 79,station
1150,Domingue Frowine,2026-03-03,2,false,79,PE 79,1690,N,night,2026-03-03T20:10:00+01:00,2026-03-04T06:10:00+01:00,555,professional,Fachkraft,79,PE 79,station
7132,Maderdonner Reinburga,2026-03-03,2,false,79,PE 79,1690,N,night,2026-03-03T20:10:00+01:00,2026-03-04T06:10:00+01:00,555,professional,Fachkraft,79,PE 79,station
1200,Stice Ingunde,2026-03-03,2,false,83,PE 83,1113,F,early,2026-03-03T05:55:00+01:00,2026-03-03T13:25:00+01:00,420,professional,Fachkraft,83,PE 83,station
1209,Cobbs Delia,2026-03-03,2,false,83,PE 83,1113,F,early,2026-03-03T05:55:00+01:00,2026-03-03T13:25:00+01:00,420,professional,Fachkraft,83,PE 83,station
1224,Mattingly Ännchen,2026-03-03,2,false,83,PE 83,1113,F,early,2026-03-03T05:55:00+01:00,2026-03-03T13:25:00+01:00,420,professional,Fachkraft,83,PE 83,station
4083,Drumm Wiegand,2026-03-03,2,false,83,PE 83,1113,F,early,2026-03-03T05:55:00+01:00,2026-03-03T13:25:00+01:00,420,professional,Fachkraft,83,PE 83,station
918,Ambriz Waltraud,2026-03-03,2,false,83,PE 83,1605,S,late,2026-03-03T13:15:00+01:00,2026-03-03T21:00:00+01:00,435,professional,Fachkraft,68,PE 68,jumper_pool
1199,Connor Wanda,2026-03-03,2,false,83,PE 83,1605,S,late,2026-03-03T13:15:00+01:00,2026-03-03T21:00:00+01:00,435,professional,Fachkraft,83,PE 83,station
4101,Stott Birkhild,2026-03-03,2,false,83,PE 83,1605,S,late,2026-03-03T13:15:00+01:00,2026-03-03T21:00:00+01:00,435,professional,Fachkraft,83,PE 83,station
1203,Nadeau Annelen,2026-03-03,2,false,83,PE 83,1690,N,night,2026-03-03T20:10:00+01:00,2026-03-04T06:10:00+01:00,555,professional,Fachkraft,83,PE 83,station
803,Reis Richardis,2026-03-03,2,false,85,PE 85,1113,F,early,2026-03-03T05:55:00+01:00,2026-03-03T13:25:00+01:00,420,professional,Fachkraft,85,PE 85,station
843,Flanagan Mirjam,2026-03-03,2,false,85,PE 85,1113,F,early,2026-03-03T05:55:00+01:00,2026-03-03T13:25:00+01:00,420,assistant,Hilfskraft,68,PE 68,jumper_pool
5866,Mcbrayer Siegmar,2026-03-03,2,false,85,PE 85,1113,F,early,2026-03-03T05:55:00+01:00,2026-03-03T13:25:00+01:00,420,professional,Fachkraft,85,PE 85,station
4082,Dufour Dahlia,2026-03-03,2,false,85,PE 85,1453,Z,intermediate,2026-03-03T08:30:00+01:00,2026-03-03T14:15:00+01:00,345,professional,Fachkraft,85,PE 85,station
6773,Liddell Wiebke,2026-03-03,2,false,85,PE 85,1453,Z,intermediate,2026-03-03T08:30:00+01:00,2026-03-03T14:15:00+01:00,345,assistant,Hilfskraft,85,PE 85,station
8051,Springer Farah,2026-03-03,2,false,85,PE 85,1453,Z,intermediate,2026-03-03T08:30:00+01:00,2026-03-03T14:15:00+01:00,345,assistant,Hilfskraft,408,PE 408,jumper_pool
459,Shoemake Sandra,2026-03-03,2,false,85,PE 85,1605,S,late,2026-03-03T13:15:00+01:00,2026-03-03T21:00:00+01:00,435,professional,Fachkraft,85,PE 85,station
5920,Carreras Augustin,2026-03-03,2,false,85,PE 85,1605,S,late,2026-03-03T13:15:00+01:00,2026-03-03T21:00:00+01:00,435,professional,Fachkraft,85,PE 85,station
941,Mosqueda Adelina,2026-03-03,2,false,85,PE 85,1690,N,night,2026-03-03T20:10:00+01:00,2026-03-04T06:10:00+01:00,555,professional,Fachkraft,85,PE 85,station
1238,Zucker Helfred,2026-03-03,2,false,88,PE 88,1113,F,early,2026-03-03T05:55:00+01:00,2026-03-03T13:25:00+01:00,420,professional,Fachkraft,88,PE 88,station
5844,Türpe Wernhild,2026-03-03,2,false,88,PE 88,1113,F,early,2026-03-03T05:55:00+01:00,2026-03-03T13:25:00+01:00,420,professional,Fachkraft,68,PE 68,jumper_pool
6318,Gamblin Uschi,2026-03-03,2,false,88,PE 88,1113,F,early,2026-03-03T05:55:00+01:00,2026-03-03T13:25:00+01:00,420,professional,Fachkraft,68,PE 68,jumper_pool
6724,Vinton Gerda,2026-03-03,2,false,88,PE 88,1113,F,early,2026-03-03T05:55:00+01:00,2026-03-03T13:25:00+01:00,420,professional,Fachkraft,68,PE 68,jumper_pool
7006,Cormier Sigrid,2026-03-03,2,false,88,PE 88,1113,F,early,2026-03-03T05:55:00+01:00,2026-03-03T13:25:00+01:00,420,professional,Fachkraft,68,PE 68,jumper_pool
1231,Lary Rüdiger,2026-03-03,2,false,88,PE 88,1605,S,late,2026-03-03T13:15:00+01:00,2026-03-03T21:00:00+01:00,435,professional,Fachkraft,88,PE 88,station
3642,Phinney Alheid,2026-03-03,2,false,88,PE 88,1605,S,late,2026-03-03T13:15:00+01:00,2026-03-03T21:00:00+01:00,435,professional,Fachkraft,88,PE 88,station
6259,Trovato Annette,2026-03-03,2,false,88,PE 88,1605,S,late,2026-03-03T13:15:00+01:00,2026-03-03T21:00:00+01:00,435,professional,Fachkraft,68,PE 68,jumper_pool
8049,Springer Dana,2026-03-03,2,false,88,PE 88,1605,S,late,2026-03-03T13:15:00+01:00,2026-03-03T21:00:00+01:00,435,professional,Fachkraft,408,PE 408,jumper_pool
8050,Springer Emil,2026-03-03,2,false,88,PE 88,1605,S,late,2026-03-03T13:15:00+01:00,2026-03-03T21:00:00+01:00,435,professional,Fachkraft,408,PE 408,jumper_pool
1184,Pedroza Bertwalda,2026-03-03,2,false,88,PE 88,1690,N,night,2026-03-03T20:10:00+01:00,2026-03-04T06:10:00+01:00,555,professional,Fachkraft,88,PE 88,station
8048,Springer Cem,2026-03-03,2,false,337,PE 337,1113,F,early,2026-03-03T05:55:00+01:00,2026-03-03T13:25:00+01:00,420,professional,Fachkraft,408,PE 408,jumper_pool
1167,Min Friedhard,2026-03-03,2,false,337,PE 337,1605,S,late,2026-03-03T13:15:00+01:00,2026-03-03T21:00:00+01:00,435,professional,Fachkraft,337,PE 337,station
927,Mittrach Margaritt,2026-03-04,3,false,77,PE 77,1113,F,early,2026-03-04T05:55:00+01:00,2026-03-04T13:25:00+01:00,420,assistant,Hilfskraft,77,PE 77,station
1229,Onofre Mandy,2026-03-04,3,false,77,PE 77,1113,F,early,2026-03-04T05:55:00+01:00,2026-03-04T13:25:00+01:00,420,professional,Fachkraft,77,PE 77,station
5367,Donis Henni,2026-03-04,3,false,77,PE 77,1113,F,early,2026-03-04T05:55:00+01:00,2026-03-04T13:25:00+01:00,420,assistant,Hilfskraft,77,PE 77,station
6836,Valentino Trude,2026-03-04,3,false,77,PE 77,1113,F,early,2026-03-04T05:55:00+01:00,2026-03-04T13:25:00+01:00,420,professional,Fachkraft,77,PE 77,station
6928,Izzo Annelene,2026-03-04,3,false,77,PE 77,1113,F,early,2026-03-04T05:55:00+01:00,2026-03-04T13:25:00+01:00,420,mfa,MFA,77,PE 77,station
6995,Brooker Berna,2026-03-04,3,false,77,PE 77,1113,F,early,2026-03-04T05:55:00+01:00,2026-03-04T13:25:00+01:00,420,professional,Fachkraft,77,PE 77,station
8052,Springer Greta,2026-03-04,3,false,77,PE 77,1113,F,early,2026-03-04T05:55:00+01:00,2026-03-04T13:25:00+01:00,420,trainee,Azubi,408,PE 408,jumper_pool
924,Merriweather Bärbl,2026-03-04,3,false,77,PE 77,1453,Z,intermediate,2026-03-04T08:30:00+01:00,2026-03-04T14:15:00+01:00,345,professional,Fachkraft,77,PE 77,station
2963,Hoots Renilde,2026-03-04,3,false,77,PE 77,1453,Z,intermediate,2026-03-04T08:30:00+01:00,2026-03-04T14:15:00+01:00,345,professional,Fachkraft,77,PE 77,station
7375,Fridam Gangolf,2026-03-04,3,false,77,PE 77,1453,Z,intermediate,2026-03-04T08:30:00+01:00,2026-03-04T14:15:00+01:00,345,professional,Fachkraft,77,PE 77,station
790,Mccomas Adriane,2026-03-04,3,false,77,PE 77,1605,S,late,2026-03-04T13:15:00+01:00,2026-03-04T21:00:00+01:00,435,assistant,Hilfskraft,77,PE 77,station
3566,Seligman Elgine,2026-03-04,3,false,77,PE 77,1605,S,late,2026-03-04T13:15:00+01:00,2026-03-04T21:00:00+01:00,435,professional,Fachkraft,77,PE 77,station
7378,Boulware Ina,2026-03-04,3,false,77,PE 77,1605,S,late,2026-03-04T13:15:00+01:00,2026-03-04T21:00:00+01:00,435,professional,Fachkraft,77,PE 77,station
7603,Roberson Ludger,2026-03-04,3,false,77,PE 77,1605,S,late,2026-03-04T13:15:00+01:00,2026-03-04T21:00:00+01:00,435,professional,Fachkraft,77,PE 77,station
7660,Rast Agatha,2026-03-04,3,false,77,PE 77,1605,S,late,2026-03-04T13:15:00+01:00,2026-03-04T21:00:00+01:00,435,assistant,Hilfskraft,77,PE 77,station
1230,Palacio Constance,2026-03-04,3,false,77,PE 77,1690,N,night,2026-03-04T20:10:00+01:00,2026-03-05T06:10:00+01:00,555,professional,Fachkraft,77,PE 77,station
3868,Vanfleet Eike,2026-03-04,3,false,77,PE 77,1690,N,night,2026-03-04T20:10:00+01:00,2026-03-05T06:10:00+01:00,555,professional,Fachkraft,77,PE 77,station
6266,Clemmer Natalie,2026-03-04,3,false,77,PE 77,1690,N,night,2026-03-04T20:10:00+01:00,2026-03-05T06:10:00+01:00,555,professional,Fachkraft,77,PE 77,station
7028,Cranmer Gretlies,2026-03-04,3,false,77,PE 77,1690,N,night,2026-03-04T20:10:00+01:00,2026-03-05T06:10:00+01:00,555,professional,Fachkraft,77,PE 77,station
7496,Demarco Marcus,2026-03-04,3,false,77,PE 77,1690,N,night,2026-03-04T20:10:00+01:00,2026-03-05T06:10:00+01:00,555,professional,Fachkraft,77,PE 77,station
7919,Weathers Irma,2026-03-04,3,false,77,PE 77,1690,N,night,2026-03-04T20:10:00+01:00,2026-03-05T06:10:00+01:00,555,professional,Fachkraft,77,PE 77,station
4081,Burgard Marfriede,2026-03-04,3,false,78,PE 78,1113,F,early,2026-03-04T05:55:00+01:00,2026-03-04T13:25:00+01:00,420,professional,Fachkraft,78,PE 78,station
8051,Springer Farah,2026-03-04,3,false,78,PE 78,1113,F,early,2026-03-04T05:55:00+01:00,2026-03-04T13:25:00+01:00,420,assistant,Hilfskraft,408,PE 408,jumper_pool
1147,Czerwinski Pauline,2026-03-04,3,false,78,PE 78,1605,S,late,2026-03-04T13:15:00+01:00,2026-03-04T21:00:00+01:00,435,professional,Fachkraft,78,PE 78,station
1175,Paladino Heideline,2026-03-04,3,false,78,PE 78,1690,N,night,2026-03-04T20:10:00+01:00,2026-03-05T06:10:00+01:00,555,professional,Fachkraft,78,PE 78,station
2939,Snead Ehrentrau,2026-03-04,3,false,78,PE 78,1690,N,night,2026-03-04T20:10:00+01:00,2026-03-05T06:10:00+01:00,555,professional,Fachkraft,78,PE 78,station
4100,Storck Leonore,2026-03-04,3,false,78,PE 78,1690,N,night,2026-03-04T20:10:00+01:00,2026-03-05T06:10:00+01:00,555,professional,Fachkraft,78,PE 78,station
1138,Kunkel Annehild,2026-03-04,3,false,79,PE 79,1113,F,early,2026-03-04T05:55:00+01:00,2026-03-04T13:25:00+01:00,420,professional,Fachkraft,79,PE 79,station
3463,Pock Godelind,2026-03-04,3,false,79,PE 79,1113,F,early,2026-03-04T05:55:00+01:00,2026-03-04T13:25:00+01:00,420,professional,Fachkraft,79,PE 79,station
5318,Poindexter Rhiane,2026-03-04,3,false,79,PE 79,1113,F,early,2026-03-04T05:55:00+01:00,2026-03-04T13:25:00+01:00,420,assistant,Hilfskraft,79,PE 79,station
7131,Mccarley Elrike,2026-03-04,3,false,79,PE 79,1113,F,early,2026-03-04T05:55:00+01:00,2026-03-04T13:25:00+01:00,420,professional,Fachkraft,79,PE 79,station
818,Wülfroth Luitgart,2026-03-04,3,false,79,PE 79,1453,Z,intermediate,2026-03-04T08:30:00+01:00,2026-03-04T14:15:00+01:00,345,professional,Fachkraft,79,PE 79,station
1143,Dames Margareth,2026-03-04,3,false,79,PE 79,1605,S,late,2026-03-04T13:15:00+01:00,2026-03-04T21:00:00+01:00,435,professional,Fachkraft,79,PE 79,station
1161,Varney Anuschka,2026-03-04,3,false,79,PE 79,1605,S,late,2026-03-04T13:15:00+01:00,2026-03-04T21:00:00+01:00,435,professional,Fachkraft,79,PE 79,station
4064,Scheuenstuhl Rebecca,2026-03-04,3,false,79,PE 79,1605,S,late,2026-03-04T13:15:00+01:00,2026-03-04T21:00:00+01:00,435,professional,Fachkraft,79,PE 79,station
7207,Roark Aloisia,2026-03-04,3,false,79,PE 79,1605,S,late,2026-03-04T13:15:00+01:00,2026-03-04T21:00:00+01:00,435,professional,Fachkraft,79,PE 79,station
1150,Domingue Frowine,2026-03-04,3,false,79,PE 79,1690,N,night,2026-03-04T20:10:00+01:00,2026-03-05T06:10:00+01:00,555,professional,Fachkraft,79,PE 79,station
1226,Allan Diethard,2026-03-04,3,false,79,PE 79,1690,N,night,2026-03-04T20:10:00+01:00,2026-03-05T06:10:00+01:00,555,professional,Fachkraft,79,PE 79,station
1209,Cobbs Delia,2026-03-04,3,false,83,PE 83,1113,F,early,2026-03-04T05:55:00+01:00,2026-03-04T13:25:00+01:00,420,professional,Fachkraft,83,PE 83,station
1224,Mattingly Ännchen,2026-03-04,3,false,83,PE 83,1113,F,early,2026-03-04T05:55:00+01:00,2026-03-04T13:25:00+01:00,420,professional,Fachkraft,83,PE 83,station
4083,Drumm Wiegand,2026-03-04,3,false,83,PE 83,1113,F,early,2026-03-04T05:55:00+01:00,2026-03-04T13:25:00+01:00,420,professional,Fachkraft,83,PE 83,station
7490,Waldinger Annemargr,2026-03-04,3,false,83,PE 83,1113,F,early,2026-03-04T05:55:00+01:00,2026-03-04T13:25:00+01:00,420,professional,Fachkraft,68,PE 68,jumper_pool
1199,Connor Wanda,2026-03-04,3,false,83,PE 83,1605,S,late,2026-03-04T13:15:00+01:00,2026-03-04T21:00:00+01:00,435,professional,Fachkraft,83,PE 83,station
1200,Stice Ingunde,2026-03-04,3,false,83,PE 83,1605,S,late,2026-03-04T13:15:00+01:00,2026-03-04T21:00:00+01:00,435,professional,Fachkraft,83,PE 83,station
4101,Stott Birkhild,2026-03-04,3,false,83,PE 83,1605,S,late,2026-03-04T13:15:00+01:00,2026-03-04T21:00:00+01:00,435,professional,Fachkraft,83,PE 83,station
1203,Nadeau Annelen,2026-03-04,3,false,83,PE 83,1690,N,night,2026-03-04T20:10:00+01:00,2026-03-05T06:10:00+01:00,555,professional,Fachkraft,83,PE 83,station
6259,Trovato Annette,2026-03-04,3,false,83,PE 83,1690,N,night,2026-03-04T20:10:00+01:00,2026-03-05T06:10:00+01:00,555,professional,Fachkraft,68,PE 68,jumper_pool
803,Reis Richardis,2026-03-04,3,false,85,PE 85,1113,F,early,2026-03-04T05:55:00+01:00,2026-03-04T13:25:00+01:00,420,professional,Fachkraft,85,PE 85,station
4082,Dufour Dahlia,2026-03-04,3,false,85,PE 85,1113,F,early,2026-03-04T05:55:00+01:00,2026-03-04T13:25:00+01:00,420,professional,Fachkraft,85,PE 85,station
6773,Liddell Wiebke,2026-03-04,3,false,85,PE 85,1113,F,early,2026-03-04T05:55:00+01:00,2026-03-04T13:25:00+01:00,420,assistant,Hilfskraft,85,PE 85,station
459,Shoemake Sandra,2026-03-04,3,false,85,PE 85,1453,Z,intermediate,2026-03-04T08:30:00+01:00,2026-03-04T14:15:00+01:00,345,professional,Fachkraft,85,PE 85,station
946,Macdowell Lidia,2026-03-04,3,false,85,PE 85,1605,S,late,2026-03-04T13:15:00+01:00,2026-03-04T21:00:00+01:00,435,professional,Fachkraft,85,PE 85,station
1474,Renna Rotraud,2026-03-04,3,false,85,PE 85,1605,S,late,2026-03-04T13:15:00+01:00,2026-03-04T21:00:00+01:00,435,professional,Fachkraft,85,PE 85,station
941,Mosqueda Adelina,2026-03-04,3,false,85,PE 85,1690,N,night,2026-03-04T20:10:00+01:00,2026-03-05T06:10:00+01:00,555,professional,Fachkraft,85,PE 85,station
1238,Zucker Helfred,2026-03-04,3,false,88,PE 88,1113,F,early,2026-03-04T05:55:00+01:00,2026-03-04T13:25:00+01:00,420,professional,Fachkraft,88,PE 88,station
5844,Türpe Wernhild,2026-03-04,3,false,88,PE 88,1113,F,early,2026-03-04T05:55:00+01:00,2026-03-04T13:25:00+01:00,420,professional,Fachkraft,68,PE 68,jumper_pool
7006,Cormier Sigrid,2026-03-04,3,false,88,PE 88,1113,F,early,2026-03-04T05:55:00+01:00,2026-03-04T13:25:00+01:00,420,professional,Fachkraft,68,PE 68,jumper_pool
8047,Springer Boris,2026-03-04,3,false,88,PE 88,1113,F,early,2026-03-04T05:55:00+01:00,2026-03-04T13:25:00+01:00,420,professional,Fachkraft,408,PE 408,jumper_pool
8048,Springer Cem,2026-03-04,3,false,88,PE 88,1113,F,early,2026-03-04T05:55:00+01:00,2026-03-04T13:25:00+01:00,420,professional,Fachkraft,408,PE 408,jumper_pool
1191,Anoch Theobald,2026-03-04,3,false,88,PE 88,1605,S,late,2026-03-04T13:15:00+01:00,2026-03-04T21:00:00+01:00,435,professional,Fachkraft,88,PE 88,station
1231,Lary Rüdiger,2026-03-04,3,false,88,PE 88,1605,S,late,2026-03-04T13:15:00+01:00,2026-03-04T21:00:00+01:00,435,professional,Fachkraft,88,PE 88,station
3642,Phinney Alheid,2026-03-04,3,false,88,PE 88,1605,S,late,2026-03-04T13:15:00+01:00,2026-03-04T21:00:00+01:00,435,professional,Fachkraft,88,PE 88,station
8046,Springer Alina,2026-03-04,3,false,88,PE 88,1605,S,late,2026-03-04T13:15:00+01:00,2026-03-04T21:00:00+01:00,435,professional,Fachkraft,408,PE 408,jumper_pool
8049,Springer Dana,2026-03-04,3,false,88,PE 88,1605,S,late,2026-03-04T13:15:00+01:00,2026-03-04T21:00:00+01:00,435,professional,Fachkraft,408,PE 408,jumper_pool
6318,Gamblin Uschi,2026-03-04,3,false,337,PE 337,1113,F,early,2026-03-04T05:55:00+01:00,2026-03-04T13:25:00+01:00,420,professional,Fachkraft,68,PE 68,jumper_pool
918,Ambriz Waltraud,2026-03-04,3,false,337,PE 337,1605,S,late,2026-03-04T13:15:00+01:00,2026-03-04T21:00:00+01:00,435,professional,Fachkraft,68,PE 68,jumper_pool
925,Farniok Lina,2026-03-05,4,false,77,PE 77,1113,F,early,2026-03-05T05:55:00+01:00,2026-03-05T13:25:00+01:00,420,professional,Fachkraft,77,PE 77,station
927,Mittrach Margaritt,2026-03-05,4,false,77,PE 77,1113,F,early,2026-03-05T05:55:00+01:00,2026-03-05T13:25:00+01:00,420,assistant,Hilfskraft,77,PE 77,station
2963,Hoots Renilde,2026-03-05,4,false,77,PE 77,1113,F,early,2026-03-05T05:55:00+01:00,2026-03-05T13:25:00+01:00,420,professional,Fachkraft,77,PE 77,station
5367,Donis Henni,2026-03-05,4,false,77,PE 77,1113,F,early,2026-03-05T05:55:00+01:00,2026-03-05T13:25:00+01:00,420,assistant,Hilfskraft,77,PE 77,station
6928,Izzo Annelene,2026-03-05,4,false,77,PE 77,1113,F,early,2026-03-05T05:55:00+01:00,2026-03-05T13:25:00+01:00,420,mfa,MFA,77,PE 77,station
6995,Brooker Berna,2026-03-05,4,false,77,PE 77,1113,F,early,2026-03-05T05:55:00+01:00,2026-03-05T13:25:00+01:00,420,professional,Fachkraft,77,PE 77,station
791,Branz Janett,2026-03-05,4,false,77,PE 77,1453,Z,intermediate,2026-03-05T08:30:00+01:00,2026-03-05T14:15:00+01:00,345,professional,Fachkraft,77,PE 77,station
928,Wunderlich Daniele,2026-03-05,4,false,77,PE 77,1453,Z,intermediate,2026-03-05T08:30:00+01:00,2026-03-05T14:15:00+01:00,345,professional,Fachkraft,77,PE 77,station
1229,Onofre Mandy,2026-03-05,4,false,77,PE 77,1453,Z,intermediate,2026-03-05T08:30:00+01:00,2026-03-05T14:15:00+01:00,345,professional,Fachkraft,77,PE 77,station
7124,Pirkle Xaver,2026-03-05,4,false,77,PE 77,1453,Z,intermediate,2026-03-05T08:30:00+01:00,2026-03-05T14:15:00+01:00,345,professional,Fachkraft,77,PE 77,station
7603,Roberson Ludger,2026-03-05,4,false,77,PE 77,1453,Z,intermediate,2026-03-05T08:30:00+01:00,2026-03-05T14:15:00+01:00,345,professional,Fachkraft,77,PE 77,station
790,Mccomas Adriane,2026-03-05,4,false,77,PE 77,1605,S,late,2026-03-05T13:15:00+01:00,2026-03-05T21:00:00+01:00,435,assistant,Hilfskraft,77,PE 77,station
3566,Seligman Elgine,2026-03-05,4,false,77,PE 77,1605,S,late,2026-03-05T13:15:00+01:00,2026-03-05T21:00:00+01:00,435,professional,Fachkraft,77,PE 77,station
6836,Valentino Trude,2026-03-05,4,false,77,PE 77,1605,S,late,2026-03-05T13:15:00+01:00,2026-03-05T21:00:00+01:00,435,professional,Fachkraft,77,PE 77,station
7378,Boulware Ina,2026-03-05,4,false,77,PE 77,1605,S,late,2026-03-05T13:15:00+01:00,2026-03-05T21:00:00+01:00,435,professional,Fachkraft,77,PE 77,station
7606,Lenahan Oda,2026-03-05,4,false,77,PE 77,1605,S,late,2026-03-05T13:15:00+01:00,2026-03-05T21:00:00+01:00,435,assistant,Hilfskraft,77,PE 77,station
1230,Palacio Constance,2026-03-05,4,false,77,PE 77,1690,N,night,2026-03-05T20:10:00+01:00,2026-03-06T06:10:00+01:00,555,professional,Fachkraft,77,PE 77,station
3868,Vanfleet Eike,2026-03-05,4,false,77,PE 77,1690,N,night,2026-03-05T20:10:00+01:00,2026-03-06T06:10:00+01:00,555,professional,Fachkraft,77,PE 77,station
6266,Clemmer Natalie,2026-03-05,4,false,77,PE 77,1690,N,night,2026-03-05T20:10:00+01:00,2026-03-06T06:10:00+01:00,555,professional,Fachkraft,77,PE 77,station
6727,Lenhart Fred,2026-03-05,4,false,77,PE 77,1690,N,night,2026-03-05T20:10:00+01:00,2026-03-06T06:10:00+01:00,555,professional,Fachkraft,77,PE 77,station
7028,Cranmer Gretlies,2026-03-05,4,false,77,PE 77,1690,N,night,2026-03-05T20:10:00+01:00,2026-03-06T06:10:00+01:00,555,professional,Fachkraft,77,PE 77,station
7496,Demarco Marcus,2026-03-05,4,false,77,PE 77,1690,N,night,2026-03-05T20:10:00+01:00,2026-03-06T06:10:00+01:00,555,professional,Fachkraft,77,PE 77,station
7919,Weathers Irma,2026-03-05,4,false,77,PE 77,1690,N,night,2026-03-05T20:10:00+01:00,2026-03-06T06:10:00+01:00,555,professional,Fachkraft,77,PE 77,station
1144,Dalessandro Daniela,2026-03-05,4,false,78,PE 78,1113,F,early,2026-03-05T05:55:00+01:00,2026-03-05T13:25:00+01:00,420,professional,Fachkraft,78,PE 78,station
8051,Springer Farah,2026-03-05,4,false,78,PE 78,1113,F,early,2026-03-05T05:55:00+01:00,2026-03-05T13:25:00+01:00,420,assistant,Hilfskraft,408,PE 408,jumper_pool
8052,Springer Greta,2026-03-05,4,false,78,PE 78,1113,F,early,2026-03-05T05:55:00+01:00,2026-03-05T13:25:00+01:00,420,trainee,Azubi,408,PE 408,jumper_pool
1147,Czerwinski Pauline,2026-03-05,4,false,78,PE 78,1605,S,late,2026-03-05T13:15:00+01:00,2026-03-05T21:00:00+01:00,435,professional,Fachkraft,78,PE 78,station
4073,Przybylski Ingemarie,2026-03-05,4,false,78,PE 78,1605,S,late,2026-03-05T13:15:00+01:00,2026-03-05T21:00:00+01:00,435,professional,Fachkraft,78,PE 78,station
4081,Burgard Marfriede,2026-03-05,4,false,78,PE 78,1605,S,late,2026-03-05T13:15:00+01:00,2026-03-05T21:00:00+01:00,435,professional,Fachkraft,78,PE 78,station
1175,Paladino Heideline,2026-03-05,4,false,78,PE 78,1690,N,night,2026-03-05T20:10:00+01:00,2026-03-06T06:10:00+01:00,555,professional,Fachkraft,78,PE 78,station
2939,Snead Ehrentrau,2026-03-05,4,false,78,PE 78,1690,N,night,2026-03-05T20:10:00+01:00,2026-03-06T06:10:00+01:00,555,professional,Fachkraft,78,PE 78,station
2946,Homes Swetlana,2026-03-05,4,false,78,PE 78,1690,N,night,2026-03-05T20:10:00+01:00,2026-03-06T06:10:00+01:00,555,professional,Fachkraft,78,PE 78,station
4100,Storck Leonore,2026-03-05,4,false,78,PE 78,1690,N,night,2026-03-05T20:10:00+01:00,2026-03-06T06:10:00+01:00,555,professional,Fachkraft,78,PE 78,station
1138,Kunkel Annehild,2026-03-05,4,false,79,PE 79,1113,F,early,2026-03-05T05:55:00+01:00,2026-03-05T13:25:00+01:00,420,professional,Fachkraft,79,PE 79,station
5318,Poindexter Rhiane,2026-03-05,4,false,79,PE 79,1113,F,early,2026-03-05T05:55:00+01:00,2026-03-05T13:25:00+01:00,420,assistant,Hilfskraft,79,PE 79,station
6330,Grotian Dorle,2026-03-05,4,false,79,PE 79,1113,F,early,2026-03-05T05:55:00+01:00,2026-03-05T13:25:00+01:00,420,professional,Fachkraft,79,PE 79,station
7131,Mccarley Elrike,2026-03-05,4,false,79,PE 79,1113,F,early,2026-03-05T05:55:00+01:00,2026-03-05T13:25:00+01:00,420,professional,Fachkraft,79,PE 79,station
818,Wülfroth Luitgart,2026-03-05,4,false,79,PE 79,1453,Z,intermediate,2026-03-05T08:30:00+01:00,2026-03-05T14:15:00+01:00,345,professional,Fachkraft,79,PE 79,station
844,Greenman Elia,2026-03-05,4,false,79,PE 79,1453,Z,intermediate,2026-03-05T08:30:00+01:00,2026-03-05T14:15:00+01:00,345,professional,Fachkraft,79,PE 79,station
5002,Britt Ingerose,2026-03-05,4,false,79,PE 79,1453,Z,intermediate,2026-03-05T08:30:00+01:00,2026-03-05T14:15:00+01:00,345,professional,Fachkraft,79,PE 79,station
7207,Roark Aloisia,2026-03-05,4,false,79,PE 79,1453,Z,intermediate,2026-03-05T08:30:00+01:00,2026-03-05T14:15:00+01:00,345,professional,Fachkraft,79,PE 79,station
1143,Dames Margareth,2026-03-05,4,false,79,PE 79,1605,S,late,2026-03-05T13:15:00+01:00,2026-03-05T21:00:00+01:00,435,professional,Fachkraft,79,PE 79,station
4064,Scheuenstuhl Rebecca,2026-03-05,4,false,79,PE 79,1605,S,late,2026-03-05T13:15:00+01:00,2026-03-05T21:00:00+01:00,435,professional,Fachkraft,79,PE 79,station
4158,Engel Veronica,2026-03-05,4,false,79,PE 79,1605,S,late,2026-03-05T13:15:00+01:00,2026-03-05T21:00:00+01:00,435,professional,Fachkraft,79,PE 79,station
1161,Varney Anuschka,2026-03-05,4,false,79,PE 79,1690,N,night,2026-03-05T20:10:00+01:00,2026-03-06T06:10:00+01:00,555,professional,Fachkraft,79,PE 79,station
1226,Allan Diethard,2026-03-05,4,false,79,PE 79,1690,N,night,2026-03-05T20:10:00+01:00,2026-03-06T06:10:00+01:00,555,professional,Fachkraft,79,PE 79,station
1224,Mattingly Ännchen,2026-03-05,4,false,83,PE 83,1113,F,early,2026-03-05T05:55:00+01:00,2026-03-05T13:25:00+01:00,420,professional,Fachkraft,83,PE 83,station
4083,Drumm Wiegand,2026-03-05,4,false,83,PE 83,1113,F,early,2026-03-05T05:55:00+01:00,2026-03-05T13:25:00+01:00,420,professional,Fachkraft,83,PE 83,station
6724,Vinton Gerda,2026-03-05,4,false,83,PE 83,1113,F,early,2026-03-05T05:55:00+01:00,2026-03-05T13:25:00+01:00,420,professional,Fachkraft,68,PE 68,jumper_pool
8050,Springer Emil,2026-03-05,4,false,83,PE 83,1113,F,early,2026-03-05T05:55:00+01:00,2026-03-05T13:25:00+01:00,420,professional,Fachkraft,408,PE 408,jumper_pool
1199,Connor Wanda,2026-03-05,4,false,83,PE 83,1605,S,late,2026-03-05T13:15:00+01:00,2026-03-05T21:00:00+01:00,435,professional,Fachkraft,83,PE 83,station
1209,Cobbs Delia,2026-03-05,4,false,83,PE 83,1605,S,late,2026-03-05T13:15:00+01:00,2026-03-05T21:00:00+01:00,435,professional,Fachkraft,83,PE 83,station
4101,Stott Birkhild,2026-03-05,4,false,83,PE 83,1605,S,late,2026-03-05T13:15:00+01:00,2026-03-05T21:00:00+01:00,435,professional,Fachkraft,83,PE 83,station
1200,Stice Ingunde,2026-03-05,4,false,83,PE 83,1690,N,night,2026-03-05T20:10:00+01:00,2026-03-06T06:10:00+01:00,555,professional,Fachkraft,83,PE 83,station
4082,Dufour Dahlia,2026-03-05,4,false,85,PE 85,1113,F,early,2026-03-05T05:55:00+01:00,2026-03-05T13:25:00+01:00,420,professional,Fachkraft,85,PE 85,station
5866,Mcbrayer Siegmar,2026-03-05,4,false,85,PE 85,1113,F,early,2026-03-05T05:55:00+01:00,2026-03-05T13:25:00+01:00,420,professional,Fachkraft,85,PE 85,station
6773,Liddell Wiebke,2026-03-05,4,false,85,PE 85,1113,F,early,2026-03-05T05:55:00+01:00,2026-03-05T13:25:00+01:00,420,assistant,Hilfskraft,85,PE 85,station
8049,Springer Dana,2026-03-05,4,false,85,PE 85,1453,Z,intermediate,2026-03-05T08:30:00+01:00,2026-03-05T14:15:00+01:00,345,professional,Fachkraft,408,PE 408,jumper_pool
946,Macdowell Lidia,2026-03-05,4,false,85,PE 85,1605,S,late,2026-03-05T13:15:00+01:00,2026-03-05T21:00:00+01:00,435,professional,Fachkraft,85,PE 85,station
5920,Carreras Augustin,2026-03-05,4,false,85,PE 85,1605,S,late,2026-03-05T13:15:00+01:00,2026-03-05T21:00:00+01:00,435,professional,Fachkraft,85,PE 85,station
1474,Renna Rotraud,2026-03-05,4,false,85,PE 85,1690,N,night,2026-03-05T20:10:00+01:00,2026-03-06T06:10:00+01:00,555,professional,Fachkraft,85,PE 85,station
1218,von der Brey Tabea,2026-03-05,4,false,88,PE 88,1113,F,early,2026-03-05T05:55:00+01:00,2026-03-05T13:25:00+01:00,420,professional,Fachkraft,68,PE 68,jumper_pool
5844,Türpe Wernhild,2026-03-05,4,false,88,PE 88,1113,F,early,2026-03-05T05:55:00+01:00,2026-03-05T13:25:00+01:00,420,professional,Fachkraft,68,PE 68,jumper_pool
7006,Cormier Sigrid,2026-03-05,4,false,88,PE 88,1113,F,early,2026-03-05T05:55:00+01:00,2026-03-05T13:25:00+01:00,420,professional,Fachkraft,68,PE 68,jumper_pool
8048,Springer Cem,2026-03-05,4,false,88,PE 88,1113,F,early,2026-03-05T05:55:00+01:00,2026-03-05T13:25:00+01:00,420,professional,Fachkraft,408,PE 408,jumper_pool
835,Ciaccio Josefa,2026-03-05,4,false,88,PE 88,1605,S,late,2026-03-05T13:15:00+01:00,2026-03-05T21:00:00+01:00,435,professional,Fachkraft,68,PE 68,jumper_pool
1191,Anoch Theobald,2026-03-05,4,false,88,PE 88,1605,S,late,2026-03-05T13:15:00+01:00,2026-03-05T21:00:00+01:00,435,professional,Fachkraft,88,PE 88,station
1231,Lary Rüdiger,2026-03-05,4,false,88,PE 88,1605,S,late,2026-03-05T13:15:00+01:00,2026-03-05T21:00:00+01:00,435,professional,Fachkraft,88,PE 88,station
8046,Springer Alina,2026-03-05,4,false,88,PE 88,1605,S,late,2026-03-05T13:15:00+01:00,2026-03-05T21:00:00+01:00,435,professional,Fachkraft,408,PE 408,jumper_pool
8047,Springer Boris,2026-03-05,4,false,88,PE 88,1605,S,late,2026-03-05T13:15:00+01:00,2026-03-05T21:00:00+01:00,435,professional,Fachkraft,408,PE 408,jumper_pool
1167,Min Friedhard,2026-03-05,4,false,337,PE 337,1113,F,early,2026-03-05T05:55:00+01:00,2026-03-05T13:25:00+01:00,420,professional,Fachkraft,337,PE 337,station
918,Ambriz Waltraud,2026-03-05,4,false,337,PE 337,1605,S,late,2026-03-05T13:15:00+01:00,2026-03-05T21:00:00+01:00,435,professional,Fachkraft,68,PE 68,jumper_pool
791,Branz Janett,2026-03-06,5,false,77,PE 77,1113,F,early,2026-03-06T05:55:00+01:00,2026-03-06T13:25:00+01:00,420,professional,Fachkraft,77,PE 77,station
925,Farniok Lina,2026-03-06,5,false,77,PE 77,1113,F,early,2026-03-06T05:55:00+01:00,2026-03-06T13:25:00+01:00,420,professional,Fachkraft,77,PE 77,station
927,Mittrach Margaritt,2026-03-06,5,false,77,PE 77,1113,F,early,2026-03-06T05:55:00+01:00,2026-03-06T13:25:00+01:00,420,assistant,Hilfskraft,77,PE 77,station
2963,Hoots Renilde,2026-03-06,5,false,77,PE 77,1113,F,early,2026-03-06T05:55:00+01:00,2026-03-06T13:25:00+01:00,420,professional,Fachkraft,77,PE 77,station
6928,Izzo Annelene,2026-03-06,5,false,77,PE 77,1113,F,early,2026-03-06T05:55:00+01:00,2026-03-06T13:25:00+01:00,420,mfa,MFA,77,PE 77,station
7660,Rast Agatha,2026-03-06,5,false,77,PE 77,1113,F,early,2026-03-06T05:55:00+01:00,2026-03-06T13:25:00+01:00,420,assistant,Hilfskraft,77,PE 77,station
928,Wunderlich Daniele,2026-03-06,5,false,77,PE 77,1453,Z,intermediate,2026-03-06T08:30:00+01:00,2026-03-06T14:15:00+01:00,345,professional,Fachkraft,77,PE 77,station
1229,Onofre Mandy,2026-03-06,5,false,77,PE 77,1453,Z,intermediate,2026-03-06T08:30:00+01:00,2026-03-06T14:15:00+01:00,345,professional,Fachkraft,77,PE 77,station
3566,Seligman Elgine,2026-03-06,5,false,77,PE 77,1453,Z,intermediate,2026-03-06T08:30:00+01:00,2026-03-06T14:15:00+01:00,345,professional,Fachkraft,77,PE 77,station
7378,Boulware Ina,2026-03-06,5,false,77,PE 77,1453,Z,intermediate,2026-03-06T08:30:00+01:00,2026-03-06T14:15:00+01:00,345,professional,Fachkraft,77,PE 77,station
5367,Donis Henni,2026-03-06,5,false,77,PE 77,1605,S,late,2026-03-06T13:15:00+01:00,2026-03-06T21:00:00+01:00,435,assistant,Hilfskraft,77,PE 77,station
6836,Valentino Trude,2026-03-06,5,false,77,PE 77,1605,S,late,2026-03-06T13:15:00+01:00,2026-03-06T21:00:00+01:00,435,professional,Fachkraft,77,PE 77,station
7375,Fridam Gangolf,2026-03-06,5,false,77,PE 77,1605,S,late,2026-03-06T13:15:00+01:00,2026-03-06T21:00:00+01:00,435,professional,Fachkraft,77,PE 77,station
7603,Roberson Ludger,2026-03-06,5,false,77,PE 77,1605,S,late,2026-03-06T13:15:00+01:00,2026-03-06T21:00:00+01:00,435,professional,Fachkraft,77,PE 77,station
7606,Lenahan Oda,2026-03-06,5,false,77,PE 77,1605,S,late,2026-03-06T13:15:00+01:00,2026-03-06T21:00:00+01:00,435,assistant,Hilfskraft,77,PE 77,station
6727,Lenhart Fred,2026-03-06,5,false,77,PE 77,1690,N,night,2026-03-06T20:10:00+01:00,2026-03-07T06:10:00+01:00,555,professional,Fachkraft,77,PE 77,station
7124,Pirkle Xaver,2026-03-06,5,false,77,PE 77,1690,N,night,2026-03-06T20:10:00+01:00,2026-03-07T06:10:00+01:00,555,professional,Fachkraft,77,PE 77,station
1144,Dalessandro Daniela,2026-03-06,5,false,78,PE 78,1113,F,early,2026-03-06T05:55:00+01:00,2026-03-06T13:25:00+01:00,420,professional,Fachkraft,78,PE 78,station
8051,Springer Farah,2026-03-06,5,false,78,PE 78,1113,F,early,2026-03-06T05:55:00+01:00,2026-03-06T13:25:00+01:00,420,assistant,Hilfskraft,408,PE 408,jumper_pool
1147,Czerwinski Pauline,2026-03-06,5,false,78,PE 78,1453,Z,intermediate,2026-03-06T08:30:00+01:00,2026-03-06T14:15:00+01:00,345,professional,Fachkraft,78,PE 78,station
4073,Przybylski Ingemarie,2026-03-06,5,false,78,PE 78,1453,Z,intermediate,2026-03-06T08:30:00+01:00,2026-03-06T14:15:00+01:00,345,professional,Fachkraft,78,PE 78,station
4081,Burgard Marfriede,2026-03-06,5,false,78,PE 78,1605,S,late,2026-03-06T13:15:00+01:00,2026-03-06T21:00:00+01:00,435,professional,Fachkraft,78,PE 78,station
2946,Homes Swetlana,2026-03-06,5,false,78,PE 78,1690,N,night,2026-03-06T20:10:00+01:00,2026-03-07T06:10:00+01:00,555,professional,Fachkraft,78,PE 78,station
1138,Kunkel Annehild,2026-03-06,5,false,79,PE 79,1113,F,early,2026-03-06T05:55:00+01:00,2026-03-06T13:25:00+01:00,420,professional,Fachkraft,79,PE 79,station
3463,Pock Godelind,2026-03-06,5,false,79,PE 79,1113,F,early,2026-03-06T05:55:00+01:00,2026-03-06T13:25:00+01:00,420,professional,Fachkraft,79,PE 79,station
5318,Poindexter Rhiane,2026-03-06,5,false,79,PE 79,1113,F,early,2026-03-06T05:55:00+01:00,2026-03-06T13:25:00+01:00,420,assistant,Hilfskraft,79,PE 79,station
7207,Roark Aloisia,2026-03-06,5,false,79,PE 79,1113,F,early,2026-03-06T05:55:00+01:00,2026-03-06T13:25:00+01:00,420,professional,Fachkraft,79,PE 79,station
844,Greenman Elia,2026-03-06,5,false,79,PE 79,1453,Z,intermediate,2026-03-06T08:30:00+01:00,2026-03-06T14:15:00+01:00,345,professional,Fachkraft,79,PE 79,station
6330,Grotian Dorle,2026-03-06,5,false,79,PE 79,1453,Z,intermediate,2026-03-06T08:30:00+01:00,2026-03-06T14:15:00+01:00,345,professional,Fachkraft,79,PE 79,station
7131,Mccarley Elrike,2026-03-06,5,false,79,PE 79,1453,Z,intermediate,2026-03-06T08:30:00+01:00,2026-03-06T14:15:00+01:00,345,professional,Fachkraft,79,PE 79,station
1143,Dames Margareth,2026-03-06,5,false,79,PE 79,1605,S,late,2026-03-06T13:15:00+01:00,2026-03-06T21:00:00+01:00,435,professional,Fachkraft,79,PE 79,station
4064,Scheuenstuhl Rebecca,2026-03-06,5,false,79,PE 79,1605,S,late,2026-03-06T13:15:00+01:00,2026-03-06T21:00:00+01:00,435,professional,Fachkraft,79,PE 79,station
4158,Engel Veronica,2026-03-06,5,false,79,PE 79,1605,S,late,2026-03-06T13:15:00+01:00,2026-03-06T21:00:00+01:00,435,professional,Fachkraft,79,PE 79,station
1161,Varney Anuschka,2026-03-06,5,false,79,PE 79,1690,N,night,2026-03-06T20:10:00+01:00,2026-03-07T06:10:00+01:00,555,professional,Fachkraft,79,PE 79,station
1226,Allan Diethard,2026-03-06,5,false,79,PE 79,1690,N,night,2026-03-06T20:10:00+01:00,2026-03-07T06:10:00+01:00,555,professional,Fachkraft,79,PE 79,station
5002,Britt Ingerose,2026-03-06,5,false,79,PE 79,1690,N,night,2026-03-06T20:10:00+01:00,2026-03-07T06:10:00+01:00,555,professional,Fachkraft,79,PE 79,station
1224,Mattingly Ännchen,2026-03-06,5,false,83,PE 83,1113,F,early,2026-03-06T05:55:00+01:00,2026-03-06T13:25:00+01:00,420,professional,Fachkraft,83,PE 83,station
4083,Drumm Wiegand,2026-03-06,5,false,83,PE 83,1113,F,early,2026-03-06T05:55:00+01:00,2026-03-06T13:25:00+01:00,420,professional,Fachkraft,83,PE 83,station
6724,Vinton Gerda,2026-03-06,5,false,83,PE 83,1113,F,early,2026-03-06T05:55:00+01:00,2026-03-06T13:25:00+01:00,420,professional,Fachkraft,68,PE 68,jumper_pool
7490,Waldinger Annemargr,2026-03-06,5,false,83,PE 83,1113,F,early,2026-03-06T05:55:00+01:00,2026-03-06T13:25:00+01:00,420,professional,Fachkraft,68,PE 68,jumper_pool
1199,Connor Wanda,2026-03-06,5,false,83,PE 83,1605,S,late,2026-03-06T13:15:00+01:00,2026-03-06T21:00:00+01:00,435,professional,Fachkraft,83,PE 83,station
1209,Cobbs Delia,2026-03-06,5,false,83,PE 83,1605,S,late,2026-03-06T13:15:00+01:00,2026-03-06T21:00:00+01:00,435,professional,Fachkraft,83,PE 83,station
8047,Springer Boris,2026-03-06,5,false,83,PE 83,1605,S,late,2026-03-06T13:15:00+01:00,2026-03-06T21:00:00+01:00,435,professional,Fachkraft,408,PE 408,jumper_pool
803,Reis Richardis,2026-03-06,5,false,85,PE 85,1113,F,early,2026-03-06T05:55:00+01:00,2026-03-06T13:25:00+01:00,420,professional,Fachkraft,85,PE 85,station
5866,Mcbrayer Siegmar,2026-03-06,5,false,85,PE 85,1113,F,early,2026-03-06T05:55:00+01:00,2026-03-06T13:25:00+01:00,420,professional,Fachkraft,85,PE 85,station
6773,Liddell Wiebke,2026-03-06,5,false,85,PE 85,1113,F,early,2026-03-06T05:55:00+01:00,2026-03-06T13:25:00+01:00,420,assistant,Hilfskraft,85,PE 85,station
8052,Springer Greta,2026-03-06,5,false,85,PE 85,1113,F,early,2026-03-06T05:55:00+01:00,2026-03-06T13:25:00+01:00,420,trainee,Azubi,408,PE 408,jumper_pool
946,Macdowell Lidia,2026-03-06,5,false,85,PE 85,1453,Z,intermediate,2026-03-06T08:30:00+01:00,2026-03-06T14:15:00+01:00,345,professional,Fachkraft,85,PE 85,station
4082,Dufour Dahlia,2026-03-06,5,false,85,PE 85,1605,S,late,2026-03-06T13:15:00+01:00,2026-03-06T21:00:00+01:00,435,professional,Fachkraft,85,PE 85,station
5920,Carreras Augustin,2026-03-06,5,false,85,PE 85,1605,S,late,2026-03-06T13:15:00+01:00,2026-03-06T21:00:00+01:00,435,professional,Fachkraft,85,PE 85,station
1474,Renna Rotraud,2026-03-06,5,false,85,PE 85,1690,N,night,2026-03-06T20:10:00+01:00,2026-03-07T06:10:00+01:00,555,professional,Fachkraft,85,PE 85,station
1238,Zucker Helfred,2026-03-06,5,false,88,PE 88,1113,F,early,2026-03-06T05:55:00+01:00,2026-03-06T13:25:00+01:00,420,professional,Fachkraft,88,PE 88,station
5844,Türpe Wernhild,2026-03-06,5,false,88,PE 88,1113,F,early,2026-03-06T05:55:00+01:00,2026-03-06T13:25:00+01:00,420,professional,Fachkraft,68,PE 68,jumper_pool
6318,Gamblin Uschi,2026-03-06,5,false,88,PE 88,1113,F,early,2026-03-06T05:55:00+01:00,2026-03-06T13:25:00+01:00,420,professional,Fachkraft,68,PE 68,jumper_pool
8049,Springer Dana,2026-03-06,5,false,88,PE 88,1113,F,early,2026-03-06T05:55:00+01:00,2026-03-06T13:25:00+01:00,420,professional,Fachkraft,408,PE 408,jumper_pool
8050,Springer Emil,2026-03-06,5,false,88,PE 88,1113,F,early,2026-03-06T05:55:00+01:00,2026-03-06T13:25:00+01:00,420,professional,Fachkraft,408,PE 408,jumper_pool
1191,Anoch Theobald,2026-03-06,5,false,88,PE 88,1605,S,late,2026-03-06T13:15:00+01:00,2026-03-06T21:00:00+01:00,435,professional,Fachkraft,88,PE 88,station
1231,Lary Rüdiger,2026-03-06,5,false,88,PE 88,1605,S,late,2026-03-06T13:15:00+01:00,2026-03-06T21:00:00+01:00,435,professional,Fachkraft,88,PE 88,station
3642,Phinney Alheid,2026-03-06,5,false,88,PE 88,1605,S,late,2026-03-06T13:15:00+01:00,2026-03-06T21:00:00+01:00,435,professional,Fachkraft,88,PE 88,station
8046,Springer Alina,2026-03-06,5,false,88,PE 88,1605,S,late,2026-03-06T13:15:00+01:00,2026-03-06T21:00:00+01:00,435,professional,Fachkraft,408,PE 408,jumper_pool
8048,Springer Cem,2026-03-06,5,false,88,PE 88,1605,S,late,2026-03-06T13:15:00+01:00,2026-03-06T21:00:00+01:00,435,professional,Fachkraft,408,PE 408,jumper_pool
1167,Min Friedhard,2026-03-06,5,false,337,PE 337,1113,F,early,2026-03-06T05:55:00+01:00,2026-03-06T13:25:00+01:00,420,professional,Fachkraft,337,PE 337,station
918,Ambriz Waltraud,2026-03-06,5,false,337,PE 337,1605,S,late,2026-03-06T13:15:00+01:00,2026-03-06T21:00:00+01:00,435,professional,Fachkraft,68,PE 68,jumper_pool
914,Harkins Silvia,2026-03-07,6,false,77,PE 77,1113,F,early,2026-03-07T05:55:00+01:00,2026-03-07T13:25:00+01:00,420,assistant,Hilfskraft,77,PE 77,station
917,Catoe Ingbert,2026-03-07,6,false,77,PE 77,1113,F,early,2026-03-07T05:55:00+01:00,2026-03-07T13:25:00+01:00,420,professional,Fachkraft,77,PE 77,station
2932,Devers Kersten,2026-03-07,6,false,77,PE 77,1113,F,early,2026-03-07T05:55:00+01:00,2026-03-07T13:25:00+01:00,420,professional,Fachkraft,77,PE 77,station
6995,Brooker Berna,2026-03-07,6,false,77,PE 77,1113,F,early,2026-03-07T05:55:00+01:00,2026-03-07T13:25:00+01:00,420,professional,Fachkraft,77,PE 77,station
7660,Rast Agatha,2026-03-07,6,false,77,PE 77,1113,F,early,2026-03-07T05:55:00+01:00,2026-03-07T13:25:00+01:00,420,assistant,Hilfskraft,77,PE 77,station
7603,Roberson Ludger,2026-03-07,6,false,77,PE 77,1453,Z,intermediate,2026-03-07T08:30:00+01:00,2026-03-07T14:15:00+01:00,345,professional,Fachkraft,77,PE 77,station
790,Mccomas Adriane,2026-03-07,6,false,77,PE 77,1605,S,late,2026-03-07T13:15:00+01:00,2026-03-07T21:00:00+01:00,435,assistant,Hilfskraft,77,PE 77,station
928,Wunderlich Daniele,2026-03-07,6,false,77,PE 77,1605,S,late,2026-03-07T13:15:00+01:00,2026-03-07T21:00:00+01:00,435,professional,Fachkraft,77,PE 77,station
2963,Hoots Renilde,2026-03-07,6,false,77,PE 77,1605,S,late,2026-03-07T13:15:00+01:00,2026-03-07T21:00:00+01:00,435,professional,Fachkraft,77,PE 77,station
7375,Fridam Gangolf,2026-03-07,6,false,77,PE 77,1605,S,late,2026-03-07T13:15:00+01:00,2026-03-07T21:00:00+01:00,435,professional,Fachkraft,77,PE 77,station
6727,Lenhart Fred,2026-03-07,6,false,77,PE 77,1690,N,night,2026-03-07T20:10:00+01:00,2026-03-08T06:10:00+01:00,555,professional,Fachkraft,77,PE 77,station
7124,Pirkle Xaver,2026-03-07,6,false,77,PE 77,1690,N,night,2026-03-07T20:10:00+01:00,2026-03-08T06:10:00+01:00,555,professional,Fachkraft,77,PE 77,station
1144,Dalessandro Daniela,2026-03-07,6,false,78,PE 78,1113,F,early,2026-03-07T05:55:00+01:00,2026-03-07T13:25:00+01:00,420,professional,Fachkraft,78,PE 78,station
4073,Przybylski Ingemarie,2026-03-07,6,false,78,PE 78,1605,S,late,2026-03-07T13:15:00+01:00,2026-03-07T21:00:00+01:00,435,professional,Fachkraft,78,PE 78,station
2946,Homes Swetlana,2026-03-07,6,false,78,PE 78,1690,N,night,2026-03-07T20:10:00+01:00,2026-03-08T06:10:00+01:00,555,professional,Fachkraft,78,PE 78,station
1138,Kunkel Annehild,2026-03-07,6,false,79,PE 79,1113,F,early,2026-03-07T05:55:00+01:00,2026-03-07T13:25:00+01:00,420,professional,Fachkraft,79,PE 79,station
3463,Pock Godelind,2026-03-07,6,false,79,PE 79,1113,F,early,2026-03-07T05:55:00+01:00,2026-03-07T13:25:00+01:00,420,professional,Fachkraft,79,PE 79,station
5318,Poindexter Rhiane,2026-03-07,6,false,79,PE 79,1113,F,early,2026-03-07T05:55:00+01:00,2026-03-07T13:25:00+01:00,420,assistant,Hilfskraft,79,PE 79,station
7132,Maderdonner Reinburga,2026-03-07,6,false,79,PE 79,1453,Z,intermediate,2026-03-07T08:30:00+01:00,2026-03-07T14:15:00+01:00,345,professional,Fachkraft,79,PE 79,station
844,Greenman Elia,2026-03-07,6,false,79,PE 79,1605,S,late,2026-03-07T13:15:00+01:00,2026-03-07T21:00:00+01:00,435,professional,Fachkraft,79,PE 79,station
4064,Scheuenstuhl Rebecca,2026-03-07,6,false,79,PE 79,1605,S,late,2026-03-07T13:15:00+01:00,2026-03-07T21:00:00+01:00,435,professional,Fachkraft,79,PE 79,station
1161,Varney Anuschka,2026-03-07,6,false,79,PE 79,1690,N,night,2026-03-07T20:10:00+01:00,2026-03-08T06:10:00+01:00,555,professional,Fachkraft,79,PE 79,station
5002,Britt Ingerose,2026-03-07,6,false,79,PE 79,1690,N,night,2026-03-07T20:10:00+01:00,2026-03-08T06:10:00+01:00,555,professional,Fachkraft,79,PE 79,station
1224,Mattingly Ännchen,2026-03-07,6,false,83,PE 83,1113,F,early,2026-03-07T05:55:00+01:00,2026-03-07T13:25:00+01:00,420,professional,Fachkraft,83,PE 83,station
7006,Cormier Sigrid,2026-03-07,6,false,83,PE 83,1113,F,early,2026-03-07T05:55:00+01:00,2026-03-07T13:25:00+01:00,420,professional,Fachkraft,68,PE 68,jumper_pool
8049,Springer Dana,2026-03-07,6,false,83,PE 83,1113,F,early,2026-03-07T05:55:00+01:00,2026-03-07T13:25:00+01:00,420,professional,Fachkraft,408,PE 408,jumper_pool
1209,Cobbs Delia,2026-03-07,6,false,83,PE 83,1605,S,late,2026-03-07T13:15:00+01:00,2026-03-07T21:00:00+01:00,435,professional,Fachkraft,83,PE 83,station
4101,Stott Birkhild,2026-03-07,6,false,83,PE 83,1605,S,late,2026-03-07T13:15:00+01:00,2026-03-07T21:00:00+01:00,435,professional,Fachkraft,83,PE 83,station
8050,Springer Emil,2026-03-07,6,false,83,PE 83,1605,S,late,2026-03-07T13:15:00+01:00,2026-03-07T21:00:00+01:00,435,professional,Fachkraft,408,PE 408,jumper_pool
803,Reis Richardis,2026-03-07,6,false,85,PE 85,1113,F,early,2026-03-07T05:55:00+01:00,2026-03-07T13:25:00+01:00,420,professional,Fachkraft,85,PE 85,station
5866,Mcbrayer Siegmar,2026-03-07,6,false,85,PE 85,1113,F,early,2026-03-07T05:55:00+01:00,2026-03-07T13:25:00+01:00,420,professional,Fachkraft,85,PE 85,station
459,Shoemake Sandra,2026-03-07,6,false,85,PE 85,1605,S,late,2026-03-07T13:15:00+01:00,2026-03-07T21:00:00+01:00,435,professional,Fachkraft,85,PE 85,station
4082,Dufour Dahlia,2026-03-07,6,false,85,PE 85,1605,S,late,2026-03-07T13:15:00+01:00,2026-03-07T21:00:00+01:00,435,professional,Fachkraft,85,PE 85,station
941,Mosqueda Adelina,2026-03-07,6,false,85,PE 85,1690,N,night,2026-03-07T20:10:00+01:00,2026-03-08T06:10:00+01:00,555,professional,Fachkraft,85,PE 85,station
1238,Zucker Helfred,2026-03-07,6,false,88,PE 88,1113,F,early,2026-03-07T05:55:00+01:00,2026-03-07T13:25:00+01:00,420,professional,Fachkraft,88,PE 88,station
5844,Türpe Wernhild,2026-03-07,6,false,88,PE 88,1113,F,early,2026-03-07T05:55:00+01:00,2026-03-07T13:25:00+01:00,420,professional,Fachkraft,68,PE 68,jumper_pool
6318,Gamblin Uschi,2026-03-07,6,false,88,PE 88,1113,F,early,2026-03-07T05:55:00+01:00,2026-03-07T13:25:00+01:00,420,professional,Fachkraft,68,PE 68,jumper_pool
7490,Waldinger Annemargr,2026-03-07,6,false,88,PE 88,1113,F,early,2026-03-07T05:55:00+01:00,2026-03-07T13:25:00+01:00,420,professional,Fachkraft,68,PE 68,jumper_pool
1191,Anoch Theobald,2026-03-07,6,false,88,PE 88,1453,Z,intermediate,2026-03-07T08:30:00+01:00,2026-03-07T14:15:00+01:00,345,professional,Fachkraft,88,PE 88,station
1184,Pedroza Bertwalda,2026-03-07,6,false,88,PE 88,1605,S,late,2026-03-07T13:15:00+01:00,2026-03-07T21:00:00+01:00,435,professional,Fachkraft,88,PE 88,station
1231,Lary Rüdiger,2026-03-07,6,false,88,PE 88,1605,S,late,2026-03-07T13:15:00+01:00,2026-03-07T21:00:00+01:00,435,professional,Fachkraft,88,PE 88,station
3642,Phinney Alheid,2026-03-07,6,false,88,PE 88,1605,S,late,2026-03-07T13:15:00+01:00,2026-03-07T21:00:00+01:00,435,professional,Fachkraft,88,PE 88,station
1167,Min Friedhard,2026-03-07,6,false,337,PE 337,1113,F,early,2026-03-07T05:55:00+01:00,2026-03-07T13:25:00+01:00,420,professional,Fachkraft,337,PE 337,station
8052,Springer Greta,2026-03-07,6,false,337,PE 337,1113,F,early,2026-03-07T05:55:00+01:00,2026-03-07T13:25:00+01:00,420,trainee,Azubi,408,PE 408,jumper_pool
8047,Springer Boris,2026-03-07,6,false,337,PE 337,1605,S,late,2026-03-07T13:15:00+01:00,2026-03-07T21:00:00+01:00,435,professional,Fachkraft,408,PE 408,jumper_pool
914,Harkins Silvia,2026-03-08,7,false,77,PE 77,1113,F,early,2026-03-08T05:55:00+01:00,2026-03-08T13:25:00+01:00,420,assistant,Hilfskraft,77,PE 77,station
917,Catoe Ingbert,2026-03-08,7,false,77,PE 77,1113,F,early,2026-03-08T05:55:00+01:00,2026-03-08T13:25:00+01:00,420,professional,Fachkraft,77,PE 77,station
2932,Devers Kersten,2026-03-08,7,false,77,PE 77,1113,F,early,2026-03-08T05:55:00+01:00,2026-03-08T13:25:00+01:00,420,professional,Fachkraft,77,PE 77,station
7603,Roberson Ludger,2026-03-08,7,false,77,PE 77,1113,F,early,2026-03-08T05:55:00+01:00,2026-03-08T13:25:00+01:00,420,professional,Fachkraft,77,PE 77,station
8051,Springer Farah,2026-03-08,7,false,77,PE 77,1113,F,early,2026-03-08T05:55:00+01:00,2026-03-08T13:25:00+01:00,420,assistant,Hilfskraft,408,PE 408,jumper_pool
790,Mccomas Adriane,2026-03-08,7,false,77,PE 77,1605,S,late,2026-03-08T13:15:00+01:00,2026-03-08T21:00:00+01:00,435,assistant,Hilfskraft,77,PE 77,station
2963,Hoots Renilde,2026-03-08,7,false,77,PE 77,1605,S,late,2026-03-08T13:15:00+01:00,2026-03-08T21:00:00+01:00,435,professional,Fachkraft,77,PE 77,station
6836,Valentino Trude,2026-03-08,7,false,77,PE 77,1605,S,late,2026-03-08T13:15:00+01:00,2026-03-08T21:00:00+01:00,435,professional,Fachkraft,77,PE 77,station
6995,Brooker Berna,2026-03-08,7,false,77,PE 77,1605,S,late,2026-03-08T13:15:00+01:00,2026-03-08T21:00:00+01:00,435,professional,Fachkraft,77,PE 77,station
7375,Fridam Gangolf,2026-03-08,7,false,77,PE 77,1605,S,late,2026-03-08T13:15:00+01:00,2026-03-08T21:00:00+01:00,435,professional,Fachkraft,77,PE 77,station
7028,Cranmer Gretlies,2026-03-08,7,false,77,PE 77,1690,N,night,2026-03-08T20:10:00+01:00,2026-03-09T06:10:00+01:00,555,professional,Fachkraft,77,PE 77,station
7124,Pirkle Xaver,2026-03-08,7,false,77,PE 77,1690,N,night,2026-03-08T20:10:00+01:00,2026-03-09T06:10:00+01:00,555,professional,Fachkraft,77,PE 77,station
1144,Dalessandro Daniela,2026-03-08,7,false,78,PE 78,1113,F,early,2026-03-08T05:55:00+01:00,2026-03-08T13:25:00+01:00,420,professional,Fachkraft,78,PE 78,station
4073,Przybylski Ingemarie,2026-03-08,7,false,78,PE 78,1605,S,late,2026-03-08T13:15:00+01:00,2026-03-08T21:00:00+01:00,435,professional,Fachkraft,78,PE 78,station
4100,Storck Leonore,2026-03-08,7,false,78,PE 78,1690,N,night,2026-03-08T20:10:00+01:00,2026-03-09T06:10:00+01:00,555,professional,Fachkraft,78,PE 78,station
3463,Pock Godelind,2026-03-08,7,false,79,PE 79,1113,F,early,2026-03-08T05:55:00+01:00,2026-03-08T13:25:00+01:00,420,professional,Fachkraft,79,PE 79,station
5318,Poindexter Rhiane,2026-03-08,7,false,79,PE 79,1113,F,early,2026-03-08T05:55:00+01:00,2026-03-08T13:25:00+01:00,420,assistant,Hilfskraft,79,PE 79,station
7131,Mccarley Elrike,2026-03-08,7,false,79,PE 79,1113,F,early,2026-03-08T05:55:00+01:00,2026-03-08T13:25:00+01:00,420,professional,Fachkraft,79,PE 79,station
7132,Maderdonner Reinburga,2026-03-08,7,false,79,PE 79,1453,Z,intermediate,2026-03-08T08:30:00+01:00,2026-03-08T14:15:00+01:00,345,professional,Fachkraft,79,PE 79,station
818,Wülfroth Luitgart,2026-03-08,7,false,79,PE 79,1605,S,late,2026-03-08T13:15:00+01:00,2026-03-08T21:00:00+01:00,435,professional,Fachkraft,79,PE 79,station
4064,Scheuenstuhl Rebecca,2026-03-08,7,false,79,PE 79,1605,S,late,2026-03-08T13:15:00+01:00,2026-03-08T21:00:00+01:00,435,professional,Fachkraft,79,PE 79,station
844,Greenman Elia,2026-03-08,7,false,79,PE 79,1690,N,night,2026-03-08T20:10:00+01:00,2026-03-09T06:10:00+01:00,555,professional,Fachkraft,79,PE 79,station
5002,Britt Ingerose,2026-03-08,7,false,79,PE 79,1690,N,night,2026-03-08T20:10:00+01:00,2026-03-09T06:10:00+01:00,555,professional,Fachkraft,79,PE 79,station
1203,Nadeau Annelen,2026-03-08,7,false,83,PE 83,1113,F,early,2026-03-08T05:55:00+01:00,2026-03-08T13:25:00+01:00,420,professional,Fachkraft,83,PE 83,station
1224,Mattingly Ännchen,2026-03-08,7,false,83,PE 83,1113,F,early,2026-03-08T05:55:00+01:00,2026-03-08T13:25:00+01:00,420,professional,Fachkraft,83,PE 83,station
7490,Waldinger Annemargr,2026-03-08,7,false,83,PE 83,1113,F,early,2026-03-08T05:55:00+01:00,2026-03-08T13:25:00+01:00,420,professional,Fachkraft,68,PE 68,jumper_pool
1209,Cobbs Delia,2026-03-08,7,false,83,PE 83,1605,S,late,2026-03-08T13:15:00+01:00,2026-03-08T21:00:00+01:00,435,professional,Fachkraft,83,PE 83,station
4083,Drumm Wiegand,2026-03-08,7,false,83,PE 83,1605,S,late,2026-03-08T13:15:00+01:00,2026-03-08T21:00:00+01:00,435,professional,Fachkraft,83,PE 83,station
4101,Stott Birkhild,2026-03-08,7,false,83,PE 83,1605,S,late,2026-03-08T13:15:00+01:00,2026-03-08T21:00:00+01:00,435,professional,Fachkraft,83,PE 83,station
803,Reis Richardis,2026-03-08,7,false,85,PE 85,1113,F,early,2026-03-08T05:55:00+01:00,2026-03-08T13:25:00+01:00,420,professional,Fachkraft,85,PE 85,station
5866,Mcbrayer Siegmar,2026-03-08,7,false,85,PE 85,1113,F,early,2026-03-08T05:55:00+01:00,2026-03-08T13:25:00+01:00,420,professional,Fachkraft,85,PE 85,station
459,Shoemake Sandra,2026-03-08,7,false,85,PE 85,1605,S,late,2026-03-08T13:15:00+01:00,2026-03-08T21:00:00+01:00,435,professional,Fachkraft,85,PE 85,station
5920,Carreras Augustin,2026-03-08,7,false,85,PE 85,1605,S,late,2026-03-08T13:15:00+01:00,2026-03-08T21:00:00+01:00,435,professional,Fachkraft,85,PE 85,station
941,Mosqueda Adelina,2026-03-08,7,false,85,PE 85,1690,N,night,2026-03-08T20:10:00+01:00,2026-03-09T06:10:00+01:00,555,professional,Fachkraft,85,PE 85,station
1191,Anoch Theobald,2026-03-08,7,false,88,PE 88,1113,F,early,2026-03-08T05:55:00+01:00,2026-03-08T13:25:00+01:00,420,professional,Fachkraft,88,PE 88,station
1238,Zucker Helfred,2026-03-08,7,false,88,PE 88,1113,F,early,2026-03-08T05:55:00+01:00,2026-03-08T13:25:00+01:00,420,professional,Fachkraft,88,PE 88,station
6259,Trovato Annette,2026-03-08,7,false,88,PE 88,1113,F,early,2026-03-08T05:55:00+01:00,2026-03-08T13:25:00+01:00,420,professional,Fachkraft,68,PE 68,jumper_pool
6318,Gamblin Uschi,2026-03-08,7,false,88,PE 88,1113,F,early,2026-03-08T05:55:00+01:00,2026-03-08T13:25:00+01:00,420,professional,Fachkraft,68,PE 68,jumper_pool
1184,Pedroza Bertwalda,2026-03-08,7,false,88,PE 88,1453,Z,intermediate,2026-03-08T08:30:00+01:00,2026-03-08T14:15:00+01:00,345,professional,Fachkraft,88,PE 88,station
3642,Phinney Alheid,2026-03-08,7,false,88,PE 88,1605,S,late,2026-03-08T13:15:00+01:00,2026-03-08T21:00:00+01:00,435,professional,Fachkraft,88,PE 88,station
5844,Türpe Wernhild,2026-03-08,7,false,88,PE 88,1605,S,late,2026-03-08T13:15:00+01:00,2026-03-08T21:00:00+01:00,435,professional,Fachkraft,68,PE 68,jumper_pool
8047,Springer Boris,2026-03-08,7,false,88,PE 88,1605,S,late,2026-03-08T13:15:00+01:00,2026-03-08T21:00:00+01:00,435,professional,Fachkraft,408,PE 408,jumper_pool
8050,Springer Emil,2026-03-08,7,false,88,PE 88,1605,S,late,2026-03-08T13:15:00+01:00,2026-03-08T21:00:00+01:00,435,professional,Fachkraft,408,PE 408,jumper_pool
1167,Min Friedhard,2026-03-08,7,false,337,PE 337,1113,F,early,2026-03-08T05:55:00+01:00,2026-03-08T13:25:00+01:00,420,professional,Fachkraft,337,PE 337,station
8052,Springer Greta,2026-03-08,7,false,337,PE 337,1113,F,early,2026-03-08T05:55:00+01:00,2026-03-08T13:25:00+01:00,420,trainee,Azubi,408,PE 408,jumper_pool
7006,Cormier Sigrid,2026-03-08,7,false,337,PE 337,1453,Z,intermediate,2026-03-08T08:30:00+01:00,2026-03-08T14:15:00+01:00,345,professional,Fachkraft,68,PE 68,jumper_pool
8046,Springer Alina,2026-03-08,7,false,337,PE 337,1605,S,late,2026-03-08T13:15:00+01:00,2026-03-08T21:00:00+01:00,435,professional,Fachkraft,408,PE 408,jumper_pool
7741,Tharp Sieghardt,2026-03-08,7,false,337,PE 337,1690,N,night,2026-03-08T20:10:00+01:00,2026-03-09T06:10:00+01:00,555,professional,Fachkraft,68,PE 68,jumper_pool
914,Harkins Silvia,2026-03-09,1,false,77,PE 77,1113,F,early,2026-03-09T05:55:00+01:00,2026-03-09T13:25:00+01:00,420,assistant,Hilfskraft,77,PE 77,station
1229,Onofre Mandy,2026-03-09,1,false,77,PE 77,1113,F,early,2026-03-09T05:55:00+01:00,2026-03-09T13:25:00+01:00,420,professional,Fachkraft,77,PE 77,station
1230,Palacio Constance,2026-03-09,1,false,77,PE 77,1113,F,early,2026-03-09T05:55:00+01:00,2026-03-09T13:25:00+01:00,420,professional,Fachkraft,77,PE 77,station
3566,Seligman Elgine,2026-03-09,1,false,77,PE 77,1113,F,early,2026-03-09T05:55:00+01:00,2026-03-09T13:25:00+01:00,420,professional,Fachkraft,77,PE 77,station
6928,Izzo Annelene,2026-03-09,1,false,77,PE 77,1113,F,early,2026-03-09T05:55:00+01:00,2026-03-09T13:25:00+01:00,420,mfa,MFA,77,PE 77,station
7660,Rast Agatha,2026-03-09,1,false,77,PE 77,1113,F,early,2026-03-09T05:55:00+01:00,2026-03-09T13:25:00+01:00,420,assistant,Hilfskraft,77,PE 77,station
921,Keese Jenny,2026-03-09,1,false,77,PE 77,1453,Z,intermediate,2026-03-09T08:30:00+01:00,2026-03-09T14:15:00+01:00,345,professional,Fachkraft,77,PE 77,station
3868,Vanfleet Eike,2026-03-09,1,false,77,PE 77,1453,Z,intermediate,2026-03-09T08:30:00+01:00,2026-03-09T14:15:00+01:00,345,professional,Fachkraft,77,PE 77,station
790,Mccomas Adriane,2026-03-09,1,false,77,PE 77,1605,S,late,2026-03-09T13:15:00+01:00,2026-03-09T21:00:00+01:00,435,assistant,Hilfskraft,77,PE 77,station
917,Catoe Ingbert,2026-03-09,1,false,77,PE 77,1605,S,late,2026-03-09T13:15:00+01:00,2026-03-09T21:00:00+01:00,435,professional,Fachkraft,77,PE 77,station
2932,Devers Kersten,2026-03-09,1,false,77,PE 77,1605,S,late,2026-03-09T13:15:00+01:00,2026-03-09T21:00:00+01:00,435,professional,Fachkraft,77,PE 77,station
5367,Donis Henni,2026-03-09,1,false,77,PE 77,1605,S,late,2026-03-09T13:15:00+01:00,2026-03-09T21:00:00+01:00,435,assistant,Hilfskraft,77,PE 77,station
6836,Valentino Trude,2026-03-09,1,false,77,PE 77,1605,S,late,2026-03-09T13:15:00+01:00,2026-03-09T21:00:00+01:00,435,professional,Fachkraft,77,PE 77,station
6995,Brooker Berna,2026-03-09,1,false,77,PE 77,1605,S,late,2026-03-09T13:15:00+01:00,2026-03-09T21:00:00+01:00,435,professional,Fachkraft,77,PE 77,station
6266,Clemmer Natalie,2026-03-09,1,false,77,PE 77,1690,N,night,2026-03-09T20:10:00+01:00,2026-03-10T06:10:00+01:00,555,professional,Fachkraft,77,PE 77,station
7028,Cranmer Gretlies,2026-03-09,1,false,77,PE 77,1690,N,night,2026-03-09T20:10:00+01:00,2026-03-10T06:10:00+01:00,555,professional,Fachkraft,77,PE 77,station
7496,Demarco Marcus,2026-03-09,1,false,77,PE 77,1690,N,night,2026-03-09T20:10:00+01:00,2026-03-10T06:10:00+01:00,555,professional,Fachkraft,77,PE 77,station
7919,Weathers Irma,2026-03-09,1,false,77,PE 77,1690,N,night,2026-03-09T20:10:00+01:00,2026-03-10T06:10:00+01:00,555,professional,Fachkraft,77,PE 77,station
843,Flanagan Mirjam,2026-03-09,1,false,78,PE 78,1113,F,early,2026-03-09T05:55:00+01:00,2026-03-09T13:25:00+01:00,420,assistant,Hilfskraft,68,PE 68,jumper_pool
1144,Dalessandro Daniela,2026-03-09,1,false,78,PE 78,1113,F,early,2026-03-09T05:55:00+01:00,2026-03-09T13:25:00+01:00,420,professional,Fachkraft,78,PE 78,station
2939,Snead Ehrentrau,2026-03-09,1,false,78,PE 78,1113,F,early,2026-03-09T05:55:00+01:00,2026-03-09T13:25:00+01:00,420,professional,Fachkraft,78,PE 78,station
4081,Burgard Marfriede,2026-03-09,1,false,78,PE 78,1113,F,early,2026-03-09T05:55:00+01:00,2026-03-09T13:25:00+01:00,420,professional,Fachkraft,78,PE 78,station
1175,Paladino Heideline,2026-03-09,1,false,78,PE 78,1605,S,late,2026-03-09T13:15:00+01:00,2026-03-09T21:00:00+01:00,435,professional,Fachkraft,78,PE 78,station
4073,Przybylski Ingemarie,2026-03-09,1,false,78,PE 78,1690,N,night,2026-03-09T20:10:00+01:00,2026-03-10T06:10:00+01:00,555,professional,Fachkraft,78,PE 78,station
4100,Storck Leonore,2026-03-09,1,false,78,PE 78,1690,N,night,2026-03-09T20:10:00+01:00,2026-03-10T06:10:00+01:00,555,professional,Fachkraft,78,PE 78,station
1138,Kunkel Annehild,2026-03-09,1,false,79,PE 79,1113,F,early,2026-03-09T05:55:00+01:00,2026-03-09T13:25:00+01:00,420,professional,Fachkraft,79,PE 79,station
3463,Pock Godelind,2026-03-09,1,false,79,PE 79,1113,F,early,2026-03-09T05:55:00+01:00,2026-03-09T13:25:00+01:00,420,professional,Fachkraft,79,PE 79,station
6330,Grotian Dorle,2026-03-09,1,false,79,PE 79,1113,F,early,2026-03-09T05:55:00+01:00,2026-03-09T13:25:00+01:00,420,professional,Fachkraft,79,PE 79,station
8051,Springer Farah,2026-03-09,1,false,79,PE 79,1113,F,early,2026-03-09T05:55:00+01:00,2026-03-09T13:25:00+01:00,420,assistant,Hilfskraft,408,PE 408,jumper_pool
818,Wülfroth Luitgart,2026-03-09,1,false,79,PE 79,1453,Z,intermediate,2026-03-09T08:30:00+01:00,2026-03-09T14:15:00+01:00,345,professional,Fachkraft,79,PE 79,station
1226,Allan Diethard,2026-03-09,1,false,79,PE 79,1453,Z,intermediate,2026-03-09T08:30:00+01:00,2026-03-09T14:15:00+01:00,345,professional,Fachkraft,79,PE 79,station
1143,Dames Margareth,2026-03-09,1,false,79,PE 79,1605,S,late,2026-03-09T13:15:00+01:00,2026-03-09T21:00:00+01:00,435,professional,Fachkraft,79,PE 79,station
4158,Engel Veronica,2026-03-09,1,false,79,PE 79,1605,S,late,2026-03-09T13:15:00+01:00,2026-03-09T21:00:00+01:00,435,professional,Fachkraft,79,PE 79,station
7131,Mccarley Elrike,2026-03-09,1,false,79,PE 79,1605,S,late,2026-03-09T13:15:00+01:00,2026-03-09T21:00:00+01:00,435,professional,Fachkraft,79,PE 79,station
844,Greenman Elia,2026-03-09,1,false,79,PE 79,1690,N,night,2026-03-09T20:10:00+01:00,2026-03-10T06:10:00+01:00,555,professional,Fachkraft,79,PE 79,station
7132,Maderdonner Reinburga,2026-03-09,1,false,79,PE 79,1690,N,night,2026-03-09T20:10:00+01:00,2026-03-10T06:10:00+01:00,555,professional,Fachkraft,79,PE 79,station
1199,Connor Wanda,2026-03-09,1,false,83,PE 83,1113,F,early,2026-03-09T05:55:00+01:00,2026-03-09T13:25:00+01:00,420,professional,Fachkraft,83,PE 83,station
1203,Nadeau Annelen,2026-03-09,1,false,83,PE 83,1113,F,early,2026-03-09T05:55:00+01:00,2026-03-09T13:25:00+01:00,420,professional,Fachkraft,83,PE 83,station
1224,Mattingly Ännchen,2026-03-09,1,false,83,PE 83,1113,F,early,2026-03-09T05:55:00+01:00,2026-03-09T13:25:00+01:00,420,professional,Fachkraft,83,PE 83,station
7490,Waldinger Annemargr,2026-03-09,1,false,83,PE 83,1113,F,early,2026-03-09T05:55:00+01:00,2026-03-09T13:25:00+01:00,420,professional,Fachkraft,68,PE 68,jumper_pool
1200,Stice Ingunde,2026-03-09,1,false,83,PE 83,1605,S,late,2026-03-09T13:15:00+01:00,2026-03-09T21:00:00+01:00,435,professional,Fachkraft,83,PE 83,station
4083,Drumm Wiegand,2026-03-09,1,false,83,PE 83,1605,S,late,2026-03-09T13:15:00+01:00,2026-03-09T21:00:00+01:00,435,professional,Fachkraft,83,PE 83,station
8048,Springer Cem,2026-03-09,1,false,83,PE 83,1605,S,late,2026-03-09T13:15:00+01:00,2026-03-09T21:00:00+01:00,435,professional,Fachkraft,408,PE 408,jumper_pool
4101,Stott Birkhild,2026-03-09,1,false,83,PE 83,1690,N,night,2026-03-09T20:10:00+01:00,2026-03-10T06:10:00+01:00,555,professional,Fachkraft,83,PE 83,station
803,Reis Richardis,2026-03-09,1,false,85,PE 85,1113,F,early,2026-03-09T05:55:00+01:00,2026-03-09T13:25:00+01:00,420,professional,Fachkraft,85,PE 85,station
4082,Dufour Dahlia,2026-03-09,1,false,85,PE 85,1113,F,early,2026-03-09T05:55:00+01:00,2026-03-09T13:25:00+01:00,420,professional,Fachkraft,85,PE 85,station
6773,Liddell Wiebke,2026-03-09,1,false,85,PE 85,1113,F,early,2026-03-09T05:55:00+01:00,2026-03-09T13:25:00+01:00,420,assistant,Hilfskraft,85,PE 85,station
459,Shoemake Sandra,2026-03-09,1,false,85,PE 85,1453,Z,intermediate,2026-03-09T08:30:00+01:00,2026-03-09T14:15:00+01:00,345,professional,Fachkraft,85,PE 85,station
946,Macdowell Lidia,2026-03-09,1,false,85,PE 85,1605,S,late,2026-03-09T13:15:00+01:00,2026-03-09T21:00:00+01:00,435,professional,Fachkraft,85,PE 85,station
5920,Carreras Augustin,2026-03-09,1,false,85,PE 85,1605,S,late,2026-03-09T13:15:00+01:00,2026-03-09T21:00:00+01:00,435,professional,Fachkraft,85,PE 85,station
1474,Renna Rotraud,2026-03-09,1,false,85,PE 85,1690,N,night,2026-03-09T20:10:00+01:00,2026-03-10T06:10:00+01:00,555,professional,Fachkraft,85,PE 85,station
1184,Pedroza Bertwalda,2026-03-09,1,false,88,PE 88,1113,F,early,2026-03-09T05:55:00+01:00,2026-03-09T13:25:00+01:00,420,professional,Fachkraft,88,PE 88,station
1191,Anoch Theobald,2026-03-09,1,false,88,PE 88,1113,F,early,2026-03-09T05:55:00+01:00,2026-03-09T13:25:00+01:00,420,professional,Fachkraft,88,PE 88,station
1238,Zucker Helfred,2026-03-09,1,false,88,PE 88,1113,F,early,2026-03-09T05:55:00+01:00,2026-03-09T13:25:00+01:00,420,professional,Fachkraft,88,PE 88,station
6318,Gamblin Uschi,2026-03-09,1,false,88,PE 88,1113,F,early,2026-03-09T05:55:00+01:00,2026-03-09T13:25:00+01:00,420,professional,Fachkraft,68,PE 68,jumper_pool
8049,Springer Dana,2026-03-09,1,false,88,PE 88,1113,F,early,2026-03-09T05:55:00+01:00,2026-03-09T13:25:00+01:00,420,professional,Fachkraft,408,PE 408,jumper_pool
918,Ambriz Waltraud,2026-03-09,1,false,88,PE 88,1605,S,late,2026-03-09T13:15:00+01:00,2026-03-09T21:00:00+01:00,435,professional,Fachkraft,68,PE 68,jumper_pool
1231,Lary Rüdiger,2026-03-09,1,false,88,PE 88,1605,S,late,2026-03-09T13:15:00+01:00,2026-03-09T21:00:00+01:00,435,professional,Fachkraft,88,PE 88,station
3642,Phinney Alheid,2026-03-09,1,false,88,PE 88,1605,S,late,2026-03-09T13:15:00+01:00,2026-03-09T21:00:00+01:00,435,professional,Fachkraft,88,PE 88,station
8046,Springer Alina,2026-03-09,1,false,88,PE 88,1605,S,late,2026-03-09T13:15:00+01:00,2026-03-09T21:00:00+01:00,435,professional,Fachkraft,408,PE 408,jumper_pool
8050,Springer Emil,2026-03-09,1,false,88,PE 88,1605,S,late,2026-03-09T13:15:00+01:00,2026-03-09T21:00:00+01:00,435,professional,Fachkraft,408,PE 408,jumper_pool
7006,Cormier Sigrid,2026-03-09,1,false,337,PE 337,1113,F,early,2026-03-09T05:55:00+01:00,2026-03-09T13:25:00+01:00,420,professional,Fachkraft,68,PE 68,jumper_pool
8052,Springer Greta,2026-03-09,1,false,337,PE 337,1113,F,early,2026-03-09T05:55:00+01:00,2026-03-09T13:25:00+01:00,420,trainee,Azubi,408,PE 408,jumper_pool
5844,Türpe Wernhild,2026-03-09,1,false,337,PE 337,1605,S,late,2026-03-09T13:15:00+01:00,2026-03-09T21:00:00+01:00,435,professional,Fachkraft,68,PE 68,jumper_pool
791,Branz Janett,2026-03-10,2,false,77,PE 77,1113,F,early,2026-03-10T05:55:00+01:00,2026-03-10T13:25:00+01:00,420,professional,Fachkraft,77,PE 77,station
914,Harkins Silvia,2026-03-10,2,false,77,PE 77,1113,F,early,2026-03-10T05:55:00+01:00,2026-03-10T13:25:00+01:00,420,assistant,Hilfskraft,77,PE 77,station
1229,Onofre Mandy,2026-03-10,2,false,77,PE 77,1113,F,early,2026-03-10T05:55:00+01:00,2026-03-10T13:25:00+01:00,420,professional,Fachkraft,77,PE 77,station
3566,Seligman Elgine,2026-03-10,2,false,77,PE 77,1113,F,early,2026-03-10T05:55:00+01:00,2026-03-10T13:25:00+01:00,420,professional,Fachkraft,77,PE 77,station
6928,Izzo Annelene,2026-03-10,2,false,77,PE 77,1113,F,early,2026-03-10T05:55:00+01:00,2026-03-10T13:25:00+01:00,420,mfa,MFA,77,PE 77,station
7660,Rast Agatha,2026-03-10,2,false,77,PE 77,1113,F,early,2026-03-10T05:55:00+01:00,2026-03-10T13:25:00+01:00,420,assistant,Hilfskraft,77,PE 77,station
1230,Palacio Constance,2026-03-10,2,false,77,PE 77,1453,Z,intermediate,2026-03-10T08:30:00+01:00,2026-03-10T14:15:00+01:00,345,professional,Fachkraft,77,PE 77,station
3868,Vanfleet Eike,2026-03-10,2,false,77,PE 77,1453,Z,intermediate,2026-03-10T08:30:00+01:00,2026-03-10T14:15:00+01:00,345,professional,Fachkraft,77,PE 77,station
6727,Lenhart Fred,2026-03-10,2,false,77,PE 77,1453,Z,intermediate,2026-03-10T08:30:00+01:00,2026-03-10T14:15:00+01:00,345,professional,Fachkraft,77,PE 77,station
921,Keese Jenny,2026-03-10,2,false,77,PE 77,1605,S,late,2026-03-10T13:15:00+01:00,2026-03-10T21:00:00+01:00,435,professional,Fachkraft,77,PE 77,station
2932,Devers Kersten,2026-03-10,2,false,77,PE 77,1605,S,late,2026-03-10T13:15:00+01:00,2026-03-10T21:00:00+01:00,435,professional,Fachkraft,77,PE 77,station
5367,Donis Henni,2026-03-10,2,false,77,PE 77,1605,S,late,2026-03-10T13:15:00+01:00,2026-03-10T21:00:00+01:00,435,assistant,Hilfskraft,77,PE 77,station
6995,Brooker Berna,2026-03-10,2,false,77,PE 77,1605,S,late,2026-03-10T13:15:00+01:00,2026-03-10T21:00:00+01:00,435,professional,Fachkraft,77,PE 77,station
7378,Boulware Ina,2026-03-10,2,false,77,PE 77,1605,S,late,2026-03-10T13:15:00+01:00,2026-03-10T21:00:00+01:00,435,professional,Fachkraft,77,PE 77,station
7603,Roberson Ludger,2026-03-10,2,false,77,PE 77,1605,S,late,2026-03-10T13:15:00+01:00,2026-03-10T21:00:00+01:00,435,professional,Fachkraft,77,PE 77,station
7606,Lenahan Oda,2026-03-10,2,false,77,PE 77,1605,S,late,2026-03-10T13:15:00+01:00,2026-03-10T21:00:00+01:00,435,assistant,Hilfskraft,77,PE 77,station
6266,Clemmer Natalie,2026-03-10,2,false,77,PE 77,1690,N,night,2026-03-10T20:10:00+01:00,2026-03-11T06:10:00+01:00,555,professional,Fachkraft,77,PE 77,station
6836,Valentino Trude,2026-03-10,2,false,77,PE 77,1690,N,night,2026-03-10T20:10:00+01:00,2026-03-11T06:10:00+01:00,555,professional,Fachkraft,77,PE 77,station
7375,Fridam Gangolf,2026-03-10,2,false,77,PE 77,1690,N,night,2026-03-10T20:10:00+01:00,2026-03-11T06:10:00+01:00,555,professional,Fachkraft,77,PE 77,station
7496,Demarco Marcus,2026-03-10,2,false,77,PE 77,1690,N,night,2026-03-10T20:10:00+01:00,2026-03-11T06:10:00+01:00,555,professional,Fachkraft,77,PE 77,station
7919,Weathers Irma,2026-03-10,2,false,77,PE 77,1690,N,night,2026-03-10T20:10:00+01:00,2026-03-11T06:10:00+01:00,555,professional,Fachkraft,77,PE 77,station
4081,Burgard Marfriede,2026-03-10,2,false,78,PE 78,1113,F,early,2026-03-10T05:55:00+01:00,2026-03-10T13:25:00+01:00,420,professional,Fachkraft,78,PE 78,station
8051,Springer Farah,2026-03-10,2,false,78,PE 78,1113,F,early,2026-03-10T05:55:00+01:00,2026-03-10T13:25:00+01:00,420,assistant,Hilfskraft,408,PE 408,jumper_pool
1147,Czerwinski Pauline,2026-03-10,2,false,78,PE 78,1453,Z,intermediate,2026-03-10T08:30:00+01:00,2026-03-10T14:15:00+01:00,345,professional,Fachkraft,78,PE 78,station
2939,Snead Ehrentrau,2026-03-10,2,false,78,PE 78,1453,Z,intermediate,2026-03-10T08:30:00+01:00,2026-03-10T14:15:00+01:00,345,professional,Fachkraft,78,PE 78,station
6977,Pilgram Marinette,2026-03-10,2,false,78,PE 78,1453,Z,intermediate,2026-03-10T08:30:00+01:00,2026-03-10T14:15:00+01:00,345,professional,Fachkraft,78,PE 78,station
1175,Paladino Heideline,2026-03-10,2,false,78,PE 78,1605,S,late,2026-03-10T13:15:00+01:00,2026-03-10T21:00:00+01:00,435,professional,Fachkraft,78,PE 78,station
2946,Homes Swetlana,2026-03-10,2,false,78,PE 78,1690,N,night,2026-03-10T20:10:00+01:00,2026-03-11T06:10:00+01:00,555,professional,Fachkraft,78,PE 78,station
4073,Przybylski Ingemarie,2026-03-10,2,false,78,PE 78,1690,N,night,2026-03-10T20:10:00+01:00,2026-03-11T06:10:00+01:00,555,professional,Fachkraft,78,PE 78,station
1150,Domingue Frowine,2026-03-10,2,false,79,PE 79,1113,F,early,2026-03-10T05:55:00+01:00,2026-03-10T13:25:00+01:00,420,professional,Fachkraft,79,PE 79,station
5318,Poindexter Rhiane,2026-03-10,2,false,79,PE 79,1113,F,early,2026-03-10T05:55:00+01:00,2026-03-10T13:25:00+01:00,420,assistant,Hilfskraft,79,PE 79,station
6330,Grotian Dorle,2026-03-10,2,false,79,PE 79,1113,F,early,2026-03-10T05:55:00+01:00,2026-03-10T13:25:00+01:00,420,professional,Fachkraft,79,PE 79,station
7207,Roark Aloisia,2026-03-10,2,false,79,PE 79,1113,F,early,2026-03-10T05:55:00+01:00,2026-03-10T13:25:00+01:00,420,professional,Fachkraft,79,PE 79,station
818,Wülfroth Luitgart,2026-03-10,2,false,79,PE 79,1453,Z,intermediate,2026-03-10T08:30:00+01:00,2026-03-10T14:15:00+01:00,345,professional,Fachkraft,79,PE 79,station
1138,Kunkel Annehild,2026-03-10,2,false,79,PE 79,1453,Z,intermediate,2026-03-10T08:30:00+01:00,2026-03-10T14:15:00+01:00,345,professional,Fachkraft,79,PE 79,station
1143,Dames Margareth,2026-03-10,2,false,79,PE 79,1453,Z,intermediate,2026-03-10T08:30:00+01:00,2026-03-10T14:15:00+01:00,345,professional,Fachkraft,79,PE 79,station
1226,Allan Diethard,2026-03-10,2,false,79,PE 79,1453,Z,intermediate,2026-03-10T08:30:00+01:00,2026-03-10T14:15:00+01:00,345,professional,Fachkraft,79,PE 79,station
4064,Scheuenstuhl Rebecca,2026-03-10,2,false,79,PE 79,1605,S,late,2026-03-10T13:15:00+01:00,2026-03-10T21:00:00+01:00,435,professional,Fachkraft,79,PE 79,station
4158,Engel Veronica,2026-03-10,2,false,79,PE 79,1605,S,late,2026-03-10T13:15:00+01:00,2026-03-10T21:00:00+01:00,435,professional,Fachkraft,79,PE 79,station
7131,Mccarley Elrike,2026-03-10,2,false,79,PE 79,1605,S,late,2026-03-10T13:15:00+01:00,2026-03-10T21:00:00+01:00,435,professional,Fachkraft,79,PE 79,station
1161,Varney Anuschka,2026-03-10,2,false,79,PE 79,1690,N,night,2026-03-10T20:10:00+01:00,2026-03-11T06:10:00+01:00,555,professional,Fachkraft,79,PE 79,station
7132,Maderdonner Reinburga,2026-03-10,2,false,79,PE 79,1690,N,night,2026-03-10T20:10:00+01:00,2026-03-11T06:10:00+01:00,555,professional,Fachkraft,79,PE 79,station
1199,Connor Wanda,2026-03-10,2,false,83,PE 83,1113,F,early,2026-03-10T05:55:00+01:00,2026-03-10T13:25:00+01:00,420,professional,Fachkraft,83,PE 83,station
1203,Nadeau Annelen,2026-03-10,2,false,83,PE 83,1113,F,early,2026-03-10T05:55:00+01:00,2026-03-10T13:25:00+01:00,420,professional,Fachkraft,83,PE 83,station
1224,Mattingly Ännchen,2026-03-10,2,false,83,PE 83,1113,F,early,2026-03-10T05:55:00+01:00,2026-03-10T13:25:00+01:00,420,professional,Fachkraft,83,PE 83,station
6259,Trovato Annette,2026-03-10,2,false,83,PE 83,1113,F,early,2026-03-10T05:55:00+01:00,2026-03-10T13:25:00+01:00,420,professional,Fachkraft,68,PE 68,jumper_pool
8052,Springer Greta,2026-03-10,2,false,83,PE 83,1113,F,early,2026-03-10T05:55:00+01:00,2026-03-10T13:25:00+01:00,420,trainee,Azubi,408,PE 408,jumper_pool
1200,Stice Ingunde,2026-03-10,2,false,83,PE 83,1605,S,late,2026-03-10T13:15:00+01:00,2026-03-10T21:00:00+01:00,435,professional,Fachkraft,83,PE 83,station
1209,Cobbs Delia,2026-03-10,2,false,83,PE 83,1605,S,late,2026-03-10T13:15:00+01:00,2026-03-10T21:00:00+01:00,435,professional,Fachkraft,83,PE 83,station
5844,Türpe Wernhild,2026-03-10,2,false,83,PE 83,1605,S,late,2026-03-10T13:15:00+01:00,2026-03-10T21:00:00+01:00,435,professional,Fachkraft,68,PE 68,jumper_pool
803,Reis Richardis,2026-03-10,2,false,85,PE 85,1113,F,early,2026-03-10T05:55:00+01:00,2026-03-10T13:25:00+01:00,420,professional,Fachkraft,85,PE 85,station
5866,Mcbrayer Siegmar,2026-03-10,2,false,85,PE 85,1113,F,early,2026-03-10T05:55:00+01:00,2026-03-10T13:25:00+01:00,420,professional,Fachkraft,85,PE 85,station
6773,Liddell Wiebke,2026-03-10,2,false,85,PE 85,1113,F,early,2026-03-10T05:55:00+01:00,2026-03-10T13:25:00+01:00,420,assistant,Hilfskraft,85,PE 85,station
5920,Carreras Augustin,2026-03-10,2,false,85,PE 85,1453,Z,intermediate,2026-03-10T08:30:00+01:00,2026-03-10T14:15:00+01:00,345,professional,Fachkraft,85,PE 85,station
946,Macdowell Lidia,2026-03-10,2,false,85,PE 85,1605,S,late,2026-03-10T13:15:00+01:00,2026-03-10T21:00:00+01:00,435,professional,Fachkraft,85,PE 85,station
4082,Dufour Dahlia,2026-03-10,2,false,85,PE 85,1605,S,late,2026-03-10T13:15:00+01:00,2026-03-10T21:00:00+01:00,435,professional,Fachkraft,85,PE 85,station
1474,Renna Rotraud,2026-03-10,2,false,85,PE 85,1690,N,night,2026-03-10T20:10:00+01:00,2026-03-11T06:10:00+01:00,555,professional,Fachkraft,85,PE 85,station
1184,Pedroza Bertwalda,2026-03-10,2,false,88,PE 88,1113,F,early,2026-03-10T05:55:00+01:00,2026-03-10T13:25:00+01:00,420,professional,Fachkraft,88,PE 88,station
1238,Zucker Helfred,2026-03-10,2,false,88,PE 88,1113,F,early,2026-03-10T05:55:00+01:00,2026-03-10T13:25:00+01:00,420,professional,Fachkraft,88,PE 88,station
6318,Gamblin Uschi,2026-03-10,2,false,88,PE 88,1113,F,early,2026-03-10T05:55:00+01:00,2026-03-10T13:25:00+01:00,420,professional,Fachkraft,68,PE 68,jumper_pool
7490,Waldinger Annemargr,2026-03-10,2,false,88,PE 88,1113,F,early,2026-03-10T05:55:00+01:00,2026-03-10T13:25:00+01:00,420,professional,Fachkraft,68,PE 68,jumper_pool
8047,Springer Boris,2026-03-10,2,false,88,PE 88,1113,F,early,2026-03-10T05:55:00+01:00,2026-03-10T13:25:00+01:00,420,professional,Fachkraft,408,PE 408,jumper_pool
1231,Lary Rüdiger,2026-03-10,2,false,88,PE 88,1605,S,late,2026-03-10T13:15:00+01:00,2026-03-10T21:00:00+01:00,435,professional,Fachkraft,88,PE 88,station
3642,Phinney Alheid,2026-03-10,2,false,88,PE 88,1605,S,late,2026-03-10T13:15:00+01:00,2026-03-10T21:00:00+01:00,435,professional,Fachkraft,88,PE 88,station
8048,Springer Cem,2026-03-10,2,false,88,PE 88,1605,S,late,2026-03-10T13:15:00+01:00,2026-03-10T21:00:00+01:00,435,professional,Fachkraft,408,PE 408,jumper_pool
8049,Springer Dana,2026-03-10,2,false,88,PE 88,1605,S,late,2026-03-10T13:15:00+01:00,2026-03-10T21:00:00+01:00,435,professional,Fachkraft,408,PE 408,jumper_pool
8050,Springer Emil,2026-03-10,2,false,88,PE 88,1605,S,late,2026-03-10T13:15:00+01:00,2026-03-10T21:00:00+01:00,435,professional,Fachkraft,408,PE 408,jumper_pool
843,Flanagan Mirjam,2026-03-10,2,false,337,PE 337,1113,F,early,2026-03-10T05:55:00+01:00,2026-03-10T13:25:00+01:00,420,assistant,Hilfskraft,68,PE 68,jumper_pool
1167,Min Friedhard,2026-03-10,2,false,337,PE 337,1113,F,early,2026-03-10T05:55:00+01:00,2026-03-10T13:25:00+01:00,420,professional,Fachkraft,337,PE 337,station
8046,Springer Alina,2026-03-10,2,false,337,PE 337,1605,S,late,2026-03-10T13:15:00+01:00,2026-03-10T21:00:00+01:00,435,professional,Fachkraft,408,PE 408,jumper_pool
914,Harkins Silvia,2026-03-11,3,false,77,PE 77,1113,F,early,2026-03-11T05:55:00+01:00,2026-03-11T13:25:00+01:00,420,assistant,Hilfskraft,77,PE 77,station
924,Merriweather Bärbl,2026-03-11,3,false,77,PE 77,1113,F,early,2026-03-11T05:55:00+01:00,2026-03-11T13:25:00+01:00,420,professional,Fachkraft,77,PE 77,station
1229,Onofre Mandy,2026-03-11,3,false,77,PE 77,1113,F,early,2026-03-11T05:55:00+01:00,2026-03-11T13:25:00+01:00,420,professional,Fachkraft,77,PE 77,station
1230,Palacio Constance,2026-03-11,3,false,77,PE 77,1113,F,early,2026-03-11T05:55:00+01:00,2026-03-11T13:25:00+01:00,420,professional,Fachkraft,77,PE 77,station
6928,Izzo Annelene,2026-03-11,3,false,77,PE 77,1113,F,early,2026-03-11T05:55:00+01:00,2026-03-11T13:25:00+01:00,420,mfa,MFA,77,PE 77,station
7660,Rast Agatha,2026-03-11,3,false,77,PE 77,1113,F,early,2026-03-11T05:55:00+01:00,2026-03-11T13:25:00+01:00,420,assistant,Hilfskraft,77,PE 77,station
791,Branz Janett,2026-03-11,3,false,77,PE 77,1453,Z,intermediate,2026-03-11T08:30:00+01:00,2026-03-11T14:15:00+01:00,345,professional,Fachkraft,77,PE 77,station
3566,Seligman Elgine,2026-03-11,3,false,77,PE 77,1453,Z,intermediate,2026-03-11T08:30:00+01:00,2026-03-11T14:15:00+01:00,345,professional,Fachkraft,77,PE 77,station
7603,Roberson Ludger,2026-03-11,3,false,77,PE 77,1453,Z,intermediate,2026-03-11T08:30:00+01:00,2026-03-11T14:15:00+01:00,345,professional,Fachkraft,77,PE 77,station
790,Mccomas Adriane,2026-03-11,3,false,77,PE 77,1605,S,late,2026-03-11T13:15:00+01:00,2026-03-11T21:00:00+01:00,435,assistant,Hilfskraft,77,PE 77,station
917,Catoe Ingbert,2026-03-11,3,false,77,PE 77,1605,S,late,2026-03-11T13:15:00+01:00,2026-03-11T21:00:00+01:00,435,professional,Fachkraft,77,PE 77,station
6995,Brooker Berna,2026-03-11,3,false,77,PE 77,1605,S,late,2026-03-11T13:15:00+01:00,2026-03-11T21:00:00+01:00,435,professional,Fachkraft,77,PE 77,station
7378,Boulware Ina,2026-03-11,3,false,77,PE 77,1605,S,late,2026-03-11T13:15:00+01:00,2026-03-11T21:00:00+01:00,435,professional,Fachkraft,77,PE 77,station
7606,Lenahan Oda,2026-03-11,3,false,77,PE 77,1605,S,late,2026-03-11T13:15:00+01:00,2026-03-11T21:00:00+01:00,435,assistant,Hilfskraft,77,PE 77,station
6727,Lenhart Fred,2026-03-11,3,false,77,PE 77,1690,N,night,2026-03-11T20:10:00+01:00,2026-03-12T06:10:00+01:00,555,professional,Fachkraft,77,PE 77,station
6836,Valentino Trude,2026-03-11,3,false,77,PE 77,1690,N,night,2026-03-11T20:10:00+01:00,2026-03-12T06:10:00+01:00,555,professional,Fachkraft,77,PE 77,station
7375,Fridam Gangolf,2026-03-11,3,false,77,PE 77,1690,N,night,2026-03-11T20:10:00+01:00,2026-03-12T06:10:00+01:00,555,professional,Fachkraft,77,PE 77,station
7496,Demarco Marcus,2026-03-11,3,false,77,PE 77,1690,N,night,2026-03-11T20:10:00+01:00,2026-03-12T06:10:00+01:00,555,professional,Fachkraft,77,PE 77,station
7919,Weathers Irma,2026-03-11,3,false,77,PE 77,1690,N,night,2026-03-11T20:10:00+01:00,2026-03-12T06:10:00+01:00,555,professional,Fachkraft,77,PE 77,station
843,Flanagan Mirjam,2026-03-11,3,false,78,PE 78,1113,F,early,2026-03-11T05:55:00+01:00,2026-03-11T13:25:00+01:00,420,assistant,Hilfskraft,68,PE 68,jumper_pool
2939,Snead Ehrentrau,2026-03-11,3,false,78,PE 78,1113,F,early,2026-03-11T05:55:00+01:00,2026-03-11T13:25:00+01:00,420,professional,Fachkraft,78,PE 78,station
1144,Dalessandro Daniela,2026-03-11,3,false,78,PE 78,1605,S,late,2026-03-11T13:15:00+01:00,2026-03-11T21:00:00+01:00,435,professional,Fachkraft,78,PE 78,station
1147,Czerwinski Pauline,2026-03-11,3,false,78,PE 78,1605,S,late,2026-03-11T13:15:00+01:00,2026-03-11T21:00:00+01:00,435,professional,Fachkraft,78,PE 78,station
6977,Pilgram Marinette,2026-03-11,3,false,78,PE 78,1605,S,late,2026-03-11T13:15:00+01:00,2026-03-11T21:00:00+01:00,435,professional,Fachkraft,78,PE 78,station
1175,Paladino Heideline,2026-03-11,3,false,78,PE 78,1690,N,night,2026-03-11T20:10:00+01:00,2026-03-12T06:10:00+01:00,555,professional,Fachkraft,78,PE 78,station
2946,Homes Swetlana,2026-03-11,3,false,78,PE 78,1690,N,night,2026-03-11T20:10:00+01:00,2026-03-12T06:10:00+01:00,555,professional,Fachkraft,78,PE 78,station
4073,Przybylski Ingemarie,2026-03-11,3,false,78,PE 78,1690,N,night,2026-03-11T20:10:00+01:00,2026-03-12T06:10:00+01:00,555,professional,Fachkraft,78,PE 78,station
1138,Kunkel Annehild,2026-03-11,3,false,79,PE 79,1113,F,early,2026-03-11T05:55:00+01:00,2026-03-11T13:25:00+01:00,420,professional,Fachkraft,79,PE 79,station
3463,Pock Godelind,2026-03-11,3,false,79,PE 79,1113,F,early,2026-03-11T05:55:00+01:00,2026-03-11T13:25:00+01:00,420,professional,Fachkraft,79,PE 79,station
5318,Poindexter Rhiane,2026-03-11,3,false,79,PE 79,1113,F,early,2026-03-11T05:55:00+01:00,2026-03-11T13:25:00+01:00,420,assistant,Hilfskraft,79,PE 79,station
7207,Roark Aloisia,2026-03-11,3,false,79,PE 79,1113,F,early,2026-03-11T05:55:00+01:00,2026-03-11T13:25:00+01:00,420,professional,Fachkraft,79,PE 79,station
818,Wülfroth Luitgart,2026-03-11,3,false,79,PE 79,1453,Z,intermediate,2026-03-11T08:30:00+01:00,2026-03-11T14:15:00+01:00,345,professional,Fachkraft,79,PE 79,station
1150,Domingue Frowine,2026-03-11,3,false,79,PE 79,1453,Z,intermediate,2026-03-11T08:30:00+01:00,2026-03-11T14:15:00+01:00,345,professional,Fachkraft,79,PE 79,station
1143,Dames Margareth,2026-03-11,3,false,79,PE 79,1605,S,late,2026-03-11T13:15:00+01:00,2026-03-11T21:00:00+01:00,435,professional,Fachkraft,79,PE 79,station
4064,Scheuenstuhl Rebecca,2026-03-11,3,false,79,PE 79,1605,S,late,2026-03-11T13:15:00+01:00,2026-03-11T21:00:00+01:00,435,professional,Fachkraft,79,PE 79,station
7131,Mccarley Elrike,2026-03-11,3,false,79,PE 79,1605,S,late,2026-03-11T13:15:00+01:00,2026-03-11T21:00:00+01:00,435,professional,Fachkraft,79,PE 79,station
1161,Varney Anuschka,2026-03-11,3,false,79,PE 79,1690,N,night,2026-03-11T20:10:00+01:00,2026-03-12T06:10:00+01:00,555,professional,Fachkraft,79,PE 79,station
1226,Allan Diethard,2026-03-11,3,false,79,PE 79,1690,N,night,2026-03-11T20:10:00+01:00,2026-03-12T06:10:00+01:00,555,professional,Fachkraft,79,PE 79,station
5002,Britt Ingerose,2026-03-11,3,false,79,PE 79,1690,N,night,2026-03-11T20:10:00+01:00,2026-03-12T06:10:00+01:00,555,professional,Fachkraft,79,PE 79,station
1199,Connor Wanda,2026-03-11,3,false,83,PE 83,1113,F,early,2026-03-11T05:55:00+01:00,2026-03-11T13:25:00+01:00,420,professional,Fachkraft,83,PE 83,station
1224,Mattingly Ännchen,2026-03-11,3,false,83,PE 83,1113,F,early,2026-03-11T05:55:00+01:00,2026-03-11T13:25:00+01:00,420,professional,Fachkraft,83,PE 83,station
8047,Springer Boris,2026-03-11,3,false,83,PE 83,1113,F,early,2026-03-11T05:55:00+01:00,2026-03-11T13:25:00+01:00,420,professional,Fachkraft,408,PE 408,jumper_pool
1209,Cobbs Delia,2026-03-11,3,false,83,PE 83,1605,S,late,2026-03-11T13:15:00+01:00,2026-03-11T21:00:00+01:00,435,professional,Fachkraft,83,PE 83,station
4083,Drumm Wiegand,2026-03-11,3,false,83,PE 83,1605,S,late,2026-03-11T13:15:00+01:00,2026-03-11T21:00:00+01:00,435,professional,Fachkraft,83,PE 83,station
5844,Türpe Wernhild,2026-03-11,3,false,83,PE 83,1605,S,late,2026-03-11T13:15:00+01:00,2026-03-11T21:00:00+01:00,435,professional,Fachkraft,68,PE 68,jumper_pool
459,Shoemake Sandra,2026-03-11,3,false,85,PE 85,1113,F,early,2026-03-11T05:55:00+01:00,2026-03-11T13:25:00+01:00,420,professional,Fachkraft,85,PE 85,station
5866,Mcbrayer Siegmar,2026-03-11,3,false,85,PE 85,1113,F,early,2026-03-11T05:55:00+01:00,2026-03-11T13:25:00+01:00,420,professional,Fachkraft,85,PE 85,station
6773,Liddell Wiebke,2026-03-11,3,false,85,PE 85,1113,F,early,2026-03-11T05:55:00+01:00,2026-03-11T13:25:00+01:00,420,assistant,Hilfskraft,85,PE 85,station
941,Mosqueda Adelina,2026-03-11,3,false,85,PE 85,1453,Z,intermediate,2026-03-11T08:30:00+01:00,2026-03-11T14:15:00+01:00,345,professional,Fachkraft,85,PE 85,station
803,Reis Richardis,2026-03-11,3,false,85,PE 85,1605,S,late,2026-03-11T13:15:00+01:00,2026-03-11T21:00:00+01:00,435,professional,Fachkraft,85,PE 85,station
5920,Carreras Augustin,2026-03-11,3,false,85,PE 85,1605,S,late,2026-03-11T13:15:00+01:00,2026-03-11T21:00:00+01:00,435,professional,Fachkraft,85,PE 85,station
1474,Renna Rotraud,2026-03-11,3,false,85,PE 85,1690,N,night,2026-03-11T20:10:00+01:00,2026-03-12T06:10:00+01:00,555,professional,Fachkraft,85,PE 85,station
918,Ambriz Waltraud,2026-03-11,3,false,88,PE 88,1113,F,early,2026-03-11T05:55:00+01:00,2026-03-11T13:25:00+01:00,420,professional,Fachkraft,68,PE 68,jumper_pool
1184,Pedroza Bertwalda,2026-03-11,3,false,88,PE 88,1113,F,early,2026-03-11T05:55:00+01:00,2026-03-11T13:25:00+01:00,420,professional,Fachkraft,88,PE 88,station
6259,Trovato Annette,2026-03-11,3,false,88,PE 88,1113,F,early,2026-03-11T05:55:00+01:00,2026-03-11T13:25:00+01:00,420,professional,Fachkraft,68,PE 68,jumper_pool
6318,Gamblin Uschi,2026-03-11,3,false,88,PE 88,1113,F,early,2026-03-11T05:55:00+01:00,2026-03-11T13:25:00+01:00,420,professional,Fachkraft,68,PE 68,jumper_pool
7006,Cormier Sigrid,2026-03-11,3,false,88,PE 88,1113,F,early,2026-03-11T05:55:00+01:00,2026-03-11T13:25:00+01:00,420,professional,Fachkraft,68,PE 68,jumper_pool
1191,Anoch Theobald,2026-03-11,3,false,88,PE 88,1605,S,late,2026-03-11T13:15:00+01:00,2026-03-11T21:00:00+01:00,435,professional,Fachkraft,88,PE 88,station
3642,Phinney Alheid,2026-03-11,3,false,88,PE 88,1605,S,late,2026-03-11T13:15:00+01:00,2026-03-11T21:00:00+01:00,435,professional,Fachkraft,88,PE 88,station
8048,Springer Cem,2026-03-11,3,false,88,PE 88,1605,S,late,2026-03-11T13:15:00+01:00,2026-03-11T21:00:00+01:00,435,professional,Fachkraft,408,PE 408,jumper_pool
8049,Springer Dana,2026-03-11,3,false,88,PE 88,1605,S,late,2026-03-11T13:15:00+01:00,2026-03-11T21:00:00+01:00,435,professional,Fachkraft,408,PE 408,jumper_pool
8050,Springer Emil,2026-03-11,3,false,88,PE 88,1605,S,late,2026-03-11T13:15:00+01:00,2026-03-11T21:00:00+01:00,435,professional,Fachkraft,408,PE 408,jumper_pool
1167,Min Friedhard,2026-03-11,3,false,337,PE 337,1113,F,early,2026-03-11T05:55:00+01:00,2026-03-11T13:25:00+01:00,420,professional,Fachkraft,337,PE 337,station
8046,Springer Alina,2026-03-11,3,false,337,PE 337,1605,S,late,2026-03-11T13:15:00+01:00,2026-03-11T21:00:00+01:00,435,professional,Fachkraft,408,PE 408,jumper_pool
1229,Onofre Mandy,2026-03-12,4,false,77,PE 77,1113,F,early,2026-03-12T05:55:00+01:00,2026-03-12T13:25:00+01:00,420,professional,Fachkraft,77,PE 77,station
1230,Palacio Constance,2026-03-12,4,false,77,PE 77,1113,F,early,2026-03-12T05:55:00+01:00,2026-03-12T13:25:00+01:00,420,professional,Fachkraft,77,PE 77,station
3566,Seligman Elgine,2026-03-12,4,false,77,PE 77,1113,F,early,2026-03-12T05:55:00+01:00,2026-03-12T13:25:00+01:00,420,professional,Fachkraft,77,PE 77,station
6928,Izzo Annelene,2026-03-12,4,false,77,PE 77,1113,F,early,2026-03-12T05:55:00+01:00,2026-03-12T13:25:00+01:00,420,mfa,MFA,77,PE 77,station
7660,Rast Agatha,2026-03-12,4,false,77,PE 77,1113,F,early,2026-03-12T05:55:00+01:00,2026-03-12T13:25:00+01:00,420,assistant,Hilfskraft,77,PE 77,station
8051,Springer Farah,2026-03-12,4,false,77,PE 77,1113,F,early,2026-03-12T05:55:00+01:00,2026-03-12T13:25:00+01:00,420,assistant,Hilfskraft,408,PE 408,jumper_pool
917,Catoe Ingbert,2026-03-12,4,false,77,PE 77,1453,Z,intermediate,2026-03-12T08:30:00+01:00,2026-03-12T14:15:00+01:00,345,professional,Fachkraft,77,PE 77,station
924,Merriweather Bärbl,2026-03-12,4,false,77,PE 77,1453,Z,intermediate,2026-03-12T08:30:00+01:00,2026-03-12T14:15:00+01:00,345,professional,Fachkraft,77,PE 77,station
3868,Vanfleet Eike,2026-03-12,4,false,77,PE 77,1453,Z,intermediate,2026-03-12T08:30:00+01:00,2026-03-12T14:15:00+01:00,345,professional,Fachkraft,77,PE 77,station
7603,Roberson Ludger,2026-03-12,4,false,77,PE 77,1453,Z,intermediate,2026-03-12T08:30:00+01:00,2026-03-12T14:15:00+01:00,345,professional,Fachkraft,77,PE 77,station
790,Mccomas Adriane,2026-03-12,4,false,77,PE 77,1605,S,late,2026-03-12T13:15:00+01:00,2026-03-12T21:00:00+01:00,435,assistant,Hilfskraft,77,PE 77,station
2932,Devers Kersten,2026-03-12,4,false,77,PE 77,1605,S,late,2026-03-12T13:15:00+01:00,2026-03-12T21:00:00+01:00,435,professional,Fachkraft,77,PE 77,station
5367,Donis Henni,2026-03-12,4,false,77,PE 77,1605,S,late,2026-03-12T13:15:00+01:00,2026-03-12T21:00:00+01:00,435,assistant,Hilfskraft,77,PE 77,station
6995,Brooker Berna,2026-03-12,4,false,77,PE 77,1605,S,late,2026-03-12T13:15:00+01:00,2026-03-12T21:00:00+01:00,435,professional,Fachkraft,77,PE 77,station
7124,Pirkle Xaver,2026-03-12,4,false,77,PE 77,1605,S,late,2026-03-12T13:15:00+01:00,2026-03-12T21:00:00+01:00,435,professional,Fachkraft,77,PE 77,station
6727,Lenhart Fred,2026-03-12,4,false,77,PE 77,1690,N,night,2026-03-12T20:10:00+01:00,2026-03-13T06:10:00+01:00,555,professional,Fachkraft,77,PE 77,station
6836,Valentino Trude,2026-03-12,4,false,77,PE 77,1690,N,night,2026-03-12T20:10:00+01:00,2026-03-13T06:10:00+01:00,555,professional,Fachkraft,77,PE 77,station
7028,Cranmer Gretlies,2026-03-12,4,false,77,PE 77,1690,N,night,2026-03-12T20:10:00+01:00,2026-03-13T06:10:00+01:00,555,professional,Fachkraft,77,PE 77,station
7375,Fridam Gangolf,2026-03-12,4,false,77,PE 77,1690,N,night,2026-03-12T20:10:00+01:00,2026-03-13T06:10:00+01:00,555,professional,Fachkraft,77,PE 77,station
7378,Boulware Ina,2026-03-12,4,false,77,PE 77,1690,N,night,2026-03-12T20:10:00+01:00,2026-03-13T06:10:00+01:00,555,professional,Fachkraft,77,PE 77,station
843,Flanagan Mirjam,2026-03-12,4,false,78,PE 78,1113,F,early,2026-03-12T05:55:00+01:00,2026-03-12T13:25:00+01:00,420,assistant,Hilfskraft,68,PE 68,jumper_pool
4081,Burgard Marfriede,2026-03-12,4,false,78,PE 78,1113,F,early,2026-03-12T05:55:00+01:00,2026-03-12T13:25:00+01:00,420,professional,Fachkraft,78,PE 78,station
1144,Dalessandro Daniela,2026-03-12,4,false,78,PE 78,1605,S,late,2026-03-12T13:15:00+01:00,2026-03-12T21:00:00+01:00,435,professional,Fachkraft,78,PE 78,station
2939,Snead Ehrentrau,2026-03-12,4,false,78,PE 78,1605,S,late,2026-03-12T13:15:00+01:00,2026-03-12T21:00:00+01:00,435,professional,Fachkraft,78,PE 78,station
1175,Paladino Heideline,2026-03-12,4,false,78,PE 78,1690,N,night,2026-03-12T20:10:00+01:00,2026-03-13T06:10:00+01:00,555,professional,Fachkraft,78,PE 78,station
2946,Homes Swetlana,2026-03-12,4,false,78,PE 78,1690,N,night,2026-03-12T20:10:00+01:00,2026-03-13T06:10:00+01:00,555,professional,Fachkraft,78,PE 78,station
4100,Storck Leonore,2026-03-12,4,false,78,PE 78,1690,N,night,2026-03-12T20:10:00+01:00,2026-03-13T06:10:00+01:00,555,professional,Fachkraft,78,PE 78,station
1138,Kunkel Annehild,2026-03-12,4,false,79,PE 79,1113,F,early,2026-03-12T05:55:00+01:00,2026-03-12T13:25:00+01:00,420,professional,Fachkraft,79,PE 79,station
3463,Pock Godelind,2026-03-12,4,false,79,PE 79,1113,F,early,2026-03-12T05:55:00+01:00,2026-03-12T13:25:00+01:00,420,professional,Fachkraft,79,PE 79,station
5318,Poindexter Rhiane,2026-03-12,4,false,79,PE 79,1113,F,early,2026-03-12T05:55:00+01:00,2026-03-12T13:25:00+01:00,420,assistant,Hilfskraft,79,PE 79,station
6330,Grotian Dorle,2026-03-12,4,false,79,PE 79,1113,F,early,2026-03-12T05:55:00+01:00,2026-03-12T13:25:00+01:00,420,professional,Fachkraft,79,PE 79,station
7207,Roark Aloisia,2026-03-12,4,false,79,PE 79,1113,F,early,2026-03-12T05:55:00+01:00,2026-03-12T13:25:00+01:00,420,professional,Fachkraft,79,PE 79,station
818,Wülfroth Luitgart,2026-03-12,4,false,79,PE 79,1453,Z,intermediate,2026-03-12T08:30:00+01:00,2026-03-12T14:15:00+01:00,345,professional,Fachkraft,79,PE 79,station
844,Greenman Elia,2026-03-12,4,false,79,PE 79,1453,Z,intermediate,2026-03-12T08:30:00+01:00,2026-03-12T14:15:00+01:00,345,professional,Fachkraft,79,PE 79,station
1143,Dames Margareth,2026-03-12,4,false,79,PE 79,1605,S,late,2026-03-12T13:15:00+01:00,2026-03-12T21:00:00+01:00,435,professional,Fachkraft,79,PE 79,station
4064,Scheuenstuhl Rebecca,2026-03-12,4,false,79,PE 79,1605,S,late,2026-03-12T13:15:00+01:00,2026-03-12T21:00:00+01:00,435,professional,Fachkraft,79,PE 79,station
4158,Engel Veronica,2026-03-12,4,false,79,PE 79,1605,S,late,2026-03-12T13:15:00+01:00,2026-03-12T21:00:00+01:00,435,professional,Fachkraft,79,PE 79,station
1161,Varney Anuschka,2026-03-12,4,false,79,PE 79,1690,N,night,2026-03-12T20:10:00+01:00,2026-03-13T06:10:00+01:00,555,professional,Fachkraft,79,PE 79,station
1226,Allan Diethard,2026-03-12,4,false,79,PE 79,1690,N,night,2026-03-12T20:10:00+01:00,2026-03-13T06:10:00+01:00,555,professional,Fachkraft,79,PE 79,station
5002,Britt Ingerose,2026-03-12,4,false,79,PE 79,1690,N,night,2026-03-12T20:10:00+01:00,2026-03-13T06:10:00+01:00,555,professional,Fachkraft,79,PE 79,station
1200,Stice Ingunde,2026-03-12,4,false,83,PE 83,1113,F,early,2026-03-12T05:55:00+01:00,2026-03-12T13:25:00+01:00,420,professional,Fachkraft,83,PE 83,station
1203,Nadeau Annelen,2026-03-12,4,false,83,PE 83,1113,F,early,2026-03-12T05:55:00+01:00,2026-03-12T13:25:00+01:00,420,professional,Fachkraft,83,PE 83,station
1224,Mattingly Ännchen,2026-03-12,4,false,83,PE 83,1113,F,early,2026-03-12T05:55:00+01:00,2026-03-12T13:25:00+01:00,420,professional,Fachkraft,83,PE 83,station
7490,Waldinger Annemargr,2026-03-12,4,false,83,PE 83,1113,F,early,2026-03-12T05:55:00+01:00,2026-03-12T13:25:00+01:00,420,professional,Fachkraft,68,PE 68,jumper_pool
4083,Drumm Wiegand,2026-03-12,4,false,83,PE 83,1605,S,late,2026-03-12T13:15:00+01:00,2026-03-12T21:00:00+01:00,435,professional,Fachkraft,83,PE 83,station
8048,Springer Cem,2026-03-12,4,false,83,PE 83,1605,S,late,2026-03-12T13:15:00+01:00,2026-03-12T21:00:00+01:00,435,professional,Fachkraft,408,PE 408,jumper_pool
8049,Springer Dana,2026-03-12,4,false,83,PE 83,1605,S,late,2026-03-12T13:15:00+01:00,2026-03-12T21:00:00+01:00,435,professional,Fachkraft,408,PE 408,jumper_pool
4101,Stott Birkhild,2026-03-12,4,false,83,PE 83,1690,N,night,2026-03-12T20:10:00+01:00,2026-03-13T06:10:00+01:00,555,professional,Fachkraft,83,PE 83,station
946,Macdowell Lidia,2026-03-12,4,false,85,PE 85,1113,F,early,2026-03-12T05:55:00+01:00,2026-03-12T13:25:00+01:00,420,professional,Fachkraft,85,PE 85,station
5866,Mcbrayer Siegmar,2026-03-12,4,false,85,PE 85,1113,F,early,2026-03-12T05:55:00+01:00,2026-03-12T13:25:00+01:00,420,professional,Fachkraft,85,PE 85,station
6773,Liddell Wiebke,2026-03-12,4,false,85,PE 85,1113,F,early,2026-03-12T05:55:00+01:00,2026-03-12T13:25:00+01:00,420,assistant,Hilfskraft,85,PE 85,station
459,Shoemake Sandra,2026-03-12,4,false,85,PE 85,1453,Z,intermediate,2026-03-12T08:30:00+01:00,2026-03-12T14:15:00+01:00,345,professional,Fachkraft,85,PE 85,station
941,Mosqueda Adelina,2026-03-12,4,false,85,PE 85,1605,S,late,2026-03-12T13:15:00+01:00,2026-03-12T21:00:00+01:00,435,professional,Fachkraft,85,PE 85,station
5920,Carreras Augustin,2026-03-12,4,false,85,PE 85,1605,S,late,2026-03-12T13:15:00+01:00,2026-03-12T21:00:00+01:00,435,professional,Fachkraft,85,PE 85,station
4082,Dufour Dahlia,2026-03-12,4,false,85,PE 85,1690,N,night,2026-03-12T20:10:00+01:00,2026-03-13T06:10:00+01:00,555,professional,Fachkraft,85,PE 85,station
918,Ambriz Waltraud,2026-03-12,4,false,88,PE 88,1113,F,early,2026-03-12T05:55:00+01:00,2026-03-12T13:25:00+01:00,420,professional,Fachkraft,68,PE 68,jumper_pool
1184,Pedroza Bertwalda,2026-03-12,4,false,88,PE 88,1113,F,early,2026-03-12T05:55:00+01:00,2026-03-12T13:25:00+01:00,420,professional,Fachkraft,88,PE 88,station
1231,Lary Rüdiger,2026-03-12,4,false,88,PE 88,1113,F,early,2026-03-12T05:55:00+01:00,2026-03-12T13:25:00+01:00,420,professional,Fachkraft,88,PE 88,station
6259,Trovato Annette,2026-03-12,4,false,88,PE 88,1113,F,early,2026-03-12T05:55:00+01:00,2026-03-12T13:25:00+01:00,420,professional,Fachkraft,68,PE 68,jumper_pool
6724,Vinton Gerda,2026-03-12,4,false,88,PE 88,1113,F,early,2026-03-12T05:55:00+01:00,2026-03-12T13:25:00+01:00,420,professional,Fachkraft,68,PE 68,jumper_pool
1191,Anoch Theobald,2026-03-12,4,false,88,PE 88,1605,S,late,2026-03-12T13:15:00+01:00,2026-03-12T21:00:00+01:00,435,professional,Fachkraft,88,PE 88,station
3642,Phinney Alheid,2026-03-12,4,false,88,PE 88,1605,S,late,2026-03-12T13:15:00+01:00,2026-03-12T21:00:00+01:00,435,professional,Fachkraft,88,PE 88,station
5844,Türpe Wernhild,2026-03-12,4,false,88,PE 88,1605,S,late,2026-03-12T13:15:00+01:00,2026-03-12T21:00:00+01:00,435,professional,Fachkraft,68,PE 68,jumper_pool
8046,Springer Alina,2026-03-12,4,false,88,PE 88,1605,S,late,2026-03-12T13:15:00+01:00,2026-03-12T21:00:00+01:00,435,professional,Fachkraft,408,PE 408,jumper_pool
8047,Springer Boris,2026-03-12,4,false,88,PE 88,1605,S,late,2026-03-12T13:15:00+01:00,2026-03-12T21:00:00+01:00,435,professional,Fachkraft,408,PE 408,jumper_pool
1167,Min Friedhard,2026-03-12,4,false,337,PE 337,1113,F,early,2026-03-12T05:55:00+01:00,2026-03-12T13:25:00+01:00,420,professional,Fachkraft,337,PE 337,station
6318,Gamblin Uschi,2026-03-12,4,false,337,PE 337,1605,S,late,2026-03-12T13:15:00+01:00,2026-03-12T21:00:00+01:00,435,professional,Fachkraft,68,PE 68,jumper_pool
914,Harkins Silvia,2026-03-13,5,false,77,PE 77,1113,F,early,2026-03-13T05:55:00+01:00,2026-03-13T13:25:00+01:00,420,assistant,Hilfskraft,77,PE 77,station
1229,Onofre Mandy,2026-03-13,5,false,77,PE 77,1113,F,early,2026-03-13T05:55:00+01:00,2026-03-13T13:25:00+01:00,420,professional,Fachkraft,77,PE 77,station
3566,Seligman Elgine,2026-03-13,5,false,77,PE 77,1113,F,early,2026-03-13T05:55:00+01:00,2026-03-13T13:25:00+01:00,420,professional,Fachkraft,77,PE 77,station
3868,Vanfleet Eike,2026-03-13,5,false,77,PE 77,1113,F,early,2026-03-13T05:55:00+01:00,2026-03-13T13:25:00+01:00,420,professional,Fachkraft,77,PE 77,station
6928,Izzo Annelene,2026-03-13,5,false,77,PE 77,1113,F,early,2026-03-13T05:55:00+01:00,2026-03-13T13:25:00+01:00,420,mfa,MFA,77,PE 77,station
7660,Rast Agatha,2026-03-13,5,false,77,PE 77,1113,F,early,2026-03-13T05:55:00+01:00,2026-03-13T13:25:00+01:00,420,assistant,Hilfskraft,77,PE 77,station
917,Catoe Ingbert,2026-03-13,5,false,77,PE 77,1453,Z,intermediate,2026-03-13T08:30:00+01:00,2026-03-13T14:15:00+01:00,345,professional,Fachkraft,77,PE 77,station
921,Keese Jenny,2026-03-13,5,false,77,PE 77,1453,Z,intermediate,2026-03-13T08:30:00+01:00,2026-03-13T14:15:00+01:00,345,professional,Fachkraft,77,PE 77,station
2932,Devers Kersten,2026-03-13,5,false,77,PE 77,1453,Z,intermediate,2026-03-13T08:30:00+01:00,2026-03-13T14:15:00+01:00,345,professional,Fachkraft,77,PE 77,station
7124,Pirkle Xaver,2026-03-13,5,false,77,PE 77,1453,Z,intermediate,2026-03-13T08:30:00+01:00,2026-03-13T14:15:00+01:00,345,professional,Fachkraft,77,PE 77,station
790,Mccomas Adriane,2026-03-13,5,false,77,PE 77,1605,S,late,2026-03-13T13:15:00+01:00,2026-03-13T21:00:00+01:00,435,assistant,Hilfskraft,77,PE 77,station
5367,Donis Henni,2026-03-13,5,false,77,PE 77,1605,S,late,2026-03-13T13:15:00+01:00,2026-03-13T21:00:00+01:00,435,assistant,Hilfskraft,77,PE 77,station
6266,Clemmer Natalie,2026-03-13,5,false,77,PE 77,1605,S,late,2026-03-13T13:15:00+01:00,2026-03-13T21:00:00+01:00,435,professional,Fachkraft,77,PE 77,station
6995,Brooker Berna,2026-03-13,5,false,77,PE 77,1605,S,late,2026-03-13T13:15:00+01:00,2026-03-13T21:00:00+01:00,435,professional,Fachkraft,77,PE 77,station
7603,Roberson Ludger,2026-03-13,5,false,77,PE 77,1605,S,late,2026-03-13T13:15:00+01:00,2026-03-13T21:00:00+01:00,435,professional,Fachkraft,77,PE 77,station
6727,Lenhart Fred,2026-03-13,5,false,77,PE 77,1690,N,night,2026-03-13T20:10:00+01:00,2026-03-14T06:10:00+01:00,555,professional,Fachkraft,77,PE 77,station
7028,Cranmer Gretlies,2026-03-13,5,false,77,PE 77,1690,N,night,2026-03-13T20:10:00+01:00,2026-03-14T06:10:00+01:00,555,professional,Fachkraft,77,PE 77,station
7378,Boulware Ina,2026-03-13,5,false,77,PE 77,1690,N,night,2026-03-13T20:10:00+01:00,2026-03-14T06:10:00+01:00,555,professional,Fachkraft,77,PE 77,station
4081,Burgard Marfriede,2026-03-13,5,false,78,PE 78,1113,F,early,2026-03-13T05:55:00+01:00,2026-03-13T13:25:00+01:00,420,professional,Fachkraft,78,PE 78,station
8051,Springer Farah,2026-03-13,5,false,78,PE 78,1113,F,early,2026-03-13T05:55:00+01:00,2026-03-13T13:25:00+01:00,420,assistant,Hilfskraft,408,PE 408,jumper_pool
1147,Czerwinski Pauline,2026-03-13,5,false,78,PE 78,1453,Z,intermediate,2026-03-13T08:30:00+01:00,2026-03-13T14:15:00+01:00,345,professional,Fachkraft,78,PE 78,station
2939,Snead Ehrentrau,2026-03-13,5,false,78,PE 78,1453,Z,intermediate,2026-03-13T08:30:00+01:00,2026-03-13T14:15:00+01:00,345,professional,Fachkraft,78,PE 78,station
1144,Dalessandro Daniela,2026-03-13,5,false,78,PE 78,1605,S,late,2026-03-13T13:15:00+01:00,2026-03-13T21:00:00+01:00,435,professional,Fachkraft,78,PE 78,station
1175,Paladino Heideline,2026-03-13,5,false,78,PE 78,1690,N,night,2026-03-13T20:10:00+01:00,2026-03-14T06:10:00+01:00,555,professional,Fachkraft,78,PE 78,station
4100,Storck Leonore,2026-03-13,5,false,78,PE 78,1690,N,night,2026-03-13T20:10:00+01:00,2026-03-14T06:10:00+01:00,555,professional,Fachkraft,78,PE 78,station
1138,Kunkel Annehild,2026-03-13,5,false,79,PE 79,1113,F,early,2026-03-13T05:55:00+01:00,2026-03-13T13:25:00+01:00,420,professional,Fachkraft,79,PE 79,station
3463,Pock Godelind,2026-03-13,5,false,79,PE 79,1113,F,early,2026-03-13T05:55:00+01:00,2026-03-13T13:25:00+01:00,420,professional,Fachkraft,79,PE 79,station
5318,Poindexter Rhiane,2026-03-13,5,false,79,PE 79,1113,F,early,2026-03-13T05:55:00+01:00,2026-03-13T13:25:00+01:00,420,assistant,Hilfskraft,79,PE 79,station
7131,Mccarley Elrike,2026-03-13,5,false,79,PE 79,1113,F,early,2026-03-13T05:55:00+01:00,2026-03-13T13:25:00+01:00,420,professional,Fachkraft,79,PE 79,station
7207,Roark Aloisia,2026-03-13,5,false,79,PE 79,1113,F,early,2026-03-13T05:55:00+01:00,2026-03-13T13:25:00+01:00,420,professional,Fachkraft,79,PE 79,station
844,Greenman Elia,2026-03-13,5,false,79,PE 79,1453,Z,intermediate,2026-03-13T08:30:00+01:00,2026-03-13T14:15:00+01:00,345,professional,Fachkraft,79,PE 79,station
6330,Grotian Dorle,2026-03-13,5,false,79,PE 79,1453,Z,intermediate,2026-03-13T08:30:00+01:00,2026-03-13T14:15:00+01:00,345,professional,Fachkraft,79,PE 79,station
7132,Maderdonner Reinburga,2026-03-13,5,false,79,PE 79,1453,Z,intermediate,2026-03-13T08:30:00+01:00,2026-03-13T14:15:00+01:00,345,professional,Fachkraft,79,PE 79,station
1150,Domingue Frowine,2026-03-13,5,false,79,PE 79,1605,S,late,2026-03-13T13:15:00+01:00,2026-03-13T21:00:00+01:00,435,professional,Fachkraft,79,PE 79,station
4064,Scheuenstuhl Rebecca,2026-03-13,5,false,79,PE 79,1605,S,late,2026-03-13T13:15:00+01:00,2026-03-13T21:00:00+01:00,435,professional,Fachkraft,79,PE 79,station
4158,Engel Veronica,2026-03-13,5,false,79,PE 79,1605,S,late,2026-03-13T13:15:00+01:00,2026-03-13T21:00:00+01:00,435,professional,Fachkraft,79,PE 79,station
1143,Dames Margareth,2026-03-13,5,false,79,PE 79,1690,N,night,2026-03-13T20:10:00+01:00,2026-03-14T06:10:00+01:00,555,professional,Fachkraft,79,PE 79,station
1226,Allan Diethard,2026-03-13,5,false,79,PE 79,1690,N,night,2026-03-13T20:10:00+01:00,2026-03-14T06:10:00+01:00,555,professional,Fachkraft,79,PE 79,station
1199,Connor Wanda,2026-03-13,5,false,83,PE 83,1113,F,early,2026-03-13T05:55:00+01:00,2026-03-13T13:25:00+01:00,420,professional,Fachkraft,83,PE 83,station
1200,Stice Ingunde,2026-03-13,5,false,83,PE 83,1113,F,early,2026-03-13T05:55:00+01:00,2026-03-13T13:25:00+01:00,420,professional,Fachkraft,83,PE 83,station
1203,Nadeau Annelen,2026-03-13,5,false,83,PE 83,1113,F,early,2026-03-13T05:55:00+01:00,2026-03-13T13:25:00+01:00,420,professional,Fachkraft,83,PE 83,station
1224,Mattingly Ännchen,2026-03-13,5,false,83,PE 83,1113,F,early,2026-03-13T05:55:00+01:00,2026-03-13T13:25:00+01:00,420,professional,Fachkraft,83,PE 83,station
1209,Cobbs Delia,2026-03-13,5,false,83,PE 83,1605,S,late,2026-03-13T13:15:00+01:00,2026-03-13T21:00:00+01:00,435,professional,Fachkraft,83,PE 83,station
4083,Drumm Wiegand,2026-03-13,5,false,83,PE 83,1605,S,late,2026-03-13T13:15:00+01:00,2026-03-13T21:00:00+01:00,435,professional,Fachkraft,83,PE 83,station
8050,Springer Emil,2026-03-13,5,false,83,PE 83,1605,S,late,2026-03-13T13:15:00+01:00,2026-03-13T21:00:00+01:00,435,professional,Fachkraft,408,PE 408,jumper_pool
4101,Stott Birkhild,2026-03-13,5,false,83,PE 83,1690,N,night,2026-03-13T20:10:00+01:00,2026-03-14T06:10:00+01:00,555,professional,Fachkraft,83,PE 83,station
803,Reis Richardis,2026-03-13,5,false,85,PE 85,1113,F,early,2026-03-13T05:55:00+01:00,2026-03-13T13:25:00+01:00,420,professional,Fachkraft,85,PE 85,station
5866,Mcbrayer Siegmar,2026-03-13,5,false,85,PE 85,1113,F,early,2026-03-13T05:55:00+01:00,2026-03-13T13:25:00+01:00,420,professional,Fachkraft,85,PE 85,station
6773,Liddell Wiebke,2026-03-13,5,false,85,PE 85,1113,F,early,2026-03-13T05:55:00+01:00,2026-03-13T13:25:00+01:00,420,assistant,Hilfskraft,85,PE 85,station
459,Shoemake Sandra,2026-03-13,5,false,85,PE 85,1453,Z,intermediate,2026-03-13T08:30:00+01:00,2026-03-13T14:15:00+01:00,345,professional,Fachkraft,85,PE 85,station
946,Macdowell Lidia,2026-03-13,5,false,85,PE 85,1453,Z,intermediate,2026-03-13T08:30:00+01:00,2026-03-13T14:15:00+01:00,345,professional,Fachkraft,85,PE 85,station
941,Mosqueda Adelina,2026-03-13,5,false,85,PE 85,1605,S,late,2026-03-13T13:15:00+01:00,2026-03-13T21:00:00+01:00,435,professional,Fachkraft,85,PE 85,station
5920,Carreras Augustin,2026-03-13,5,false,85,PE 85,1605,S,late,2026-03-13T13:15:00+01:00,2026-03-13T21:00:00+01:00,435,professional,Fachkraft,85,PE 85,station
4082,Dufour Dahlia,2026-03-13,5,false,85,PE 85,1690,N,night,2026-03-13T20:10:00+01:00,2026-03-14T06:10:00+01:00,555,professional,Fachkraft,85,PE 85,station
1231,Lary Rüdiger,2026-03-13,5,false,88,PE 88,1113,F,early,2026-03-13T05:55:00+01:00,2026-03-13T13:25:00+01:00,420,professional,Fachkraft,88,PE 88,station
1238,Zucker Helfred,2026-03-13,5,false,88,PE 88,1113,F,early,2026-03-13T05:55:00+01:00,2026-03-13T13:25:00+01:00,420,professional,Fachkraft,88,PE 88,station
6259,Trovato Annette,2026-03-13,5,false,88,PE 88,1113,F,early,2026-03-13T05:55:00+01:00,2026-03-13T13:25:00+01:00,420,professional,Fachkraft,68,PE 68,jumper_pool
7006,Cormier Sigrid,2026-03-13,5,false,88,PE 88,1113,F,early,2026-03-13T05:55:00+01:00,2026-03-13T13:25:00+01:00,420,professional,Fachkraft,68,PE 68,jumper_pool
7490,Waldinger Annemargr,2026-03-13,5,false,88,PE 88,1113,F,early,2026-03-13T05:55:00+01:00,2026-03-13T13:25:00+01:00,420,professional,Fachkraft,68,PE 68,jumper_pool
1184,Pedroza Bertwalda,2026-03-13,5,false,88,PE 88,1605,S,late,2026-03-13T13:15:00+01:00,2026-03-13T21:00:00+01:00,435,professional,Fachkraft,88,PE 88,station
1191,Anoch Theobald,2026-03-13,5,false,88,PE 88,1605,S,late,2026-03-13T13:15:00+01:00,2026-03-13T21:00:00+01:00,435,professional,Fachkraft,88,PE 88,station
8046,Springer Alina,2026-03-13,5,false,88,PE 88,1605,S,late,2026-03-13T13:15:00+01:00,2026-03-13T21:00:00+01:00,435,professional,Fachkraft,408,PE 408,jumper_pool
8048,Springer Cem,2026-03-13,5,false,88,PE 88,1605,S,late,2026-03-13T13:15:00+01:00,2026-03-13T21:00:00+01:00,435,professional,Fachkraft,408,PE 408,jumper_pool
8049,Springer Dana,2026-03-13,5,false,88,PE 88,1605,S,late,2026-03-13T13:15:00+01:00,2026-03-13T21:00:00+01:00,435,professional,Fachkraft,408,PE 408,jumper_pool
1167,Min Friedhard,2026-03-13,5,false,337,PE 337,1113,F,early,2026-03-13T05:55:00+01:00,2026-03-13T13:25:00+01:00,420,professional,Fachkraft,337,PE 337,station
8052,Springer Greta,2026-03-13,5,false,337,PE 337,1113,F,early,2026-03-13T05:55:00+01:00,2026-03-13T13:25:00+01:00,420,trainee,Azubi,408,PE 408,jumper_pool
6318,Gamblin Uschi,2026-03-13,5,false,337,PE 337,1605,S,late,2026-03-13T13:15:00+01:00,2026-03-13T21:00:00+01:00,435,professional,Fachkraft,68,PE 68,jumper_pool
914,Harkins Silvia,2026-03-14,6,false,77,PE 77,1113,F,early,2026-03-14T05:55:00+01:00,2026-03-14T13:25:00+01:00,420,assistant,Hilfskraft,77,PE 77,station
927,Mittrach Margaritt,2026-03-14,6,false,77,PE 77,1113,F,early,2026-03-14T05:55:00+01:00,2026-03-14T13:25:00+01:00,420,assistant,Hilfskraft,77,PE 77,station
1230,Palacio Constance,2026-03-14,6,false,77,PE 77,1113,F,early,2026-03-14T05:55:00+01:00,2026-03-14T13:25:00+01:00,420,professional,Fachkraft,77,PE 77,station
3868,Vanfleet Eike,2026-03-14,6,false,77,PE 77,1113,F,early,2026-03-14T05:55:00+01:00,2026-03-14T13:25:00+01:00,420,professional,Fachkraft,77,PE 77,station
7124,Pirkle Xaver,2026-03-14,6,false,77,PE 77,1113,F,early,2026-03-14T05:55:00+01:00,2026-03-14T13:25:00+01:00,420,professional,Fachkraft,77,PE 77,station
2932,Devers Kersten,2026-03-14,6,false,77,PE 77,1453,Z,intermediate,2026-03-14T08:30:00+01:00,2026-03-14T14:15:00+01:00,345,professional,Fachkraft,77,PE 77,station
2963,Hoots Renilde,2026-03-14,6,false,77,PE 77,1453,Z,intermediate,2026-03-14T08:30:00+01:00,2026-03-14T14:15:00+01:00,345,professional,Fachkraft,77,PE 77,station
6266,Clemmer Natalie,2026-03-14,6,false,77,PE 77,1453,Z,intermediate,2026-03-14T08:30:00+01:00,2026-03-14T14:15:00+01:00,345,professional,Fachkraft,77,PE 77,station
6928,Izzo Annelene,2026-03-14,6,false,77,PE 77,1453,Z,intermediate,2026-03-14T08:30:00+01:00,2026-03-14T14:15:00+01:00,345,mfa,MFA,77,PE 77,station
917,Catoe Ingbert,2026-03-14,6,false,77,PE 77,1605,S,late,2026-03-14T13:15:00+01:00,2026-03-14T21:00:00+01:00,435,professional,Fachkraft,77,PE 77,station
921,Keese Jenny,2026-03-14,6,false,77,PE 77,1605,S,late,2026-03-14T13:15:00+01:00,2026-03-14T21:00:00+01:00,435,professional,Fachkraft,77,PE 77,station
5367,Donis Henni,2026-03-14,6,false,77,PE 77,1605,S,late,2026-03-14T13:15:00+01:00,2026-03-14T21:00:00+01:00,435,assistant,Hilfskraft,77,PE 77,station
6995,Brooker Berna,2026-03-14,6,false,77,PE 77,1605,S,late,2026-03-14T13:15:00+01:00,2026-03-14T21:00:00+01:00,435,professional,Fachkraft,77,PE 77,station
7496,Demarco Marcus,2026-03-14,6,false,77,PE 77,1605,S,late,2026-03-14T13:15:00+01:00,2026-03-14T21:00:00+01:00,435,professional,Fachkraft,77,PE 77,station
7919,Weathers Irma,2026-03-14,6,false,77,PE 77,1605,S,late,2026-03-14T13:15:00+01:00,2026-03-14T21:00:00+01:00,435,professional,Fachkraft,77,PE 77,station
7028,Cranmer Gretlies,2026-03-14,6,false,77,PE 77,1690,N,night,2026-03-14T20:10:00+01:00,2026-03-15T06:10:00+01:00,555,professional,Fachkraft,77,PE 77,station
7378,Boulware Ina,2026-03-14,6,false,77,PE 77,1690,N,night,2026-03-14T20:10:00+01:00,2026-03-15T06:10:00+01:00,555,professional,Fachkraft,77,PE 77,station
4081,Burgard Marfriede,2026-03-14,6,false,78,PE 78,1113,F,early,2026-03-14T05:55:00+01:00,2026-03-14T13:25:00+01:00,420,professional,Fachkraft,78,PE 78,station
4073,Przybylski Ingemarie,2026-03-14,6,false,78,PE 78,1453,Z,intermediate,2026-03-14T08:30:00+01:00,2026-03-14T14:15:00+01:00,345,professional,Fachkraft,78,PE 78,station
1147,Czerwinski Pauline,2026-03-14,6,false,78,PE 78,1605,S,late,2026-03-14T13:15:00+01:00,2026-03-14T21:00:00+01:00,435,professional,Fachkraft,78,PE 78,station
4100,Storck Leonore,2026-03-14,6,false,78,PE 78,1690,N,night,2026-03-14T20:10:00+01:00,2026-03-15T06:10:00+01:00,555,professional,Fachkraft,78,PE 78,station
3463,Pock Godelind,2026-03-14,6,false,79,PE 79,1113,F,early,2026-03-14T05:55:00+01:00,2026-03-14T13:25:00+01:00,420,professional,Fachkraft,79,PE 79,station
5318,Poindexter Rhiane,2026-03-14,6,false,79,PE 79,1113,F,early,2026-03-14T05:55:00+01:00,2026-03-14T13:25:00+01:00,420,assistant,Hilfskraft,79,PE 79,station
6330,Grotian Dorle,2026-03-14,6,false,79,PE 79,1113,F,early,2026-03-14T05:55:00+01:00,2026-03-14T13:25:00+01:00,420,professional,Fachkraft,79,PE 79,station
1138,Kunkel Annehild,2026-03-14,6,false,79,PE 79,1453,Z,intermediate,2026-03-14T08:30:00+01:00,2026-03-14T14:15:00+01:00,345,professional,Fachkraft,79,PE 79,station
7131,Mccarley Elrike,2026-03-14,6,false,79,PE 79,1453,Z,intermediate,2026-03-14T08:30:00+01:00,2026-03-14T14:15:00+01:00,345,professional,Fachkraft,79,PE 79,station
1150,Domingue Frowine,2026-03-14,6,false,79,PE 79,1605,S,late,2026-03-14T13:15:00+01:00,2026-03-14T21:00:00+01:00,435,professional,Fachkraft,79,PE 79,station
4064,Scheuenstuhl Rebecca,2026-03-14,6,false,79,PE 79,1605,S,late,2026-03-14T13:15:00+01:00,2026-03-14T21:00:00+01:00,435,professional,Fachkraft,79,PE 79,station
1143,Dames Margareth,2026-03-14,6,false,79,PE 79,1690,N,night,2026-03-14T20:10:00+01:00,2026-03-15T06:10:00+01:00,555,professional,Fachkraft,79,PE 79,station
7132,Maderdonner Reinburga,2026-03-14,6,false,79,PE 79,1690,N,night,2026-03-14T20:10:00+01:00,2026-03-15T06:10:00+01:00,555,professional,Fachkraft,79,PE 79,station
1200,Stice Ingunde,2026-03-14,6,false,83,PE 83,1113,F,early,2026-03-14T05:55:00+01:00,2026-03-14T13:25:00+01:00,420,professional,Fachkraft,83,PE 83,station
1203,Nadeau Annelen,2026-03-14,6,false,83,PE 83,1113,F,early,2026-03-14T05:55:00+01:00,2026-03-14T13:25:00+01:00,420,professional,Fachkraft,83,PE 83,station
1224,Mattingly Ännchen,2026-03-14,6,false,83,PE 83,1113,F,early,2026-03-14T05:55:00+01:00,2026-03-14T13:25:00+01:00,420,professional,Fachkraft,83,PE 83,station
1199,Connor Wanda,2026-03-14,6,false,83,PE 83,1605,S,late,2026-03-14T13:15:00+01:00,2026-03-14T21:00:00+01:00,435,professional,Fachkraft,83,PE 83,station
1209,Cobbs Delia,2026-03-14,6,false,83,PE 83,1605,S,late,2026-03-14T13:15:00+01:00,2026-03-14T21:00:00+01:00,435,professional,Fachkraft,83,PE 83,station
8050,Springer Emil,2026-03-14,6,false,83,PE 83,1605,S,late,2026-03-14T13:15:00+01:00,2026-03-14T21:00:00+01:00,435,professional,Fachkraft,408,PE 408,jumper_pool
4101,Stott Birkhild,2026-03-14,6,false,83,PE 83,1690,N,night,2026-03-14T20:10:00+01:00,2026-03-15T06:10:00+01:00,555,professional,Fachkraft,83,PE 83,station
803,Reis Richardis,2026-03-14,6,false,85,PE 85,1113,F,early,2026-03-14T05:55:00+01:00,2026-03-14T13:25:00+01:00,420,professional,Fachkraft,85,PE 85,station
5866,Mcbrayer Siegmar,2026-03-14,6,false,85,PE 85,1113,F,early,2026-03-14T05:55:00+01:00,2026-03-14T13:25:00+01:00,420,professional,Fachkraft,85,PE 85,station
1474,Renna Rotraud,2026-03-14,6,false,85,PE 85,1453,Z,intermediate,2026-03-14T08:30:00+01:00,2026-03-14T14:15:00+01:00,345,professional,Fachkraft,85,PE 85,station
941,Mosqueda Adelina,2026-03-14,6,false,85,PE 85,1605,S,late,2026-03-14T13:15:00+01:00,2026-03-14T21:00:00+01:00,435,professional,Fachkraft,85,PE 85,station
5920,Carreras Augustin,2026-03-14,6,false,85,PE 85,1605,S,late,2026-03-14T13:15:00+01:00,2026-03-14T21:00:00+01:00,435,professional,Fachkraft,85,PE 85,station
4082,Dufour Dahlia,2026-03-14,6,false,85,PE 85,1690,N,night,2026-03-14T20:10:00+01:00,2026-03-15T06:10:00+01:00,555,professional,Fachkraft,85,PE 85,station
918,Ambriz Waltraud,2026-03-14,6,false,88,PE 88,1113,F,early,2026-03-14T05:55:00+01:00,2026-03-14T13:25:00+01:00,420,professional,Fachkraft,68,PE 68,jumper_pool
3642,Phinney Alheid,2026-03-14,6,false,88,PE 88,1113,F,early,2026-03-14T05:55:00+01:00,2026-03-14T13:25:00+01:00,420,professional,Fachkraft,88,PE 88,station
6259,Trovato Annette,2026-03-14,6,false,88,PE 88,1113,F,early,2026-03-14T05:55:00+01:00,2026-03-14T13:25:00+01:00,420,professional,Fachkraft,68,PE 68,jumper_pool
7006,Cormier Sigrid,2026-03-14,6,false,88,PE 88,1113,F,early,2026-03-14T05:55:00+01:00,2026-03-14T13:25:00+01:00,420,professional,Fachkraft,68,PE 68,jumper_pool
7741,Tharp Sieghardt,2026-03-14,6,false,88,PE 88,1453,Z,intermediate,2026-03-14T08:30:00+01:00,2026-03-14T14:15:00+01:00,345,professional,Fachkraft,68,PE 68,jumper_pool
1184,Pedroza Bertwalda,2026-03-14,6,false,88,PE 88,1605,S,late,2026-03-14T13:15:00+01:00,2026-03-14T21:00:00+01:00,435,professional,Fachkraft,88,PE 88,station
5844,Türpe Wernhild,2026-03-14,6,false,88,PE 88,1605,S,late,2026-03-14T13:15:00+01:00,2026-03-14T21:00:00+01:00,435,professional,Fachkraft,68,PE 68,jumper_pool
8048,Springer Cem,2026-03-14,6,false,88,PE 88,1605,S,late,2026-03-14T13:15:00+01:00,2026-03-14T21:00:00+01:00,435,professional,Fachkraft,408,PE 408,jumper_pool
8049,Springer Dana,2026-03-14,6,false,88,PE 88,1605,S,late,2026-03-14T13:15:00+01:00,2026-03-14T21:00:00+01:00,435,professional,Fachkraft,408,PE 408,jumper_pool
1238,Zucker Helfred,2026-03-14,6,false,88,PE 88,1690,N,night,2026-03-14T20:10:00+01:00,2026-03-15T06:10:00+01:00,555,professional,Fachkraft,88,PE 88,station
1167,Min Friedhard,2026-03-14,6,false,337,PE 337,1113,F,early,2026-03-14T05:55:00+01:00,2026-03-14T13:25:00+01:00,420,professional,Fachkraft,337,PE 337,station
8052,Springer Greta,2026-03-14,6,false,337,PE 337,1113,F,early,2026-03-14T05:55:00+01:00,2026-03-14T13:25:00+01:00,420,trainee,Azubi,408,PE 408,jumper_pool
8047,Springer Boris,2026-03-14,6,false,337,PE 337,1605,S,late,2026-03-14T13:15:00+01:00,2026-03-14T21:00:00+01:00,435,professional,Fachkraft,408,PE 408,jumper_pool
791,Branz Janett,2026-03-15,7,false,77,PE 77,1113,F,early,2026-03-15T05:55:00+01:00,2026-03-15T13:25:00+01:00,420,professional,Fachkraft,77,PE 77,station
914,Harkins Silvia,2026-03-15,7,false,77,PE 77,1113,F,early,2026-03-15T05:55:00+01:00,2026-03-15T13:25:00+01:00,420,assistant,Hilfskraft,77,PE 77,station
927,Mittrach Margaritt,2026-03-15,7,false,77,PE 77,1113,F,early,2026-03-15T05:55:00+01:00,2026-03-15T13:25:00+01:00,420,assistant,Hilfskraft,77,PE 77,station
1229,Onofre Mandy,2026-03-15,7,false,77,PE 77,1113,F,early,2026-03-15T05:55:00+01:00,2026-03-15T13:25:00+01:00,420,professional,Fachkraft,77,PE 77,station
6928,Izzo Annelene,2026-03-15,7,false,77,PE 77,1113,F,early,2026-03-15T05:55:00+01:00,2026-03-15T13:25:00+01:00,420,mfa,MFA,77,PE 77,station
7124,Pirkle Xaver,2026-03-15,7,false,77,PE 77,1113,F,early,2026-03-15T05:55:00+01:00,2026-03-15T13:25:00+01:00,420,professional,Fachkraft,77,PE 77,station
917,Catoe Ingbert,2026-03-15,7,false,77,PE 77,1453,Z,intermediate,2026-03-15T08:30:00+01:00,2026-03-15T14:15:00+01:00,345,professional,Fachkraft,77,PE 77,station
2932,Devers Kersten,2026-03-15,7,false,77,PE 77,1453,Z,intermediate,2026-03-15T08:30:00+01:00,2026-03-15T14:15:00+01:00,345,professional,Fachkraft,77,PE 77,station
2963,Hoots Renilde,2026-03-15,7,false,77,PE 77,1453,Z,intermediate,2026-03-15T08:30:00+01:00,2026-03-15T14:15:00+01:00,345,professional,Fachkraft,77,PE 77,station
7496,Demarco Marcus,2026-03-15,7,false,77,PE 77,1453,Z,intermediate,2026-03-15T08:30:00+01:00,2026-03-15T14:15:00+01:00,345,professional,Fachkraft,77,PE 77,station
1230,Palacio Constance,2026-03-15,7,false,77,PE 77,1605,S,late,2026-03-15T13:15:00+01:00,2026-03-15T21:00:00+01:00,435,professional,Fachkraft,77,PE 77,station
5367,Donis Henni,2026-03-15,7,false,77,PE 77,1605,S,late,2026-03-15T13:15:00+01:00,2026-03-15T21:00:00+01:00,435,assistant,Hilfskraft,77,PE 77,station
6266,Clemmer Natalie,2026-03-15,7,false,77,PE 77,1605,S,late,2026-03-15T13:15:00+01:00,2026-03-15T21:00:00+01:00,435,professional,Fachkraft,77,PE 77,station
6995,Brooker Berna,2026-03-15,7,false,77,PE 77,1605,S,late,2026-03-15T13:15:00+01:00,2026-03-15T21:00:00+01:00,435,professional,Fachkraft,77,PE 77,station
7375,Fridam Gangolf,2026-03-15,7,false,77,PE 77,1605,S,late,2026-03-15T13:15:00+01:00,2026-03-15T21:00:00+01:00,435,professional,Fachkraft,77,PE 77,station
7603,Roberson Ludger,2026-03-15,7,false,77,PE 77,1605,S,late,2026-03-15T13:15:00+01:00,2026-03-15T21:00:00+01:00,435,professional,Fachkraft,77,PE 77,station
7919,Weathers Irma,2026-03-15,7,false,77,PE 77,1605,S,late,2026-03-15T13:15:00+01:00,2026-03-15T21:00:00+01:00,435,professional,Fachkraft,77,PE 77,station
921,Keese Jenny,2026-03-15,7,false,77,PE 77,1690,N,night,2026-03-15T20:10:00+01:00,2026-03-16T06:10:00+01:00,555,professional,Fachkraft,77,PE 77,station
3868,Vanfleet Eike,2026-03-15,7,false,77,PE 77,1690,N,night,2026-03-15T20:10:00+01:00,2026-03-16T06:10:00+01:00,555,professional,Fachkraft,77,PE 77,station
4081,Burgard Marfriede,2026-03-15,7,false,78,PE 78,1113,F,early,2026-03-15T05:55:00+01:00,2026-03-15T13:25:00+01:00,420,professional,Fachkraft,78,PE 78,station
8052,Springer Greta,2026-03-15,7,false,78,PE 78,1113,F,early,2026-03-15T05:55:00+01:00,2026-03-15T13:25:00+01:00,420,trainee,Azubi,408,PE 408,jumper_pool
1147,Czerwinski Pauline,2026-03-15,7,false,78,PE 78,1453,Z,intermediate,2026-03-15T08:30:00+01:00,2026-03-15T14:15:00+01:00,345,professional,Fachkraft,78,PE 78,station
1144,Dalessandro Daniela,2026-03-15,7,false,78,PE 78,1605,S,late,2026-03-15T13:15:00+01:00,2026-03-15T21:00:00+01:00,435,professional,Fachkraft,78,PE 78,station
4073,Przybylski Ingemarie,2026-03-15,7,false,78,PE 78,1690,N,night,2026-03-15T20:10:00+01:00,2026-03-16T06:10:00+01:00,555,professional,Fachkraft,78,PE 78,station
3463,Pock Godelind,2026-03-15,7,false,79,PE 79,1113,F,early,2026-03-15T05:55:00+01:00,2026-03-15T13:25:00+01:00,420,professional,Fachkraft,79,PE 79,station
6330,Grotian Dorle,2026-03-15,7,false,79,PE 79,1113,F,early,2026-03-15T05:55:00+01:00,2026-03-15T13:25:00+01:00,420,professional,Fachkraft,79,PE 79,station
8051,Springer Farah,2026-03-15,7,false,79,PE 79,1113,F,early,2026-03-15T05:55:00+01:00,2026-03-15T13:25:00+01:00,420,assistant,Hilfskraft,408,PE 408,jumper_pool
1138,Kunkel Annehild,2026-03-15,7,false,79,PE 79,1453,Z,intermediate,2026-03-15T08:30:00+01:00,2026-03-15T14:15:00+01:00,345,professional,Fachkraft,79,PE 79,station
7131,Mccarley Elrike,2026-03-15,7,false,79,PE 79,1453,Z,intermediate,2026-03-15T08:30:00+01:00,2026-03-15T14:15:00+01:00,345,professional,Fachkraft,79,PE 79,station
1150,Domingue Frowine,2026-03-15,7,false,79,PE 79,1605,S,late,2026-03-15T13:15:00+01:00,2026-03-15T21:00:00+01:00,435,professional,Fachkraft,79,PE 79,station
4064,Scheuenstuhl Rebecca,2026-03-15,7,false,79,PE 79,1605,S,late,2026-03-15T13:15:00+01:00,2026-03-15T21:00:00+01:00,435,professional,Fachkraft,79,PE 79,station
844,Greenman Elia,2026-03-15,7,false,79,PE 79,1690,N,night,2026-03-15T20:10:00+01:00,2026-03-16T06:10:00+01:00,555,professional,Fachkraft,79,PE 79,station
7132,Maderdonner Reinburga,2026-03-15,7,false,79,PE 79,1690,N,night,2026-03-15T20:10:00+01:00,2026-03-16T06:10:00+01:00,555,professional,Fachkraft,79,PE 79,station
1203,Nadeau Annelen,2026-03-15,7,false,83,PE 83,1113,F,early,2026-03-15T05:55:00+01:00,2026-03-15T13:25:00+01:00,420,professional,Fachkraft,83,PE 83,station
1224,Mattingly Ännchen,2026-03-15,7,false,83,PE 83,1113,F,early,2026-03-15T05:55:00+01:00,2026-03-15T13:25:00+01:00,420,professional,Fachkraft,83,PE 83,station
7490,Waldinger Annemargr,2026-03-15,7,false,83,PE 83,1113,F,early,2026-03-15T05:55:00+01:00,2026-03-15T13:25:00+01:00,420,professional,Fachkraft,68,PE 68,jumper_pool
1199,Connor Wanda,2026-03-15,7,false,83,PE 83,1605,S,late,2026-03-15T13:15:00+01:00,2026-03-15T21:00:00+01:00,435,professional,Fachkraft,83,PE 83,station
1209,Cobbs Delia,2026-03-15,7,false,83,PE 83,1605,S,late,2026-03-15T13:15:00+01:00,2026-03-15T21:00:00+01:00,435,professional,Fachkraft,83,PE 83,station
8048,Springer Cem,2026-03-15,7,false,83,PE 83,1605,S,late,2026-03-15T13:15:00+01:00,2026-03-15T21:00:00+01:00,435,professional,Fachkraft,408,PE 408,jumper_pool
803,Reis Richardis,2026-03-15,7,false,85,PE 85,1113,F,early,2026-03-15T05:55:00+01:00,2026-03-15T13:25:00+01:00,420,professional,Fachkraft,85,PE 85,station
946,Macdowell Lidia,2026-03-15,7,false,85,PE 85,1113,F,early,2026-03-15T05:55:00+01:00,2026-03-15T13:25:00+01:00,420,professional,Fachkraft,85,PE 85,station
6773,Liddell Wiebke,2026-03-15,7,false,85,PE 85,1453,Z,intermediate,2026-03-15T08:30:00+01:00,2026-03-15T14:15:00+01:00,345,assistant,Hilfskraft,85,PE 85,station
459,Shoemake Sandra,2026-03-15,7,false,85,PE 85,1605,S,late,2026-03-15T13:15:00+01:00,2026-03-15T21:00:00+01:00,435,professional,Fachkraft,85,PE 85,station
5920,Carreras Augustin,2026-03-15,7,false,85,PE 85,1605,S,late,2026-03-15T13:15:00+01:00,2026-03-15T21:00:00+01:00,435,professional,Fachkraft,85,PE 85,station
1474,Renna Rotraud,2026-03-15,7,false,85,PE 85,1690,N,night,2026-03-15T20:10:00+01:00,2026-03-16T06:10:00+01:00,555,professional,Fachkraft,85,PE 85,station
918,Ambriz Waltraud,2026-03-15,7,false,88,PE 88,1113,F,early,2026-03-15T05:55:00+01:00,2026-03-15T13:25:00+01:00,420,professional,Fachkraft,68,PE 68,jumper_pool
1191,Anoch Theobald,2026-03-15,7,false,88,PE 88,1113,F,early,2026-03-15T05:55:00+01:00,2026-03-15T13:25:00+01:00,420,professional,Fachkraft,88,PE 88,station
6259,Trovato Annette,2026-03-15,7,false,88,PE 88,1113,F,early,2026-03-15T05:55:00+01:00,2026-03-15T13:25:00+01:00,420,professional,Fachkraft,68,PE 68,jumper_pool
7006,Cormier Sigrid,2026-03-15,7,false,88,PE 88,1113,F,early,2026-03-15T05:55:00+01:00,2026-03-15T13:25:00+01:00,420,professional,Fachkraft,68,PE 68,jumper_pool
3642,Phinney Alheid,2026-03-15,7,false,88,PE 88,1453,Z,intermediate,2026-03-15T08:30:00+01:00,2026-03-15T14:15:00+01:00,345,professional,Fachkraft,88,PE 88,station
1184,Pedroza Bertwalda,2026-03-15,7,false,88,PE 88,1605,S,late,2026-03-15T13:15:00+01:00,2026-03-15T21:00:00+01:00,435,professional,Fachkraft,88,PE 88,station
6318,Gamblin Uschi,2026-03-15,7,false,88,PE 88,1605,S,late,2026-03-15T13:15:00+01:00,2026-03-15T21:00:00+01:00,435,professional,Fachkraft,68,PE 68,jumper_pool
8049,Springer Dana,2026-03-15,7,false,88,PE 88,1605,S,late,2026-03-15T13:15:00+01:00,2026-03-15T21:00:00+01:00,435,professional,Fachkraft,408,PE 408,jumper_pool
8050,Springer Emil,2026-03-15,7,false,88,PE 88,1605,S,late,2026-03-15T13:15:00+01:00,2026-03-15T21:00:00+01:00,435,professional,Fachkraft,408,PE 408,jumper_pool
1238,Zucker Helfred,2026-03-15,7,false,88,PE 88,1690,N,night,2026-03-15T20:10:00+01:00,2026-03-16T06:10:00+01:00,555,professional,Fachkraft,88,PE 88,station
1167,Min Friedhard,2026-03-15,7,false,337,PE 337,1113,F,early,2026-03-15T05:55:00+01:00,2026-03-15T13:25:00+01:00,420,professional,Fachkraft,337,PE 337,station
8047,Springer Boris,2026-03-15,7,false,337,PE 337,1605,S,late,2026-03-15T13:15:00+01:00,2026-03-15T21:00:00+01:00,435,professional,Fachkraft,408,PE 408,jumper_pool
791,Branz Janett,2026-03-16,1,false,77,PE 77,1113,F,early,2026-03-16T05:55:00+01:00,2026-03-16T13:25:00+01:00,420,professional,Fachkraft,77,PE 77,station
925,Farniok Lina,2026-03-16,1,false,77,PE 77,1113,F,early,2026-03-16T05:55:00+01:00,2026-03-16T13:25:00+01:00,420,professional,Fachkraft,77,PE 77,station
927,Mittrach Margaritt,2026-03-16,1,false,77,PE 77,1113,F,early,2026-03-16T05:55:00+01:00,2026-03-16T13:25:00+01:00,420,assistant,Hilfskraft,77,PE 77,station
1229,Onofre Mandy,2026-03-16,1,false,77,PE 77,1113,F,early,2026-03-16T05:55:00+01:00,2026-03-16T13:25:00+01:00,420,professional,Fachkraft,77,PE 77,station
6928,Izzo Annelene,2026-03-16,1,false,77,PE 77,1113,F,early,2026-03-16T05:55:00+01:00,2026-03-16T13:25:00+01:00,420,mfa,MFA,77,PE 77,station
7660,Rast Agatha,2026-03-16,1,false,77,PE 77,1113,F,early,2026-03-16T05:55:00+01:00,2026-03-16T13:25:00+01:00,420,assistant,Hilfskraft,77,PE 77,station
2963,Hoots Renilde,2026-03-16,1,false,77,PE 77,1453,Z,intermediate,2026-03-16T08:30:00+01:00,2026-03-16T14:15:00+01:00,345,professional,Fachkraft,77,PE 77,station
6727,Lenhart Fred,2026-03-16,1,false,77,PE 77,1453,Z,intermediate,2026-03-16T08:30:00+01:00,2026-03-16T14:15:00+01:00,345,professional,Fachkraft,77,PE 77,station
7375,Fridam Gangolf,2026-03-16,1,false,77,PE 77,1453,Z,intermediate,2026-03-16T08:30:00+01:00,2026-03-16T14:15:00+01:00,345,professional,Fachkraft,77,PE 77,station
790,Mccomas Adriane,2026-03-16,1,false,77,PE 77,1605,S,late,2026-03-16T13:15:00+01:00,2026-03-16T21:00:00+01:00,435,assistant,Hilfskraft,77,PE 77,station
6266,Clemmer Natalie,2026-03-16,1,false,77,PE 77,1605,S,late,2026-03-16T13:15:00+01:00,2026-03-16T21:00:00+01:00,435,professional,Fachkraft,77,PE 77,station
6995,Brooker Berna,2026-03-16,1,false,77,PE 77,1605,S,late,2026-03-16T13:15:00+01:00,2026-03-16T21:00:00+01:00,435,professional,Fachkraft,77,PE 77,station
7603,Roberson Ludger,2026-03-16,1,false,77,PE 77,1605,S,late,2026-03-16T13:15:00+01:00,2026-03-16T21:00:00+01:00,435,professional,Fachkraft,77,PE 77,station
7606,Lenahan Oda,2026-03-16,1,false,77,PE 77,1605,S,late,2026-03-16T13:15:00+01:00,2026-03-16T21:00:00+01:00,435,assistant,Hilfskraft,77,PE 77,station
7919,Weathers Irma,2026-03-16,1,false,77,PE 77,1605,S,late,2026-03-16T13:15:00+01:00,2026-03-16T21:00:00+01:00,435,professional,Fachkraft,77,PE 77,station
921,Keese Jenny,2026-03-16,1,false,77,PE 77,1690,N,night,2026-03-16T20:10:00+01:00,2026-03-17T06:10:00+01:00,555,professional,Fachkraft,77,PE 77,station
1230,Palacio Constance,2026-03-16,1,false,77,PE 77,1690,N,night,2026-03-16T20:10:00+01:00,2026-03-17T06:10:00+01:00,555,professional,Fachkraft,77,PE 77,station
3868,Vanfleet Eike,2026-03-16,1,false,77,PE 77,1690,N,night,2026-03-16T20:10:00+01:00,2026-03-17T06:10:00+01:00,555,professional,Fachkraft,77,PE 77,station
6836,Valentino Trude,2026-03-16,1,false,77,PE 77,1690,N,night,2026-03-16T20:10:00+01:00,2026-03-17T06:10:00+01:00,555,professional,Fachkraft,77,PE 77,station
839,Säuffert Liselotte,2026-03-16,1,false,78,PE 78,1113,F,early,2026-03-16T05:55:00+01:00,2026-03-16T13:25:00+01:00,420,assistant,Hilfskraft,68,PE 68,jumper_pool
4081,Burgard Marfriede,2026-03-16,1,false,78,PE 78,1113,F,early,2026-03-16T05:55:00+01:00,2026-03-16T13:25:00+01:00,420,professional,Fachkraft,78,PE 78,station
1144,Dalessandro Daniela,2026-03-16,1,false,78,PE 78,1605,S,late,2026-03-16T13:15:00+01:00,2026-03-16T21:00:00+01:00,435,professional,Fachkraft,78,PE 78,station
1175,Paladino Heideline,2026-03-16,1,false,78,PE 78,1605,S,late,2026-03-16T13:15:00+01:00,2026-03-16T21:00:00+01:00,435,professional,Fachkraft,78,PE 78,station
4073,Przybylski Ingemarie,2026-03-16,1,false,78,PE 78,1690,N,night,2026-03-16T20:10:00+01:00,2026-03-17T06:10:00+01:00,555,professional,Fachkraft,78,PE 78,station
1138,Kunkel Annehild,2026-03-16,1,false,79,PE 79,1113,F,early,2026-03-16T05:55:00+01:00,2026-03-16T13:25:00+01:00,420,professional,Fachkraft,79,PE 79,station
3463,Pock Godelind,2026-03-16,1,false,79,PE 79,1113,F,early,2026-03-16T05:55:00+01:00,2026-03-16T13:25:00+01:00,420,professional,Fachkraft,79,PE 79,station
7207,Roark Aloisia,2026-03-16,1,false,79,PE 79,1113,F,early,2026-03-16T05:55:00+01:00,2026-03-16T13:25:00+01:00,420,professional,Fachkraft,79,PE 79,station
8051,Springer Farah,2026-03-16,1,false,79,PE 79,1113,F,early,2026-03-16T05:55:00+01:00,2026-03-16T13:25:00+01:00,420,assistant,Hilfskraft,408,PE 408,jumper_pool
1150,Domingue Frowine,2026-03-16,1,false,79,PE 79,1453,Z,intermediate,2026-03-16T08:30:00+01:00,2026-03-16T14:15:00+01:00,345,professional,Fachkraft,79,PE 79,station
4158,Engel Veronica,2026-03-16,1,false,79,PE 79,1453,Z,intermediate,2026-03-16T08:30:00+01:00,2026-03-16T14:15:00+01:00,345,professional,Fachkraft,79,PE 79,station
7131,Mccarley Elrike,2026-03-16,1,false,79,PE 79,1453,Z,intermediate,2026-03-16T08:30:00+01:00,2026-03-16T14:15:00+01:00,345,professional,Fachkraft,79,PE 79,station
1161,Varney Anuschka,2026-03-16,1,false,79,PE 79,1605,S,late,2026-03-16T13:15:00+01:00,2026-03-16T21:00:00+01:00,435,professional,Fachkraft,79,PE 79,station
1226,Allan Diethard,2026-03-16,1,false,79,PE 79,1605,S,late,2026-03-16T13:15:00+01:00,2026-03-16T21:00:00+01:00,435,professional,Fachkraft,79,PE 79,station
5002,Britt Ingerose,2026-03-16,1,false,79,PE 79,1605,S,late,2026-03-16T13:15:00+01:00,2026-03-16T21:00:00+01:00,435,professional,Fachkraft,79,PE 79,station
844,Greenman Elia,2026-03-16,1,false,79,PE 79,1690,N,night,2026-03-16T20:10:00+01:00,2026-03-17T06:10:00+01:00,555,professional,Fachkraft,79,PE 79,station
7132,Maderdonner Reinburga,2026-03-16,1,false,79,PE 79,1690,N,night,2026-03-16T20:10:00+01:00,2026-03-17T06:10:00+01:00,555,professional,Fachkraft,79,PE 79,station
1200,Stice Ingunde,2026-03-16,1,false,83,PE 83,1113,F,early,2026-03-16T05:55:00+01:00,2026-03-16T13:25:00+01:00,420,professional,Fachkraft,83,PE 83,station
1203,Nadeau Annelen,2026-03-16,1,false,83,PE 83,1113,F,early,2026-03-16T05:55:00+01:00,2026-03-16T13:25:00+01:00,420,professional,Fachkraft,83,PE 83,station
5844,Türpe Wernhild,2026-03-16,1,false,83,PE 83,1113,F,early,2026-03-16T05:55:00+01:00,2026-03-16T13:25:00+01:00,420,professional,Fachkraft,68,PE 68,jumper_pool
8046,Springer Alina,2026-03-16,1,false,83,PE 83,1113,F,early,2026-03-16T05:55:00+01:00,2026-03-16T13:25:00+01:00,420,professional,Fachkraft,408,PE 408,jumper_pool
1199,Connor Wanda,2026-03-16,1,false,83,PE 83,1605,S,late,2026-03-16T13:15:00+01:00,2026-03-16T21:00:00+01:00,435,professional,Fachkraft,83,PE 83,station
1209,Cobbs Delia,2026-03-16,1,false,83,PE 83,1605,S,late,2026-03-16T13:15:00+01:00,2026-03-16T21:00:00+01:00,435,professional,Fachkraft,83,PE 83,station
8049,Springer Dana,2026-03-16,1,false,83,PE 83,1605,S,late,2026-03-16T13:15:00+01:00,2026-03-16T21:00:00+01:00,435,professional,Fachkraft,408,PE 408,jumper_pool
803,Reis Richardis,2026-03-16,1,false,85,PE 85,1113,F,early,2026-03-16T05:55:00+01:00,2026-03-16T13:25:00+01:00,420,professional,Fachkraft,85,PE 85,station
5866,Mcbrayer Siegmar,2026-03-16,1,false,85,PE 85,1113,F,early,2026-03-16T05:55:00+01:00,2026-03-16T13:25:00+01:00,420,professional,Fachkraft,85,PE 85,station
6773,Liddell Wiebke,2026-03-16,1,false,85,PE 85,1113,F,early,2026-03-16T05:55:00+01:00,2026-03-16T13:25:00+01:00,420,assistant,Hilfskraft,85,PE 85,station
946,Macdowell Lidia,2026-03-16,1,false,85,PE 85,1453,Z,intermediate,2026-03-16T08:30:00+01:00,2026-03-16T14:15:00+01:00,345,professional,Fachkraft,85,PE 85,station
459,Shoemake Sandra,2026-03-16,1,false,85,PE 85,1605,S,late,2026-03-16T13:15:00+01:00,2026-03-16T21:00:00+01:00,435,professional,Fachkraft,85,PE 85,station
941,Mosqueda Adelina,2026-03-16,1,false,85,PE 85,1605,S,late,2026-03-16T13:15:00+01:00,2026-03-16T21:00:00+01:00,435,professional,Fachkraft,85,PE 85,station
1474,Renna Rotraud,2026-03-16,1,false,85,PE 85,1690,N,night,2026-03-16T20:10:00+01:00,2026-03-17T06:10:00+01:00,555,professional,Fachkraft,85,PE 85,station
1191,Anoch Theobald,2026-03-16,1,false,88,PE 88,1113,F,early,2026-03-16T05:55:00+01:00,2026-03-16T13:25:00+01:00,420,professional,Fachkraft,88,PE 88,station
1231,Lary Rüdiger,2026-03-16,1,false,88,PE 88,1113,F,early,2026-03-16T05:55:00+01:00,2026-03-16T13:25:00+01:00,420,professional,Fachkraft,88,PE 88,station
3642,Phinney Alheid,2026-03-16,1,false,88,PE 88,1113,F,early,2026-03-16T05:55:00+01:00,2026-03-16T13:25:00+01:00,420,professional,Fachkraft,88,PE 88,station
7006,Cormier Sigrid,2026-03-16,1,false,88,PE 88,1113,F,early,2026-03-16T05:55:00+01:00,2026-03-16T13:25:00+01:00,420,professional,Fachkraft,68,PE 68,jumper_pool
7490,Waldinger Annemargr,2026-03-16,1,false,88,PE 88,1113,F,early,2026-03-16T05:55:00+01:00,2026-03-16T13:25:00+01:00,420,professional,Fachkraft,68,PE 68,jumper_pool
843,Flanagan Mirjam,2026-03-16,1,false,88,PE 88,1453,Z,intermediate,2026-03-16T08:30:00+01:00,2026-03-16T14:15:00+01:00,345,assistant,Hilfskraft,68,PE 68,jumper_pool
1184,Pedroza Bertwalda,2026-03-16,1,false,88,PE 88,1605,S,late,2026-03-16T13:15:00+01:00,2026-03-16T21:00:00+01:00,435,professional,Fachkraft,88,PE 88,station
6318,Gamblin Uschi,2026-03-16,1,false,88,PE 88,1605,S,late,2026-03-16T13:15:00+01:00,2026-03-16T21:00:00+01:00,435,professional,Fachkraft,68,PE 68,jumper_pool
8047,Springer Boris,2026-03-16,1,false,88,PE 88,1605,S,late,2026-03-16T13:15:00+01:00,2026-03-16T21:00:00+01:00,435,professional,Fachkraft,408,PE 408,jumper_pool
8048,Springer Cem,2026-03-16,1,false,88,PE 88,1605,S,late,2026-03-16T13:15:00+01:00,2026-03-16T21:00:00+01:00,435,professional,Fachkraft,408,PE 408,jumper_pool
8050,Springer Emil,2026-03-16,1,false,88,PE 88,1605,S,late,2026-03-16T13:15:00+01:00,2026-03-16T21:00:00+01:00,435,professional,Fachkraft,408,PE 408,jumper_pool
1238,Zucker Helfred,2026-03-16,1,false,88,PE 88,1690,N,night,2026-03-16T20:10:00+01:00,2026-03-17T06:10:00+01:00,555,professional,Fachkraft,88,PE 88,station
918,Ambriz Waltraud,2026-03-16,1,false,337,PE 337,1113,F,early,2026-03-16T05:55:00+01:00,2026-03-16T13:25:00+01:00,420,professional,Fachkraft,68,PE 68,jumper_pool
1167,Min Friedhard,2026-03-16,1,false,337,PE 337,1605,S,late,2026-03-16T13:15:00+01:00,2026-03-16T21:00:00+01:00,435,professional,Fachkraft,337,PE 337,station
925,Farniok Lina,2026-03-17,2,false,77,PE 77,1113,F,early,2026-03-17T05:55:00+01:00,2026-03-17T13:25:00+01:00,420,professional,Fachkraft,77,PE 77,station
927,Mittrach Margaritt,2026-03-17,2,false,77,PE 77,1113,F,early,2026-03-17T05:55:00+01:00,2026-03-17T13:25:00+01:00,420,assistant,Hilfskraft,77,PE 77,station
2932,Devers Kersten,2026-03-17,2,false,77,PE 77,1113,F,early,2026-03-17T05:55:00+01:00,2026-03-17T13:25:00+01:00,420,professional,Fachkraft,77,PE 77,station
6928,Izzo Annelene,2026-03-17,2,false,77,PE 77,1113,F,early,2026-03-17T05:55:00+01:00,2026-03-17T13:25:00+01:00,420,mfa,MFA,77,PE 77,station
7124,Pirkle Xaver,2026-03-17,2,false,77,PE 77,1113,F,early,2026-03-17T05:55:00+01:00,2026-03-17T13:25:00+01:00,420,professional,Fachkraft,77,PE 77,station
7660,Rast Agatha,2026-03-17,2,false,77,PE 77,1113,F,early,2026-03-17T05:55:00+01:00,2026-03-17T13:25:00+01:00,420,assistant,Hilfskraft,77,PE 77,station
2963,Hoots Renilde,2026-03-17,2,false,77,PE 77,1453,Z,intermediate,2026-03-17T08:30:00+01:00,2026-03-17T14:15:00+01:00,345,professional,Fachkraft,77,PE 77,station
7378,Boulware Ina,2026-03-17,2,false,77,PE 77,1453,Z,intermediate,2026-03-17T08:30:00+01:00,2026-03-17T14:15:00+01:00,345,professional,Fachkraft,77,PE 77,station
7496,Demarco Marcus,2026-03-17,2,false,77,PE 77,1453,Z,intermediate,2026-03-17T08:30:00+01:00,2026-03-17T14:15:00+01:00,345,professional,Fachkraft,77,PE 77,station
790,Mccomas Adriane,2026-03-17,2,false,77,PE 77,1605,S,late,2026-03-17T13:15:00+01:00,2026-03-17T21:00:00+01:00,435,assistant,Hilfskraft,77,PE 77,station
6266,Clemmer Natalie,2026-03-17,2,false,77,PE 77,1605,S,late,2026-03-17T13:15:00+01:00,2026-03-17T21:00:00+01:00,435,professional,Fachkraft,77,PE 77,station
7028,Cranmer Gretlies,2026-03-17,2,false,77,PE 77,1605,S,late,2026-03-17T13:15:00+01:00,2026-03-17T21:00:00+01:00,435,professional,Fachkraft,77,PE 77,station
7375,Fridam Gangolf,2026-03-17,2,false,77,PE 77,1605,S,late,2026-03-17T13:15:00+01:00,2026-03-17T21:00:00+01:00,435,professional,Fachkraft,77,PE 77,station
7603,Roberson Ludger,2026-03-17,2,false,77,PE 77,1605,S,late,2026-03-17T13:15:00+01:00,2026-03-17T21:00:00+01:00,435,professional,Fachkraft,77,PE 77,station
7606,Lenahan Oda,2026-03-17,2,false,77,PE 77,1605,S,late,2026-03-17T13:15:00+01:00,2026-03-17T21:00:00+01:00,435,assistant,Hilfskraft,77,PE 77,station
1230,Palacio Constance,2026-03-17,2,false,77,PE 77,1690,N,night,2026-03-17T20:10:00+01:00,2026-03-18T06:10:00+01:00,555,professional,Fachkraft,77,PE 77,station
6727,Lenhart Fred,2026-03-17,2,false,77,PE 77,1690,N,night,2026-03-17T20:10:00+01:00,2026-03-18T06:10:00+01:00,555,professional,Fachkraft,77,PE 77,station
6836,Valentino Trude,2026-03-17,2,false,77,PE 77,1690,N,night,2026-03-17T20:10:00+01:00,2026-03-18T06:10:00+01:00,555,professional,Fachkraft,77,PE 77,station
843,Flanagan Mirjam,2026-03-17,2,false,78,PE 78,1113,F,early,2026-03-17T05:55:00+01:00,2026-03-17T13:25:00+01:00,420,assistant,Hilfskraft,68,PE 68,jumper_pool
2939,Snead Ehrentrau,2026-03-17,2,false,78,PE 78,1113,F,early,2026-03-17T05:55:00+01:00,2026-03-17T13:25:00+01:00,420,professional,Fachkraft,78,PE 78,station
1144,Dalessandro Daniela,2026-03-17,2,false,78,PE 78,1605,S,late,2026-03-17T13:15:00+01:00,2026-03-17T21:00:00+01:00,435,professional,Fachkraft,78,PE 78,station
1175,Paladino Heideline,2026-03-17,2,false,78,PE 78,1605,S,late,2026-03-17T13:15:00+01:00,2026-03-17T21:00:00+01:00,435,professional,Fachkraft,78,PE 78,station
1147,Czerwinski Pauline,2026-03-17,2,false,78,PE 78,1690,N,night,2026-03-17T20:10:00+01:00,2026-03-18T06:10:00+01:00,555,professional,Fachkraft,78,PE 78,station
2946,Homes Swetlana,2026-03-17,2,false,78,PE 78,1690,N,night,2026-03-17T20:10:00+01:00,2026-03-18T06:10:00+01:00,555,professional,Fachkraft,78,PE 78,station
4073,Przybylski Ingemarie,2026-03-17,2,false,78,PE 78,1690,N,night,2026-03-17T20:10:00+01:00,2026-03-18T06:10:00+01:00,555,professional,Fachkraft,78,PE 78,station
6330,Grotian Dorle,2026-03-17,2,false,79,PE 79,1113,F,early,2026-03-17T05:55:00+01:00,2026-03-17T13:25:00+01:00,420,professional,Fachkraft,79,PE 79,station
7131,Mccarley Elrike,2026-03-17,2,false,79,PE 79,1113,F,early,2026-03-17T05:55:00+01:00,2026-03-17T13:25:00+01:00,420,professional,Fachkraft,79,PE 79,station
7207,Roark Aloisia,2026-03-17,2,false,79,PE 79,1113,F,early,2026-03-17T05:55:00+01:00,2026-03-17T13:25:00+01:00,420,professional,Fachkraft,79,PE 79,station
8051,Springer Farah,2026-03-17,2,false,79,PE 79,1113,F,early,2026-03-17T05:55:00+01:00,2026-03-17T13:25:00+01:00,420,assistant,Hilfskraft,408,PE 408,jumper_pool
1143,Dames Margareth,2026-03-17,2,false,79,PE 79,1453,Z,intermediate,2026-03-17T08:30:00+01:00,2026-03-17T14:15:00+01:00,345,professional,Fachkraft,79,PE 79,station
5002,Britt Ingerose,2026-03-17,2,false,79,PE 79,1453,Z,intermediate,2026-03-17T08:30:00+01:00,2026-03-17T14:15:00+01:00,345,professional,Fachkraft,79,PE 79,station
1161,Varney Anuschka,2026-03-17,2,false,79,PE 79,1605,S,late,2026-03-17T13:15:00+01:00,2026-03-17T21:00:00+01:00,435,professional,Fachkraft,79,PE 79,station
1226,Allan Diethard,2026-03-17,2,false,79,PE 79,1605,S,late,2026-03-17T13:15:00+01:00,2026-03-17T21:00:00+01:00,435,professional,Fachkraft,79,PE 79,station
4064,Scheuenstuhl Rebecca,2026-03-17,2,false,79,PE 79,1605,S,late,2026-03-17T13:15:00+01:00,2026-03-17T21:00:00+01:00,435,professional,Fachkraft,79,PE 79,station
844,Greenman Elia,2026-03-17,2,false,79,PE 79,1690,N,night,2026-03-17T20:10:00+01:00,2026-03-18T06:10:00+01:00,555,professional,Fachkraft,79,PE 79,station
4158,Engel Veronica,2026-03-17,2,false,79,PE 79,1690,N,night,2026-03-17T20:10:00+01:00,2026-03-18T06:10:00+01:00,555,professional,Fachkraft,79,PE 79,station
1200,Stice Ingunde,2026-03-17,2,false,83,PE 83,1113,F,early,2026-03-17T05:55:00+01:00,2026-03-17T13:25:00+01:00,420,professional,Fachkraft,83,PE 83,station
1203,Nadeau Annelen,2026-03-17,2,false,83,PE 83,1113,F,early,2026-03-17T05:55:00+01:00,2026-03-17T13:25:00+01:00,420,professional,Fachkraft,83,PE 83,station
5844,Türpe Wernhild,2026-03-17,2,false,83,PE 83,1113,F,early,2026-03-17T05:55:00+01:00,2026-03-17T13:25:00+01:00,420,professional,Fachkraft,68,PE 68,jumper_pool
7490,Waldinger Annemargr,2026-03-17,2,false,83,PE 83,1113,F,early,2026-03-17T05:55:00+01:00,2026-03-17T13:25:00+01:00,420,professional,Fachkraft,68,PE 68,jumper_pool
1209,Cobbs Delia,2026-03-17,2,false,83,PE 83,1605,S,late,2026-03-17T13:15:00+01:00,2026-03-17T21:00:00+01:00,435,professional,Fachkraft,83,PE 83,station
4083,Drumm Wiegand,2026-03-17,2,false,83,PE 83,1605,S,late,2026-03-17T13:15:00+01:00,2026-03-17T21:00:00+01:00,435,professional,Fachkraft,83,PE 83,station
4101,Stott Birkhild,2026-03-17,2,false,83,PE 83,1605,S,late,2026-03-17T13:15:00+01:00,2026-03-17T21:00:00+01:00,435,professional,Fachkraft,83,PE 83,station
5866,Mcbrayer Siegmar,2026-03-17,2,false,85,PE 85,1113,F,early,2026-03-17T05:55:00+01:00,2026-03-17T13:25:00+01:00,420,professional,Fachkraft,85,PE 85,station
5920,Carreras Augustin,2026-03-17,2,false,85,PE 85,1113,F,early,2026-03-17T05:55:00+01:00,2026-03-17T13:25:00+01:00,420,professional,Fachkraft,85,PE 85,station
6773,Liddell Wiebke,2026-03-17,2,false,85,PE 85,1113,F,early,2026-03-17T05:55:00+01:00,2026-03-17T13:25:00+01:00,420,assistant,Hilfskraft,85,PE 85,station
8052,Springer Greta,2026-03-17,2,false,85,PE 85,1113,F,early,2026-03-17T05:55:00+01:00,2026-03-17T13:25:00+01:00,420,trainee,Azubi,408,PE 408,jumper_pool
946,Macdowell Lidia,2026-03-17,2,false,85,PE 85,1453,Z,intermediate,2026-03-17T08:30:00+01:00,2026-03-17T14:15:00+01:00,345,professional,Fachkraft,85,PE 85,station
803,Reis Richardis,2026-03-17,2,false,85,PE 85,1605,S,late,2026-03-17T13:15:00+01:00,2026-03-17T21:00:00+01:00,435,professional,Fachkraft,85,PE 85,station
4082,Dufour Dahlia,2026-03-17,2,false,85,PE 85,1605,S,late,2026-03-17T13:15:00+01:00,2026-03-17T21:00:00+01:00,435,professional,Fachkraft,85,PE 85,station
1474,Renna Rotraud,2026-03-17,2,false,85,PE 85,1690,N,night,2026-03-17T20:10:00+01:00,2026-03-18T06:10:00+01:00,555,professional,Fachkraft,85,PE 85,station
918,Ambriz Waltraud,2026-03-17,2,false,88,PE 88,1113,F,early,2026-03-17T05:55:00+01:00,2026-03-17T13:25:00+01:00,420,professional,Fachkraft,68,PE 68,jumper_pool
1191,Anoch Theobald,2026-03-17,2,false,88,PE 88,1113,F,early,2026-03-17T05:55:00+01:00,2026-03-17T13:25:00+01:00,420,professional,Fachkraft,88,PE 88,station
1231,Lary Rüdiger,2026-03-17,2,false,88,PE 88,1113,F,early,2026-03-17T05:55:00+01:00,2026-03-17T13:25:00+01:00,420,professional,Fachkraft,88,PE 88,station
6259,Trovato Annette,2026-03-17,2,false,88,PE 88,1113,F,early,2026-03-17T05:55:00+01:00,2026-03-17T13:25:00+01:00,420,professional,Fachkraft,68,PE 68,jumper_pool
8046,Springer Alina,2026-03-17,2,false,88,PE 88,1113,F,early,2026-03-17T05:55:00+01:00,2026-03-17T13:25:00+01:00,420,professional,Fachkraft,408,PE 408,jumper_pool
3642,Phinney Alheid,2026-03-17,2,false,88,PE 88,1605,S,late,2026-03-17T13:15:00+01:00,2026-03-17T21:00:00+01:00,435,professional,Fachkraft,88,PE 88,station
6318,Gamblin Uschi,2026-03-17,2,false,88,PE 88,1605,S,late,2026-03-17T13:15:00+01:00,2026-03-17T21:00:00+01:00,435,professional,Fachkraft,68,PE 68,jumper_pool
8047,Springer Boris,2026-03-17,2,false,88,PE 88,1605,S,late,2026-03-17T13:15:00+01:00,2026-03-17T21:00:00+01:00,435,professional,Fachkraft,408,PE 408,jumper_pool
8048,Springer Cem,2026-03-17,2,false,88,PE 88,1605,S,late,2026-03-17T13:15:00+01:00,2026-03-17T21:00:00+01:00,435,professional,Fachkraft,408,PE 408,jumper_pool
8049,Springer Dana,2026-03-17,2,false,88,PE 88,1605,S,late,2026-03-17T13:15:00+01:00,2026-03-17T21:00:00+01:00,435,professional,Fachkraft,408,PE 408,jumper_pool
7006,Cormier Sigrid,2026-03-17,2,false,337,PE 337,1113,F,early,2026-03-17T05:55:00+01:00,2026-03-17T13:25:00+01:00,420,professional,Fachkraft,68,PE 68,jumper_pool
839,Säuffert Liselotte,2026-03-17,2,false,337,PE 337,1453,Z,intermediate,2026-03-17T08:30:00+01:00,2026-03-17T14:15:00+01:00,345,assistant,Hilfskraft,68,PE 68,jumper_pool
1167,Min Friedhard,2026-03-17,2,false,337,PE 337,1605,S,late,2026-03-17T13:15:00+01:00,2026-03-17T21:00:00+01:00,435,professional,Fachkraft,337,PE 337,station
791,Branz Janett,2026-03-18,3,false,77,PE 77,1113,F,early,2026-03-18T05:55:00+01:00,2026-03-18T13:25:00+01:00,420,professional,Fachkraft,77,PE 77,station
914,Harkins Silvia,2026-03-18,3,false,77,PE 77,1113,F,early,2026-03-18T05:55:00+01:00,2026-03-18T13:25:00+01:00,420,assistant,Hilfskraft,77,PE 77,station
1229,Onofre Mandy,2026-03-18,3,false,77,PE 77,1113,F,early,2026-03-18T05:55:00+01:00,2026-03-18T13:25:00+01:00,420,professional,Fachkraft,77,PE 77,station
2932,Devers Kersten,2026-03-18,3,false,77,PE 77,1113,F,early,2026-03-18T05:55:00+01:00,2026-03-18T13:25:00+01:00,420,professional,Fachkraft,77,PE 77,station
6928,Izzo Annelene,2026-03-18,3,false,77,PE 77,1113,F,early,2026-03-18T05:55:00+01:00,2026-03-18T13:25:00+01:00,420,mfa,MFA,77,PE 77,station
8051,Springer Farah,2026-03-18,3,false,77,PE 77,1113,F,early,2026-03-18T05:55:00+01:00,2026-03-18T13:25:00+01:00,420,assistant,Hilfskraft,408,PE 408,jumper_pool
917,Catoe Ingbert,2026-03-18,3,false,77,PE 77,1453,Z,intermediate,2026-03-18T08:30:00+01:00,2026-03-18T14:15:00+01:00,345,professional,Fachkraft,77,PE 77,station
924,Merriweather Bärbl,2026-03-18,3,false,77,PE 77,1453,Z,intermediate,2026-03-18T08:30:00+01:00,2026-03-18T14:15:00+01:00,345,professional,Fachkraft,77,PE 77,station
928,Wunderlich Daniele,2026-03-18,3,false,77,PE 77,1453,Z,intermediate,2026-03-18T08:30:00+01:00,2026-03-18T14:15:00+01:00,345,professional,Fachkraft,77,PE 77,station
7378,Boulware Ina,2026-03-18,3,false,77,PE 77,1453,Z,intermediate,2026-03-18T08:30:00+01:00,2026-03-18T14:15:00+01:00,345,professional,Fachkraft,77,PE 77,station
790,Mccomas Adriane,2026-03-18,3,false,77,PE 77,1605,S,late,2026-03-18T13:15:00+01:00,2026-03-18T21:00:00+01:00,435,assistant,Hilfskraft,77,PE 77,station
927,Mittrach Margaritt,2026-03-18,3,false,77,PE 77,1605,S,late,2026-03-18T13:15:00+01:00,2026-03-18T21:00:00+01:00,435,assistant,Hilfskraft,77,PE 77,station
6995,Brooker Berna,2026-03-18,3,false,77,PE 77,1605,S,late,2026-03-18T13:15:00+01:00,2026-03-18T21:00:00+01:00,435,professional,Fachkraft,77,PE 77,station
7028,Cranmer Gretlies,2026-03-18,3,false,77,PE 77,1605,S,late,2026-03-18T13:15:00+01:00,2026-03-18T21:00:00+01:00,435,professional,Fachkraft,77,PE 77,station
7375,Fridam Gangolf,2026-03-18,3,false,77,PE 77,1605,S,late,2026-03-18T13:15:00+01:00,2026-03-18T21:00:00+01:00,435,professional,Fachkraft,77,PE 77,station
7496,Demarco Marcus,2026-03-18,3,false,77,PE 77,1605,S,late,2026-03-18T13:15:00+01:00,2026-03-18T21:00:00+01:00,435,professional,Fachkraft,77,PE 77,station
7919,Weathers Irma,2026-03-18,3,false,77,PE 77,1605,S,late,2026-03-18T13:15:00+01:00,2026-03-18T21:00:00+01:00,435,professional,Fachkraft,77,PE 77,station
1230,Palacio Constance,2026-03-18,3,false,77,PE 77,1690,N,night,2026-03-18T20:10:00+01:00,2026-03-19T06:10:00+01:00,555,professional,Fachkraft,77,PE 77,station
6727,Lenhart Fred,2026-03-18,3,false,77,PE 77,1690,N,night,2026-03-18T20:10:00+01:00,2026-03-19T06:10:00+01:00,555,professional,Fachkraft,77,PE 77,station
6836,Valentino Trude,2026-03-18,3,false,77,PE 77,1690,N,night,2026-03-18T20:10:00+01:00,2026-03-19T06:10:00+01:00,555,professional,Fachkraft,77,PE 77,station
7124,Pirkle Xaver,2026-03-18,3,false,77,PE 77,1690,N,night,2026-03-18T20:10:00+01:00,2026-03-19T06:10:00+01:00,555,professional,Fachkraft,77,PE 77,station
839,Säuffert Liselotte,2026-03-18,3,false,78,PE 78,1113,F,early,2026-03-18T05:55:00+01:00,2026-03-18T13:25:00+01:00,420,assistant,Hilfskraft,68,PE 68,jumper_pool
4081,Burgard Marfriede,2026-03-18,3,false,78,PE 78,1113,F,early,2026-03-18T05:55:00+01:00,2026-03-18T13:25:00+01:00,420,professional,Fachkraft,78,PE 78,station
2939,Snead Ehrentrau,2026-03-18,3,false,78,PE 78,1453,Z,intermediate,2026-03-18T08:30:00+01:00,2026-03-18T14:15:00+01:00,345,professional,Fachkraft,78,PE 78,station
4100,Storck Leonore,2026-03-18,3,false,78,PE 78,1453,Z,intermediate,2026-03-18T08:30:00+01:00,2026-03-18T14:15:00+01:00,345,professional,Fachkraft,78,PE 78,station
1175,Paladino Heideline,2026-03-18,3,false,78,PE 78,1605,S,late,2026-03-18T13:15:00+01:00,2026-03-18T21:00:00+01:00,435,professional,Fachkraft,78,PE 78,station
1147,Czerwinski Pauline,2026-03-18,3,false,78,PE 78,1690,N,night,2026-03-18T20:10:00+01:00,2026-03-19T06:10:00+01:00,555,professional,Fachkraft,78,PE 78,station
2946,Homes Swetlana,2026-03-18,3,false,78,PE 78,1690,N,night,2026-03-18T20:10:00+01:00,2026-03-19T06:10:00+01:00,555,professional,Fachkraft,78,PE 78,station
1138,Kunkel Annehild,2026-03-18,3,false,79,PE 79,1113,F,early,2026-03-18T05:55:00+01:00,2026-03-18T13:25:00+01:00,420,professional,Fachkraft,79,PE 79,station
3463,Pock Godelind,2026-03-18,3,false,79,PE 79,1113,F,early,2026-03-18T05:55:00+01:00,2026-03-18T13:25:00+01:00,420,professional,Fachkraft,79,PE 79,station
5318,Poindexter Rhiane,2026-03-18,3,false,79,PE 79,1113,F,early,2026-03-18T05:55:00+01:00,2026-03-18T13:25:00+01:00,420,assistant,Hilfskraft,79,PE 79,station
6330,Grotian Dorle,2026-03-18,3,false,79,PE 79,1113,F,early,2026-03-18T05:55:00+01:00,2026-03-18T13:25:00+01:00,420,professional,Fachkraft,79,PE 79,station
7207,Roark Aloisia,2026-03-18,3,false,79,PE 79,1453,Z,intermediate,2026-03-18T08:30:00+01:00,2026-03-18T14:15:00+01:00,345,professional,Fachkraft,79,PE 79,station
818,Wülfroth Luitgart,2026-03-18,3,false,79,PE 79,1605,S,late,2026-03-18T13:15:00+01:00,2026-03-18T21:00:00+01:00,435,professional,Fachkraft,79,PE 79,station
1226,Allan Diethard,2026-03-18,3,false,79,PE 79,1605,S,late,2026-03-18T13:15:00+01:00,2026-03-18T21:00:00+01:00,435,professional,Fachkraft,79,PE 79,station
4064,Scheuenstuhl Rebecca,2026-03-18,3,false,79,PE 79,1605,S,late,2026-03-18T13:15:00+01:00,2026-03-18T21:00:00+01:00,435,professional,Fachkraft,79,PE 79,station
1143,Dames Margareth,2026-03-18,3,false,79,PE 79,1690,N,night,2026-03-18T20:10:00+01:00,2026-03-19T06:10:00+01:00,555,professional,Fachkraft,79,PE 79,station
4158,Engel Veronica,2026-03-18,3,false,79,PE 79,1690,N,night,2026-03-18T20:10:00+01:00,2026-03-19T06:10:00+01:00,555,professional,Fachkraft,79,PE 79,station
5002,Britt Ingerose,2026-03-18,3,false,79,PE 79,1690,N,night,2026-03-18T20:10:00+01:00,2026-03-19T06:10:00+01:00,555,professional,Fachkraft,79,PE 79,station
1200,Stice Ingunde,2026-03-18,3,false,83,PE 83,1113,F,early,2026-03-18T05:55:00+01:00,2026-03-18T13:25:00+01:00,420,professional,Fachkraft,83,PE 83,station
1224,Mattingly Ännchen,2026-03-18,3,false,83,PE 83,1113,F,early,2026-03-18T05:55:00+01:00,2026-03-18T13:25:00+01:00,420,professional,Fachkraft,83,PE 83,station
5844,Türpe Wernhild,2026-03-18,3,false,83,PE 83,1113,F,early,2026-03-18T05:55:00+01:00,2026-03-18T13:25:00+01:00,420,professional,Fachkraft,68,PE 68,jumper_pool
7490,Waldinger Annemargr,2026-03-18,3,false,83,PE 83,1113,F,early,2026-03-18T05:55:00+01:00,2026-03-18T13:25:00+01:00,420,professional,Fachkraft,68,PE 68,jumper_pool
1199,Connor Wanda,2026-03-18,3,false,83,PE 83,1605,S,late,2026-03-18T13:15:00+01:00,2026-03-18T21:00:00+01:00,435,professional,Fachkraft,83,PE 83,station
4083,Drumm Wiegand,2026-03-18,3,false,83,PE 83,1605,S,late,2026-03-18T13:15:00+01:00,2026-03-18T21:00:00+01:00,435,professional,Fachkraft,83,PE 83,station
4101,Stott Birkhild,2026-03-18,3,false,83,PE 83,1605,S,late,2026-03-18T13:15:00+01:00,2026-03-18T21:00:00+01:00,435,professional,Fachkraft,83,PE 83,station
946,Macdowell Lidia,2026-03-18,3,false,85,PE 85,1113,F,early,2026-03-18T05:55:00+01:00,2026-03-18T13:25:00+01:00,420,professional,Fachkraft,85,PE 85,station
5920,Carreras Augustin,2026-03-18,3,false,85,PE 85,1113,F,early,2026-03-18T05:55:00+01:00,2026-03-18T13:25:00+01:00,420,professional,Fachkraft,85,PE 85,station
6773,Liddell Wiebke,2026-03-18,3,false,85,PE 85,1113,F,early,2026-03-18T05:55:00+01:00,2026-03-18T13:25:00+01:00,420,assistant,Hilfskraft,85,PE 85,station
941,Mosqueda Adelina,2026-03-18,3,false,85,PE 85,1453,Z,intermediate,2026-03-18T08:30:00+01:00,2026-03-18T14:15:00+01:00,345,professional,Fachkraft,85,PE 85,station
459,Shoemake Sandra,2026-03-18,3,false,85,PE 85,1605,S,late,2026-03-18T13:15:00+01:00,2026-03-18T21:00:00+01:00,435,professional,Fachkraft,85,PE 85,station
4082,Dufour Dahlia,2026-03-18,3,false,85,PE 85,1605,S,late,2026-03-18T13:15:00+01:00,2026-03-18T21:00:00+01:00,435,professional,Fachkraft,85,PE 85,station
1191,Anoch Theobald,2026-03-18,3,false,88,PE 88,1113,F,early,2026-03-18T05:55:00+01:00,2026-03-18T13:25:00+01:00,420,professional,Fachkraft,88,PE 88,station
6259,Trovato Annette,2026-03-18,3,false,88,PE 88,1113,F,early,2026-03-18T05:55:00+01:00,2026-03-18T13:25:00+01:00,420,professional,Fachkraft,68,PE 68,jumper_pool
6724,Vinton Gerda,2026-03-18,3,false,88,PE 88,1113,F,early,2026-03-18T05:55:00+01:00,2026-03-18T13:25:00+01:00,420,professional,Fachkraft,68,PE 68,jumper_pool
7006,Cormier Sigrid,2026-03-18,3,false,88,PE 88,1113,F,early,2026-03-18T05:55:00+01:00,2026-03-18T13:25:00+01:00,420,professional,Fachkraft,68,PE 68,jumper_pool
8046,Springer Alina,2026-03-18,3,false,88,PE 88,1113,F,early,2026-03-18T05:55:00+01:00,2026-03-18T13:25:00+01:00,420,professional,Fachkraft,408,PE 408,jumper_pool
835,Ciaccio Josefa,2026-03-18,3,false,88,PE 88,1605,S,late,2026-03-18T13:15:00+01:00,2026-03-18T21:00:00+01:00,435,professional,Fachkraft,68,PE 68,jumper_pool
1184,Pedroza Bertwalda,2026-03-18,3,false,88,PE 88,1605,S,late,2026-03-18T13:15:00+01:00,2026-03-18T21:00:00+01:00,435,professional,Fachkraft,88,PE 88,station
1231,Lary Rüdiger,2026-03-18,3,false,88,PE 88,1605,S,late,2026-03-18T13:15:00+01:00,2026-03-18T21:00:00+01:00,435,professional,Fachkraft,88,PE 88,station
8049,Springer Dana,2026-03-18,3,false,88,PE 88,1605,S,late,2026-03-18T13:15:00+01:00,2026-03-18T21:00:00+01:00,435,professional,Fachkraft,408,PE 408,jumper_pool
8050,Springer Emil,2026-03-18,3,false,88,PE 88,1605,S,late,2026-03-18T13:15:00+01:00,2026-03-18T21:00:00+01:00,435,professional,Fachkraft,408,PE 408,jumper_pool
918,Ambriz Waltraud,2026-03-18,3,false,337,PE 337,1113,F,early,2026-03-18T05:55:00+01:00,2026-03-18T13:25:00+01:00,420,professional,Fachkraft,68,PE 68,jumper_pool
8052,Springer Greta,2026-03-18,3,false,337,PE 337,1113,F,early,2026-03-18T05:55:00+01:00,2026-03-18T13:25:00+01:00,420,trainee,Azubi,408,PE 408,jumper_pool
8047,Springer Boris,2026-03-18,3,false,337,PE 337,1605,S,late,2026-03-18T13:15:00+01:00,2026-03-18T21:00:00+01:00,435,professional,Fachkraft,408,PE 408,jumper_pool
914,Harkins Silvia,2026-03-19,4,false,77,PE 77,1113,F,early,2026-03-19T05:55:00+01:00,2026-03-19T13:25:00+01:00,420,assistant,Hilfskraft,77,PE 77,station
924,Merriweather Bärbl,2026-03-19,4,false,77,PE 77,1113,F,early,2026-03-19T05:55:00+01:00,2026-03-19T13:25:00+01:00,420,professional,Fachkraft,77,PE 77,station
2932,Devers Kersten,2026-03-19,4,false,77,PE 77,1113,F,early,2026-03-19T05:55:00+01:00,2026-03-19T13:25:00+01:00,420,professional,Fachkraft,77,PE 77,station
6266,Clemmer Natalie,2026-03-19,4,false,77,PE 77,1113,F,early,2026-03-19T05:55:00+01:00,2026-03-19T13:25:00+01:00,420,professional,Fachkraft,77,PE 77,station
6928,Izzo Annelene,2026-03-19,4,false,77,PE 77,1113,F,early,2026-03-19T05:55:00+01:00,2026-03-19T13:25:00+01:00,420,mfa,MFA,77,PE 77,station
7660,Rast Agatha,2026-03-19,4,false,77,PE 77,1113,F,early,2026-03-19T05:55:00+01:00,2026-03-19T13:25:00+01:00,420,assistant,Hilfskraft,77,PE 77,station
791,Branz Janett,2026-03-19,4,false,77,PE 77,1453,Z,intermediate,2026-03-19T08:30:00+01:00,2026-03-19T14:15:00+01:00,345,professional,Fachkraft,77,PE 77,station
917,Catoe Ingbert,2026-03-19,4,false,77,PE 77,1453,Z,intermediate,2026-03-19T08:30:00+01:00,2026-03-19T14:15:00+01:00,345,professional,Fachkraft,77,PE 77,station
928,Wunderlich Daniele,2026-03-19,4,false,77,PE 77,1453,Z,intermediate,2026-03-19T08:30:00+01:00,2026-03-19T14:15:00+01:00,345,professional,Fachkraft,77,PE 77,station
2963,Hoots Renilde,2026-03-19,4,false,77,PE 77,1453,Z,intermediate,2026-03-19T08:30:00+01:00,2026-03-19T14:15:00+01:00,345,professional,Fachkraft,77,PE 77,station
7028,Cranmer Gretlies,2026-03-19,4,false,77,PE 77,1453,Z,intermediate,2026-03-19T08:30:00+01:00,2026-03-19T14:15:00+01:00,345,professional,Fachkraft,77,PE 77,station
7378,Boulware Ina,2026-03-19,4,false,77,PE 77,1453,Z,intermediate,2026-03-19T08:30:00+01:00,2026-03-19T14:15:00+01:00,345,professional,Fachkraft,77,PE 77,station
790,Mccomas Adriane,2026-03-19,4,false,77,PE 77,1605,S,late,2026-03-19T13:15:00+01:00,2026-03-19T21:00:00+01:00,435,assistant,Hilfskraft,77,PE 77,station
1229,Onofre Mandy,2026-03-19,4,false,77,PE 77,1605,S,late,2026-03-19T13:15:00+01:00,2026-03-19T21:00:00+01:00,435,professional,Fachkraft,77,PE 77,station
6995,Brooker Berna,2026-03-19,4,false,77,PE 77,1605,S,late,2026-03-19T13:15:00+01:00,2026-03-19T21:00:00+01:00,435,professional,Fachkraft,77,PE 77,station
7375,Fridam Gangolf,2026-03-19,4,false,77,PE 77,1605,S,late,2026-03-19T13:15:00+01:00,2026-03-19T21:00:00+01:00,435,professional,Fachkraft,77,PE 77,station
7496,Demarco Marcus,2026-03-19,4,false,77,PE 77,1605,S,late,2026-03-19T13:15:00+01:00,2026-03-19T21:00:00+01:00,435,professional,Fachkraft,77,PE 77,station
7603,Roberson Ludger,2026-03-19,4,false,77,PE 77,1605,S,late,2026-03-19T13:15:00+01:00,2026-03-19T21:00:00+01:00,435,professional,Fachkraft,77,PE 77,station
7606,Lenahan Oda,2026-03-19,4,false,77,PE 77,1605,S,late,2026-03-19T13:15:00+01:00,2026-03-19T21:00:00+01:00,435,assistant,Hilfskraft,77,PE 77,station
7919,Weathers Irma,2026-03-19,4,false,77,PE 77,1605,S,late,2026-03-19T13:15:00+01:00,2026-03-19T21:00:00+01:00,435,professional,Fachkraft,77,PE 77,station
3868,Vanfleet Eike,2026-03-19,4,false,77,PE 77,1690,N,night,2026-03-19T20:10:00+01:00,2026-03-20T06:10:00+01:00,555,professional,Fachkraft,77,PE 77,station
6727,Lenhart Fred,2026-03-19,4,false,77,PE 77,1690,N,night,2026-03-19T20:10:00+01:00,2026-03-20T06:10:00+01:00,555,professional,Fachkraft,77,PE 77,station
7124,Pirkle Xaver,2026-03-19,4,false,77,PE 77,1690,N,night,2026-03-19T20:10:00+01:00,2026-03-20T06:10:00+01:00,555,professional,Fachkraft,77,PE 77,station
839,Säuffert Liselotte,2026-03-19,4,false,78,PE 78,1113,F,early,2026-03-19T05:55:00+01:00,2026-03-19T13:25:00+01:00,420,assistant,Hilfskraft,68,PE 68,jumper_pool
2939,Snead Ehrentrau,2026-03-19,4,false,78,PE 78,1113,F,early,2026-03-19T05:55:00+01:00,2026-03-19T13:25:00+01:00,420,professional,Fachkraft,78,PE 78,station
4081,Burgard Marfriede,2026-03-19,4,false,78,PE 78,1113,F,early,2026-03-19T05:55:00+01:00,2026-03-19T13:25:00+01:00,420,professional,Fachkraft,78,PE 78,station
1144,Dalessandro Daniela,2026-03-19,4,false,78,PE 78,1605,S,late,2026-03-19T13:15:00+01:00,2026-03-19T21:00:00+01:00,435,professional,Fachkraft,78,PE 78,station
1147,Czerwinski Pauline,2026-03-19,4,false,78,PE 78,1690,N,night,2026-03-19T20:10:00+01:00,2026-03-20T06:10:00+01:00,555,professional,Fachkraft,78,PE 78,station
4100,Storck Leonore,2026-03-19,4,false,78,PE 78,1690,N,night,2026-03-19T20:10:00+01:00,2026-03-20T06:10:00+01:00,555,professional,Fachkraft,78,PE 78,station
1138,Kunkel Annehild,2026-03-19,4,false,79,PE 79,1113,F,early,2026-03-19T05:55:00+01:00,2026-03-19T13:25:00+01:00,420,professional,Fachkraft,79,PE 79,station
3463,Pock Godelind,2026-03-19,4,false,79,PE 79,1113,F,early,2026-03-19T05:55:00+01:00,2026-03-19T13:25:00+01:00,420,professional,Fachkraft,79,PE 79,station
5318,Poindexter Rhiane,2026-03-19,4,false,79,PE 79,1113,F,early,2026-03-19T05:55:00+01:00,2026-03-19T13:25:00+01:00,420,assistant,Hilfskraft,79,PE 79,station
7207,Roark Aloisia,2026-03-19,4,false,79,PE 79,1113,F,early,2026-03-19T05:55:00+01:00,2026-03-19T13:25:00+01:00,420,professional,Fachkraft,79,PE 79,station
818,Wülfroth Luitgart,2026-03-19,4,false,79,PE 79,1453,Z,intermediate,2026-03-19T08:30:00+01:00,2026-03-19T14:15:00+01:00,345,professional,Fachkraft,79,PE 79,station
7132,Maderdonner Reinburga,2026-03-19,4,false,79,PE 79,1453,Z,intermediate,2026-03-19T08:30:00+01:00,2026-03-19T14:15:00+01:00,345,professional,Fachkraft,79,PE 79,station
1161,Varney Anuschka,2026-03-19,4,false,79,PE 79,1605,S,late,2026-03-19T13:15:00+01:00,2026-03-19T21:00:00+01:00,435,professional,Fachkraft,79,PE 79,station
6330,Grotian Dorle,2026-03-19,4,false,79,PE 79,1605,S,late,2026-03-19T13:15:00+01:00,2026-03-19T21:00:00+01:00,435,professional,Fachkraft,79,PE 79,station
7131,Mccarley Elrike,2026-03-19,4,false,79,PE 79,1605,S,late,2026-03-19T13:15:00+01:00,2026-03-19T21:00:00+01:00,435,professional,Fachkraft,79,PE 79,station
1143,Dames Margareth,2026-03-19,4,false,79,PE 79,1690,N,night,2026-03-19T20:10:00+01:00,2026-03-20T06:10:00+01:00,555,professional,Fachkraft,79,PE 79,station
5002,Britt Ingerose,2026-03-19,4,false,79,PE 79,1690,N,night,2026-03-19T20:10:00+01:00,2026-03-20T06:10:00+01:00,555,professional,Fachkraft,79,PE 79,station
1200,Stice Ingunde,2026-03-19,4,false,83,PE 83,1113,F,early,2026-03-19T05:55:00+01:00,2026-03-19T13:25:00+01:00,420,professional,Fachkraft,83,PE 83,station
1203,Nadeau Annelen,2026-03-19,4,false,83,PE 83,1113,F,early,2026-03-19T05:55:00+01:00,2026-03-19T13:25:00+01:00,420,professional,Fachkraft,83,PE 83,station
1224,Mattingly Ännchen,2026-03-19,4,false,83,PE 83,1113,F,early,2026-03-19T05:55:00+01:00,2026-03-19T13:25:00+01:00,420,professional,Fachkraft,83,PE 83,station
7490,Waldinger Annemargr,2026-03-19,4,false,83,PE 83,1113,F,early,2026-03-19T05:55:00+01:00,2026-03-19T13:25:00+01:00,420,professional,Fachkraft,68,PE 68,jumper_pool
8052,Springer Greta,2026-03-19,4,false,83,PE 83,1113,F,early,2026-03-19T05:55:00+01:00,2026-03-19T13:25:00+01:00,420,trainee,Azubi,408,PE 408,jumper_pool
1199,Connor Wanda,2026-03-19,4,false,83,PE 83,1605,S,late,2026-03-19T13:15:00+01:00,2026-03-19T21:00:00+01:00,435,professional,Fachkraft,83,PE 83,station
1209,Cobbs Delia,2026-03-19,4,false,83,PE 83,1605,S,late,2026-03-19T13:15:00+01:00,2026-03-19T21:00:00+01:00,435,professional,Fachkraft,83,PE 83,station
1218,von der Brey Tabea,2026-03-19,4,false,83,PE 83,1605,S,late,2026-03-19T13:15:00+01:00,2026-03-19T21:00:00+01:00,435,professional,Fachkraft,68,PE 68,jumper_pool
5866,Mcbrayer Siegmar,2026-03-19,4,false,85,PE 85,1113,F,early,2026-03-19T05:55:00+01:00,2026-03-19T13:25:00+01:00,420,professional,Fachkraft,85,PE 85,station
5920,Carreras Augustin,2026-03-19,4,false,85,PE 85,1113,F,early,2026-03-19T05:55:00+01:00,2026-03-19T13:25:00+01:00,420,professional,Fachkraft,85,PE 85,station
6773,Liddell Wiebke,2026-03-19,4,false,85,PE 85,1113,F,early,2026-03-19T05:55:00+01:00,2026-03-19T13:25:00+01:00,420,assistant,Hilfskraft,85,PE 85,station
946,Macdowell Lidia,2026-03-19,4,false,85,PE 85,1453,Z,intermediate,2026-03-19T08:30:00+01:00,2026-03-19T14:15:00+01:00,345,professional,Fachkraft,85,PE 85,station
459,Shoemake Sandra,2026-03-19,4,false,85,PE 85,1605,S,late,2026-03-19T13:15:00+01:00,2026-03-19T21:00:00+01:00,435,professional,Fachkraft,85,PE 85,station
941,Mosqueda Adelina,2026-03-19,4,false,85,PE 85,1605,S,late,2026-03-19T13:15:00+01:00,2026-03-19T21:00:00+01:00,435,professional,Fachkraft,85,PE 85,station
803,Reis Richardis,2026-03-19,4,false,85,PE 85,1690,N,night,2026-03-19T20:10:00+01:00,2026-03-20T06:10:00+01:00,555,professional,Fachkraft,85,PE 85,station
5844,Türpe Wernhild,2026-03-19,4,false,88,PE 88,1113,F,early,2026-03-19T05:55:00+01:00,2026-03-19T13:25:00+01:00,420,professional,Fachkraft,68,PE 68,jumper_pool
6259,Trovato Annette,2026-03-19,4,false,88,PE 88,1113,F,early,2026-03-19T05:55:00+01:00,2026-03-19T13:25:00+01:00,420,professional,Fachkraft,68,PE 68,jumper_pool
6318,Gamblin Uschi,2026-03-19,4,false,88,PE 88,1113,F,early,2026-03-19T05:55:00+01:00,2026-03-19T13:25:00+01:00,420,professional,Fachkraft,68,PE 68,jumper_pool
8046,Springer Alina,2026-03-19,4,false,88,PE 88,1113,F,early,2026-03-19T05:55:00+01:00,2026-03-19T13:25:00+01:00,420,professional,Fachkraft,408,PE 408,jumper_pool
8048,Springer Cem,2026-03-19,4,false,88,PE 88,1113,F,early,2026-03-19T05:55:00+01:00,2026-03-19T13:25:00+01:00,420,professional,Fachkraft,408,PE 408,jumper_pool
1238,Zucker Helfred,2026-03-19,4,false,88,PE 88,1453,Z,intermediate,2026-03-19T08:30:00+01:00,2026-03-19T14:15:00+01:00,345,professional,Fachkraft,88,PE 88,station
1184,Pedroza Bertwalda,2026-03-19,4,false,88,PE 88,1605,S,late,2026-03-19T13:15:00+01:00,2026-03-19T21:00:00+01:00,435,professional,Fachkraft,88,PE 88,station
1191,Anoch Theobald,2026-03-19,4,false,88,PE 88,1605,S,late,2026-03-19T13:15:00+01:00,2026-03-19T21:00:00+01:00,435,professional,Fachkraft,88,PE 88,station
3642,Phinney Alheid,2026-03-19,4,false,88,PE 88,1605,S,late,2026-03-19T13:15:00+01:00,2026-03-19T21:00:00+01:00,435,professional,Fachkraft,88,PE 88,station
8050,Springer Emil,2026-03-19,4,false,88,PE 88,1605,S,late,2026-03-19T13:15:00+01:00,2026-03-19T21:00:00+01:00,435,professional,Fachkraft,408,PE 408,jumper_pool
1167,Min Friedhard,2026-03-19,4,false,337,PE 337,1113,F,early,2026-03-19T05:55:00+01:00,2026-03-19T13:25:00+01:00,420,professional,Fachkraft,337,PE 337,station
8049,Springer Dana,2026-03-19,4,false,337,PE 337,1605,S,late,2026-03-19T13:15:00+01:00,2026-03-19T21:00:00+01:00,435,professional,Fachkraft,408,PE 408,jumper_pool
791,Branz Janett,2026-03-20,5,false,77,PE 77,1113,F,early,2026-03-20T05:55:00+01:00,2026-03-20T13:25:00+01:00,420,professional,Fachkraft,77,PE 77,station
914,Harkins Silvia,2026-03-20,5,false,77,PE 77,1113,F,early,2026-03-20T05:55:00+01:00,2026-03-20T13:25:00+01:00,420,assistant,Hilfskraft,77,PE 77,station
2932,Devers Kersten,2026-03-20,5,false,77,PE 77,1113,F,early,2026-03-20T05:55:00+01:00,2026-03-20T13:25:00+01:00,420,professional,Fachkraft,77,PE 77,station
2963,Hoots Renilde,2026-03-20,5,false,77,PE 77,1113,F,early,2026-03-20T05:55:00+01:00,2026-03-20T13:25:00+01:00,420,professional,Fachkraft,77,PE 77,station
6928,Izzo Annelene,2026-03-20,5,false,77,PE 77,1113,F,early,2026-03-20T05:55:00+01:00,2026-03-20T13:25:00+01:00,420,mfa,MFA,77,PE 77,station
7660,Rast Agatha,2026-03-20,5,false,77,PE 77,1113,F,early,2026-03-20T05:55:00+01:00,2026-03-20T13:25:00+01:00,420,assistant,Hilfskraft,77,PE 77,station
917,Catoe Ingbert,2026-03-20,5,false,77,PE 77,1453,Z,intermediate,2026-03-20T08:30:00+01:00,2026-03-20T14:15:00+01:00,345,professional,Fachkraft,77,PE 77,station
6266,Clemmer Natalie,2026-03-20,5,false,77,PE 77,1453,Z,intermediate,2026-03-20T08:30:00+01:00,2026-03-20T14:15:00+01:00,345,professional,Fachkraft,77,PE 77,station
7378,Boulware Ina,2026-03-20,5,false,77,PE 77,1453,Z,intermediate,2026-03-20T08:30:00+01:00,2026-03-20T14:15:00+01:00,345,professional,Fachkraft,77,PE 77,station
7496,Demarco Marcus,2026-03-20,5,false,77,PE 77,1453,Z,intermediate,2026-03-20T08:30:00+01:00,2026-03-20T14:15:00+01:00,345,professional,Fachkraft,77,PE 77,station
7603,Roberson Ludger,2026-03-20,5,false,77,PE 77,1453,Z,intermediate,2026-03-20T08:30:00+01:00,2026-03-20T14:15:00+01:00,345,professional,Fachkraft,77,PE 77,station
790,Mccomas Adriane,2026-03-20,5,false,77,PE 77,1605,S,late,2026-03-20T13:15:00+01:00,2026-03-20T21:00:00+01:00,435,assistant,Hilfskraft,77,PE 77,station
928,Wunderlich Daniele,2026-03-20,5,false,77,PE 77,1605,S,late,2026-03-20T13:15:00+01:00,2026-03-20T21:00:00+01:00,435,professional,Fachkraft,77,PE 77,station
1229,Onofre Mandy,2026-03-20,5,false,77,PE 77,1605,S,late,2026-03-20T13:15:00+01:00,2026-03-20T21:00:00+01:00,435,professional,Fachkraft,77,PE 77,station
6995,Brooker Berna,2026-03-20,5,false,77,PE 77,1605,S,late,2026-03-20T13:15:00+01:00,2026-03-20T21:00:00+01:00,435,professional,Fachkraft,77,PE 77,station
7028,Cranmer Gretlies,2026-03-20,5,false,77,PE 77,1605,S,late,2026-03-20T13:15:00+01:00,2026-03-20T21:00:00+01:00,435,professional,Fachkraft,77,PE 77,station
7606,Lenahan Oda,2026-03-20,5,false,77,PE 77,1605,S,late,2026-03-20T13:15:00+01:00,2026-03-20T21:00:00+01:00,435,assistant,Hilfskraft,77,PE 77,station
7919,Weathers Irma,2026-03-20,5,false,77,PE 77,1605,S,late,2026-03-20T13:15:00+01:00,2026-03-20T21:00:00+01:00,435,professional,Fachkraft,77,PE 77,station
3868,Vanfleet Eike,2026-03-20,5,false,77,PE 77,1690,N,night,2026-03-20T20:10:00+01:00,2026-03-21T06:10:00+01:00,555,professional,Fachkraft,77,PE 77,station
7124,Pirkle Xaver,2026-03-20,5,false,77,PE 77,1690,N,night,2026-03-20T20:10:00+01:00,2026-03-21T06:10:00+01:00,555,professional,Fachkraft,77,PE 77,station
839,Säuffert Liselotte,2026-03-20,5,false,78,PE 78,1113,F,early,2026-03-20T05:55:00+01:00,2026-03-20T13:25:00+01:00,420,assistant,Hilfskraft,68,PE 68,jumper_pool
1175,Paladino Heideline,2026-03-20,5,false,78,PE 78,1113,F,early,2026-03-20T05:55:00+01:00,2026-03-20T13:25:00+01:00,420,professional,Fachkraft,78,PE 78,station
4081,Burgard Marfriede,2026-03-20,5,false,78,PE 78,1113,F,early,2026-03-20T05:55:00+01:00,2026-03-20T13:25:00+01:00,420,professional,Fachkraft,78,PE 78,station
1144,Dalessandro Daniela,2026-03-20,5,false,78,PE 78,1605,S,late,2026-03-20T13:15:00+01:00,2026-03-20T21:00:00+01:00,435,professional,Fachkraft,78,PE 78,station
4100,Storck Leonore,2026-03-20,5,false,78,PE 78,1690,N,night,2026-03-20T20:10:00+01:00,2026-03-21T06:10:00+01:00,555,professional,Fachkraft,78,PE 78,station
1138,Kunkel Annehild,2026-03-20,5,false,79,PE 79,1113,F,early,2026-03-20T05:55:00+01:00,2026-03-20T13:25:00+01:00,420,professional,Fachkraft,79,PE 79,station
3463,Pock Godelind,2026-03-20,5,false,79,PE 79,1113,F,early,2026-03-20T05:55:00+01:00,2026-03-20T13:25:00+01:00,420,professional,Fachkraft,79,PE 79,station
4064,Scheuenstuhl Rebecca,2026-03-20,5,false,79,PE 79,1113,F,early,2026-03-20T05:55:00+01:00,2026-03-20T13:25:00+01:00,420,professional,Fachkraft,79,PE 79,station
5318,Poindexter Rhiane,2026-03-20,5,false,79,PE 79,1113,F,early,2026-03-20T05:55:00+01:00,2026-03-20T13:25:00+01:00,420,assistant,Hilfskraft,79,PE 79,station
7207,Roark Aloisia,2026-03-20,5,false,79,PE 79,1113,F,early,2026-03-20T05:55:00+01:00,2026-03-20T13:25:00+01:00,420,professional,Fachkraft,79,PE 79,station
844,Greenman Elia,2026-03-20,5,false,79,PE 79,1453,Z,intermediate,2026-03-20T08:30:00+01:00,2026-03-20T14:15:00+01:00,345,professional,Fachkraft,79,PE 79,station
7132,Maderdonner Reinburga,2026-03-20,5,false,79,PE 79,1453,Z,intermediate,2026-03-20T08:30:00+01:00,2026-03-20T14:15:00+01:00,345,professional,Fachkraft,79,PE 79,station
818,Wülfroth Luitgart,2026-03-20,5,false,79,PE 79,1605,S,late,2026-03-20T13:15:00+01:00,2026-03-20T21:00:00+01:00,435,professional,Fachkraft,79,PE 79,station
6330,Grotian Dorle,2026-03-20,5,false,79,PE 79,1605,S,late,2026-03-20T13:15:00+01:00,2026-03-20T21:00:00+01:00,435,professional,Fachkraft,79,PE 79,station
7131,Mccarley Elrike,2026-03-20,5,false,79,PE 79,1605,S,late,2026-03-20T13:15:00+01:00,2026-03-20T21:00:00+01:00,435,professional,Fachkraft,79,PE 79,station
1143,Dames Margareth,2026-03-20,5,false,79,PE 79,1690,N,night,2026-03-20T20:10:00+01:00,2026-03-21T06:10:00+01:00,555,professional,Fachkraft,79,PE 79,station
1161,Varney Anuschka,2026-03-20,5,false,79,PE 79,1690,N,night,2026-03-20T20:10:00+01:00,2026-03-21T06:10:00+01:00,555,professional,Fachkraft,79,PE 79,station
5002,Britt Ingerose,2026-03-20,5,false,79,PE 79,1690,N,night,2026-03-20T20:10:00+01:00,2026-03-21T06:10:00+01:00,555,professional,Fachkraft,79,PE 79,station
1203,Nadeau Annelen,2026-03-20,5,false,83,PE 83,1113,F,early,2026-03-20T05:55:00+01:00,2026-03-20T13:25:00+01:00,420,professional,Fachkraft,83,PE 83,station
4083,Drumm Wiegand,2026-03-20,5,false,83,PE 83,1113,F,early,2026-03-20T05:55:00+01:00,2026-03-20T13:25:00+01:00,420,professional,Fachkraft,83,PE 83,station
4101,Stott Birkhild,2026-03-20,5,false,83,PE 83,1113,F,early,2026-03-20T05:55:00+01:00,2026-03-20T13:25:00+01:00,420,professional,Fachkraft,83,PE 83,station
5844,Türpe Wernhild,2026-03-20,5,false,83,PE 83,1113,F,early,2026-03-20T05:55:00+01:00,2026-03-20T13:25:00+01:00,420,professional,Fachkraft,68,PE 68,jumper_pool
8052,Springer Greta,2026-03-20,5,false,83,PE 83,1113,F,early,2026-03-20T05:55:00+01:00,2026-03-20T13:25:00+01:00,420,trainee,Azubi,408,PE 408,jumper_pool
1199,Connor Wanda,2026-03-20,5,false,83,PE 83,1605,S,late,2026-03-20T13:15:00+01:00,2026-03-20T21:00:00+01:00,435,professional,Fachkraft,83,PE 83,station
1200,Stice Ingunde,2026-03-20,5,false,83,PE 83,1605,S,late,2026-03-20T13:15:00+01:00,2026-03-20T21:00:00+01:00,435,professional,Fachkraft,83,PE 83,station
1209,Cobbs Delia,2026-03-20,5,false,83,PE 83,1605,S,late,2026-03-20T13:15:00+01:00,2026-03-20T21:00:00+01:00,435,professional,Fachkraft,83,PE 83,station
4082,Dufour Dahlia,2026-03-20,5,false,85,PE 85,1113,F,early,2026-03-20T05:55:00+01:00,2026-03-20T13:25:00+01:00,420,professional,Fachkraft,85,PE 85,station
5866,Mcbrayer Siegmar,2026-03-20,5,false,85,PE 85,1113,F,early,2026-03-20T05:55:00+01:00,2026-03-20T13:25:00+01:00,420,professional,Fachkraft,85,PE 85,station
8051,Springer Farah,2026-03-20,5,false,85,PE 85,1113,F,early,2026-03-20T05:55:00+01:00,2026-03-20T13:25:00+01:00,420,assistant,Hilfskraft,408,PE 408,jumper_pool
459,Shoemake Sandra,2026-03-20,5,false,85,PE 85,1453,Z,intermediate,2026-03-20T08:30:00+01:00,2026-03-20T14:15:00+01:00,345,professional,Fachkraft,85,PE 85,station
6773,Liddell Wiebke,2026-03-20,5,false,85,PE 85,1453,Z,intermediate,2026-03-20T08:30:00+01:00,2026-03-20T14:15:00+01:00,345,assistant,Hilfskraft,85,PE 85,station
941,Mosqueda Adelina,2026-03-20,5,false,85,PE 85,1605,S,late,2026-03-20T13:15:00+01:00,2026-03-20T21:00:00+01:00,435,professional,Fachkraft,85,PE 85,station
5920,Carreras Augustin,2026-03-20,5,false,85,PE 85,1605,S,late,2026-03-20T13:15:00+01:00,2026-03-20T21:00:00+01:00,435,professional,Fachkraft,85,PE 85,station
803,Reis Richardis,2026-03-20,5,false,85,PE 85,1690,N,night,2026-03-20T20:10:00+01:00,2026-03-21T06:10:00+01:00,555,professional,Fachkraft,85,PE 85,station
1238,Zucker Helfred,2026-03-20,5,false,88,PE 88,1113,F,early,2026-03-20T05:55:00+01:00,2026-03-20T13:25:00+01:00,420,professional,Fachkraft,88,PE 88,station
6318,Gamblin Uschi,2026-03-20,5,false,88,PE 88,1113,F,early,2026-03-20T05:55:00+01:00,2026-03-20T13:25:00+01:00,420,professional,Fachkraft,68,PE 68,jumper_pool
8046,Springer Alina,2026-03-20,5,false,88,PE 88,1113,F,early,2026-03-20T05:55:00+01:00,2026-03-20T13:25:00+01:00,420,professional,Fachkraft,408,PE 408,jumper_pool
8047,Springer Boris,2026-03-20,5,false,88,PE 88,1113,F,early,2026-03-20T05:55:00+01:00,2026-03-20T13:25:00+01:00,420,professional,Fachkraft,408,PE 408,jumper_pool
8048,Springer Cem,2026-03-20,5,false,88,PE 88,1113,F,early,2026-03-20T05:55:00+01:00,2026-03-20T13:25:00+01:00,420,professional,Fachkraft,408,PE 408,jumper_pool
1191,Anoch Theobald,2026-03-20,5,false,88,PE 88,1605,S,late,2026-03-20T13:15:00+01:00,2026-03-20T21:00:00+01:00,435,professional,Fachkraft,88,PE 88,station
1231,Lary Rüdiger,2026-03-20,5,false,88,PE 88,1605,S,late,2026-03-20T13:15:00+01:00,2026-03-20T21:00:00+01:00,435,professional,Fachkraft,88,PE 88,station
3642,Phinney Alheid,2026-03-20,5,false,88,PE 88,1605,S,late,2026-03-20T13:15:00+01:00,2026-03-20T21:00:00+01:00,435,professional,Fachkraft,88,PE 88,station
8049,Springer Dana,2026-03-20,5,false,88,PE 88,1605,S,late,2026-03-20T13:15:00+01:00,2026-03-20T21:00:00+01:00,435,professional,Fachkraft,408,PE 408,jumper_pool
8050,Springer Emil,2026-03-20,5,false,88,PE 88,1605,S,late,2026-03-20T13:15:00+01:00,2026-03-20T21:00:00+01:00,435,professional,Fachkraft,408,PE 408,jumper_pool
1167,Min Friedhard,2026-03-20,5,false,337,PE 337,1113,F,early,2026-03-20T05:55:00+01:00,2026-03-20T13:25:00+01:00,420,professional,Fachkraft,337,PE 337,station
7006,Cormier Sigrid,2026-03-20,5,false,337,PE 337,1605,S,late,2026-03-20T13:15:00+01:00,2026-03-20T21:00:00+01:00,435,professional,Fachkraft,68,PE 68,jumper_pool
914,Harkins Silvia,2026-03-21,6,false,77,PE 77,1113,F,early,2026-03-21T05:55:00+01:00,2026-03-21T13:25:00+01:00,420,assistant,Hilfskraft,77,PE 77,station
2963,Hoots Renilde,2026-03-21,6,false,77,PE 77,1113,F,early,2026-03-21T05:55:00+01:00,2026-03-21T13:25:00+01:00,420,professional,Fachkraft,77,PE 77,station
5367,Donis Henni,2026-03-21,6,false,77,PE 77,1113,F,early,2026-03-21T05:55:00+01:00,2026-03-21T13:25:00+01:00,420,assistant,Hilfskraft,77,PE 77,station
6266,Clemmer Natalie,2026-03-21,6,false,77,PE 77,1113,F,early,2026-03-21T05:55:00+01:00,2026-03-21T13:25:00+01:00,420,professional,Fachkraft,77,PE 77,station
7496,Demarco Marcus,2026-03-21,6,false,77,PE 77,1113,F,early,2026-03-21T05:55:00+01:00,2026-03-21T13:25:00+01:00,420,professional,Fachkraft,77,PE 77,station
927,Mittrach Margaritt,2026-03-21,6,false,77,PE 77,1453,Z,intermediate,2026-03-21T08:30:00+01:00,2026-03-21T14:15:00+01:00,345,assistant,Hilfskraft,77,PE 77,station
1229,Onofre Mandy,2026-03-21,6,false,77,PE 77,1453,Z,intermediate,2026-03-21T08:30:00+01:00,2026-03-21T14:15:00+01:00,345,professional,Fachkraft,77,PE 77,station
1230,Palacio Constance,2026-03-21,6,false,77,PE 77,1453,Z,intermediate,2026-03-21T08:30:00+01:00,2026-03-21T14:15:00+01:00,345,professional,Fachkraft,77,PE 77,station
3566,Seligman Elgine,2026-03-21,6,false,77,PE 77,1605,S,late,2026-03-21T13:15:00+01:00,2026-03-21T21:00:00+01:00,435,professional,Fachkraft,77,PE 77,station
7375,Fridam Gangolf,2026-03-21,6,false,77,PE 77,1605,S,late,2026-03-21T13:15:00+01:00,2026-03-21T21:00:00+01:00,435,professional,Fachkraft,77,PE 77,station
7603,Roberson Ludger,2026-03-21,6,false,77,PE 77,1605,S,late,2026-03-21T13:15:00+01:00,2026-03-21T21:00:00+01:00,435,professional,Fachkraft,77,PE 77,station
7606,Lenahan Oda,2026-03-21,6,false,77,PE 77,1605,S,late,2026-03-21T13:15:00+01:00,2026-03-21T21:00:00+01:00,435,assistant,Hilfskraft,77,PE 77,station
7919,Weathers Irma,2026-03-21,6,false,77,PE 77,1605,S,late,2026-03-21T13:15:00+01:00,2026-03-21T21:00:00+01:00,435,professional,Fachkraft,77,PE 77,station
3868,Vanfleet Eike,2026-03-21,6,false,77,PE 77,1690,N,night,2026-03-21T20:10:00+01:00,2026-03-22T06:10:00+01:00,555,professional,Fachkraft,77,PE 77,station
6836,Valentino Trude,2026-03-21,6,false,77,PE 77,1690,N,night,2026-03-21T20:10:00+01:00,2026-03-22T06:10:00+01:00,555,professional,Fachkraft,77,PE 77,station
1175,Paladino Heideline,2026-03-21,6,false,78,PE 78,1113,F,early,2026-03-21T05:55:00+01:00,2026-03-21T13:25:00+01:00,420,professional,Fachkraft,78,PE 78,station
4081,Burgard Marfriede,2026-03-21,6,false,78,PE 78,1113,F,early,2026-03-21T05:55:00+01:00,2026-03-21T13:25:00+01:00,420,professional,Fachkraft,78,PE 78,station
2946,Homes Swetlana,2026-03-21,6,false,78,PE 78,1605,S,late,2026-03-21T13:15:00+01:00,2026-03-21T21:00:00+01:00,435,professional,Fachkraft,78,PE 78,station
4100,Storck Leonore,2026-03-21,6,false,78,PE 78,1690,N,night,2026-03-21T20:10:00+01:00,2026-03-22T06:10:00+01:00,555,professional,Fachkraft,78,PE 78,station
844,Greenman Elia,2026-03-21,6,false,79,PE 79,1113,F,early,2026-03-21T05:55:00+01:00,2026-03-21T13:25:00+01:00,420,professional,Fachkraft,79,PE 79,station
4064,Scheuenstuhl Rebecca,2026-03-21,6,false,79,PE 79,1113,F,early,2026-03-21T05:55:00+01:00,2026-03-21T13:25:00+01:00,420,professional,Fachkraft,79,PE 79,station
8051,Springer Farah,2026-03-21,6,false,79,PE 79,1113,F,early,2026-03-21T05:55:00+01:00,2026-03-21T13:25:00+01:00,420,assistant,Hilfskraft,408,PE 408,jumper_pool
1226,Allan Diethard,2026-03-21,6,false,79,PE 79,1453,Z,intermediate,2026-03-21T08:30:00+01:00,2026-03-21T14:15:00+01:00,345,professional,Fachkraft,79,PE 79,station
6330,Grotian Dorle,2026-03-21,6,false,79,PE 79,1605,S,late,2026-03-21T13:15:00+01:00,2026-03-21T21:00:00+01:00,435,professional,Fachkraft,79,PE 79,station
7131,Mccarley Elrike,2026-03-21,6,false,79,PE 79,1605,S,late,2026-03-21T13:15:00+01:00,2026-03-21T21:00:00+01:00,435,professional,Fachkraft,79,PE 79,station
1161,Varney Anuschka,2026-03-21,6,false,79,PE 79,1690,N,night,2026-03-21T20:10:00+01:00,2026-03-22T06:10:00+01:00,555,professional,Fachkraft,79,PE 79,station
7132,Maderdonner Reinburga,2026-03-21,6,false,79,PE 79,1690,N,night,2026-03-21T20:10:00+01:00,2026-03-22T06:10:00+01:00,555,professional,Fachkraft,79,PE 79,station
1203,Nadeau Annelen,2026-03-21,6,false,83,PE 83,1113,F,early,2026-03-21T05:55:00+01:00,2026-03-21T13:25:00+01:00,420,professional,Fachkraft,83,PE 83,station
4101,Stott Birkhild,2026-03-21,6,false,83,PE 83,1113,F,early,2026-03-21T05:55:00+01:00,2026-03-21T13:25:00+01:00,420,professional,Fachkraft,83,PE 83,station
7490,Waldinger Annemargr,2026-03-21,6,false,83,PE 83,1113,F,early,2026-03-21T05:55:00+01:00,2026-03-21T13:25:00+01:00,420,professional,Fachkraft,68,PE 68,jumper_pool
1199,Connor Wanda,2026-03-21,6,false,83,PE 83,1605,S,late,2026-03-21T13:15:00+01:00,2026-03-21T21:00:00+01:00,435,professional,Fachkraft,83,PE 83,station
1218,von der Brey Tabea,2026-03-21,6,false,83,PE 83,1605,S,late,2026-03-21T13:15:00+01:00,2026-03-21T21:00:00+01:00,435,professional,Fachkraft,68,PE 68,jumper_pool
8050,Springer Emil,2026-03-21,6,false,83,PE 83,1605,S,late,2026-03-21T13:15:00+01:00,2026-03-21T21:00:00+01:00,435,professional,Fachkraft,408,PE 408,jumper_pool
1474,Renna Rotraud,2026-03-21,6,false,85,PE 85,1113,F,early,2026-03-21T05:55:00+01:00,2026-03-21T13:25:00+01:00,420,professional,Fachkraft,85,PE 85,station
4082,Dufour Dahlia,2026-03-21,6,false,85,PE 85,1113,F,early,2026-03-21T05:55:00+01:00,2026-03-21T13:25:00+01:00,420,professional,Fachkraft,85,PE 85,station
5866,Mcbrayer Siegmar,2026-03-21,6,false,85,PE 85,1113,F,early,2026-03-21T05:55:00+01:00,2026-03-21T13:25:00+01:00,420,professional,Fachkraft,85,PE 85,station
459,Shoemake Sandra,2026-03-21,6,false,85,PE 85,1605,S,late,2026-03-21T13:15:00+01:00,2026-03-21T21:00:00+01:00,435,professional,Fachkraft,85,PE 85,station
941,Mosqueda Adelina,2026-03-21,6,false,85,PE 85,1605,S,late,2026-03-21T13:15:00+01:00,2026-03-21T21:00:00+01:00,435,professional,Fachkraft,85,PE 85,station
803,Reis Richardis,2026-03-21,6,false,85,PE 85,1690,N,night,2026-03-21T20:10:00+01:00,2026-03-22T06:10:00+01:00,555,professional,Fachkraft,85,PE 85,station
1238,Zucker Helfred,2026-03-21,6,false,88,PE 88,1113,F,early,2026-03-21T05:55:00+01:00,2026-03-21T13:25:00+01:00,420,professional,Fachkraft,88,PE 88,station
5844,Türpe Wernhild,2026-03-21,6,false,88,PE 88,1113,F,early,2026-03-21T05:55:00+01:00,2026-03-21T13:25:00+01:00,420,professional,Fachkraft,68,PE 68,jumper_pool
8047,Springer Boris,2026-03-21,6,false,88,PE 88,1113,F,early,2026-03-21T05:55:00+01:00,2026-03-21T13:25:00+01:00,420,professional,Fachkraft,408,PE 408,jumper_pool
8048,Springer Cem,2026-03-21,6,false,88,PE 88,1453,Z,intermediate,2026-03-21T08:30:00+01:00,2026-03-21T14:15:00+01:00,345,professional,Fachkraft,408,PE 408,jumper_pool
1184,Pedroza Bertwalda,2026-03-21,6,false,88,PE 88,1605,S,late,2026-03-21T13:15:00+01:00,2026-03-21T21:00:00+01:00,435,professional,Fachkraft,88,PE 88,station
1231,Lary Rüdiger,2026-03-21,6,false,88,PE 88,1605,S,late,2026-03-21T13:15:00+01:00,2026-03-21T21:00:00+01:00,435,professional,Fachkraft,88,PE 88,station
6724,Vinton Gerda,2026-03-21,6,false,88,PE 88,1605,S,late,2026-03-21T13:15:00+01:00,2026-03-21T21:00:00+01:00,435,professional,Fachkraft,68,PE 68,jumper_pool
8049,Springer Dana,2026-03-21,6,false,88,PE 88,1605,S,late,2026-03-21T13:15:00+01:00,2026-03-21T21:00:00+01:00,435,professional,Fachkraft,408,PE 408,jumper_pool
835,Ciaccio Josefa,2026-03-21,6,false,337,PE 337,1113,F,early,2026-03-21T05:55:00+01:00,2026-03-21T13:25:00+01:00,420,professional,Fachkraft,68,PE 68,jumper_pool
7006,Cormier Sigrid,2026-03-21,6,false,337,PE 337,1605,S,late,2026-03-21T13:15:00+01:00,2026-03-21T21:00:00+01:00,435,professional,Fachkraft,68,PE 68,jumper_pool
7741,Tharp Sieghardt,2026-03-21,6,false,337,PE 337,1690,N,night,2026-03-21T20:10:00+01:00,2026-03-22T06:10:00+01:00,555,professional,Fachkraft,68,PE 68,jumper_pool
914,Harkins Silvia,2026-03-22,7,false,77,PE 77,1113,F,early,2026-03-22T05:55:00+01:00,2026-03-22T13:25:00+01:00,420,assistant,Hilfskraft,77,PE 77,station
928,Wunderlich Daniele,2026-03-22,7,false,77,PE 77,1113,F,early,2026-03-22T05:55:00+01:00,2026-03-22T13:25:00+01:00,420,professional,Fachkraft,77,PE 77,station
2963,Hoots Renilde,2026-03-22,7,false,77,PE 77,1113,F,early,2026-03-22T05:55:00+01:00,2026-03-22T13:25:00+01:00,420,professional,Fachkraft,77,PE 77,station
5367,Donis Henni,2026-03-22,7,false,77,PE 77,1113,F,early,2026-03-22T05:55:00+01:00,2026-03-22T13:25:00+01:00,420,assistant,Hilfskraft,77,PE 77,station
6266,Clemmer Natalie,2026-03-22,7,false,77,PE 77,1113,F,early,2026-03-22T05:55:00+01:00,2026-03-22T13:25:00+01:00,420,professional,Fachkraft,77,PE 77,station
927,Mittrach Margaritt,2026-03-22,7,false,77,PE 77,1605,S,late,2026-03-22T13:15:00+01:00,2026-03-22T21:00:00+01:00,435,assistant,Hilfskraft,77,PE 77,station
3566,Seligman Elgine,2026-03-22,7,false,77,PE 77,1605,S,late,2026-03-22T13:15:00+01:00,2026-03-22T21:00:00+01:00,435,professional,Fachkraft,77,PE 77,station
7375,Fridam Gangolf,2026-03-22,7,false,77,PE 77,1605,S,late,2026-03-22T13:15:00+01:00,2026-03-22T21:00:00+01:00,435,professional,Fachkraft,77,PE 77,station
7919,Weathers Irma,2026-03-22,7,false,77,PE 77,1605,S,late,2026-03-22T13:15:00+01:00,2026-03-22T21:00:00+01:00,435,professional,Fachkraft,77,PE 77,station
1230,Palacio Constance,2026-03-22,7,false,77,PE 77,1690,N,night,2026-03-22T20:10:00+01:00,2026-03-23T06:10:00+01:00,555,professional,Fachkraft,77,PE 77,station
6836,Valentino Trude,2026-03-22,7,false,77,PE 77,1690,N,night,2026-03-22T20:10:00+01:00,2026-03-23T06:10:00+01:00,555,professional,Fachkraft,77,PE 77,station
6995,Brooker Berna,2026-03-22,7,false,77,PE 77,1690,N,night,2026-03-22T20:10:00+01:00,2026-03-23T06:10:00+01:00,555,professional,Fachkraft,77,PE 77,station
7378,Boulware Ina,2026-03-22,7,false,77,PE 77,1690,N,night,2026-03-22T20:10:00+01:00,2026-03-23T06:10:00+01:00,555,professional,Fachkraft,77,PE 77,station
1175,Paladino Heideline,2026-03-22,7,false,78,PE 78,1113,F,early,2026-03-22T05:55:00+01:00,2026-03-22T13:25:00+01:00,420,professional,Fachkraft,78,PE 78,station
4081,Burgard Marfriede,2026-03-22,7,false,78,PE 78,1113,F,early,2026-03-22T05:55:00+01:00,2026-03-22T13:25:00+01:00,420,professional,Fachkraft,78,PE 78,station
2939,Snead Ehrentrau,2026-03-22,7,false,78,PE 78,1453,Z,intermediate,2026-03-22T08:30:00+01:00,2026-03-22T14:15:00+01:00,345,professional,Fachkraft,78,PE 78,station
1144,Dalessandro Daniela,2026-03-22,7,false,78,PE 78,1605,S,late,2026-03-22T13:15:00+01:00,2026-03-22T21:00:00+01:00,435,professional,Fachkraft,78,PE 78,station
2946,Homes Swetlana,2026-03-22,7,false,78,PE 78,1690,N,night,2026-03-22T20:10:00+01:00,2026-03-23T06:10:00+01:00,555,professional,Fachkraft,78,PE 78,station
844,Greenman Elia,2026-03-22,7,false,79,PE 79,1113,F,early,2026-03-22T05:55:00+01:00,2026-03-22T13:25:00+01:00,420,professional,Fachkraft,79,PE 79,station
4064,Scheuenstuhl Rebecca,2026-03-22,7,false,79,PE 79,1113,F,early,2026-03-22T05:55:00+01:00,2026-03-22T13:25:00+01:00,420,professional,Fachkraft,79,PE 79,station
8051,Springer Farah,2026-03-22,7,false,79,PE 79,1113,F,early,2026-03-22T05:55:00+01:00,2026-03-22T13:25:00+01:00,420,assistant,Hilfskraft,408,PE 408,jumper_pool
4158,Engel Veronica,2026-03-22,7,false,79,PE 79,1453,Z,intermediate,2026-03-22T08:30:00+01:00,2026-03-22T14:15:00+01:00,345,professional,Fachkraft,79,PE 79,station
1226,Allan Diethard,2026-03-22,7,false,79,PE 79,1605,S,late,2026-03-22T13:15:00+01:00,2026-03-22T21:00:00+01:00,435,professional,Fachkraft,79,PE 79,station
3463,Pock Godelind,2026-03-22,7,false,79,PE 79,1605,S,late,2026-03-22T13:15:00+01:00,2026-03-22T21:00:00+01:00,435,professional,Fachkraft,79,PE 79,station
1161,Varney Anuschka,2026-03-22,7,false,79,PE 79,1690,N,night,2026-03-22T20:10:00+01:00,2026-03-23T06:10:00+01:00,555,professional,Fachkraft,79,PE 79,station
7131,Mccarley Elrike,2026-03-22,7,false,79,PE 79,1690,N,night,2026-03-22T20:10:00+01:00,2026-03-23T06:10:00+01:00,555,professional,Fachkraft,79,PE 79,station
7132,Maderdonner Reinburga,2026-03-22,7,false,79,PE 79,1690,N,night,2026-03-22T20:10:00+01:00,2026-03-23T06:10:00+01:00,555,professional,Fachkraft,79,PE 79,station
1203,Nadeau Annelen,2026-03-22,7,false,83,PE 83,1113,F,early,2026-03-22T05:55:00+01:00,2026-03-22T13:25:00+01:00,420,professional,Fachkraft,83,PE 83,station
1224,Mattingly Ännchen,2026-03-22,7,false,83,PE 83,1113,F,early,2026-03-22T05:55:00+01:00,2026-03-22T13:25:00+01:00,420,professional,Fachkraft,83,PE 83,station
4101,Stott Birkhild,2026-03-22,7,false,83,PE 83,1113,F,early,2026-03-22T05:55:00+01:00,2026-03-22T13:25:00+01:00,420,professional,Fachkraft,83,PE 83,station
1199,Connor Wanda,2026-03-22,7,false,83,PE 83,1605,S,late,2026-03-22T13:15:00+01:00,2026-03-22T21:00:00+01:00,435,professional,Fachkraft,83,PE 83,station
1209,Cobbs Delia,2026-03-22,7,false,83,PE 83,1605,S,late,2026-03-22T13:15:00+01:00,2026-03-22T21:00:00+01:00,435,professional,Fachkraft,83,PE 83,station
8049,Springer Dana,2026-03-22,7,false,83,PE 83,1605,S,late,2026-03-22T13:15:00+01:00,2026-03-22T21:00:00+01:00,435,professional,Fachkraft,408,PE 408,jumper_pool
4082,Dufour Dahlia,2026-03-22,7,false,85,PE 85,1113,F,early,2026-03-22T05:55:00+01:00,2026-03-22T13:25:00+01:00,420,professional,Fachkraft,85,PE 85,station
8047,Springer Boris,2026-03-22,7,false,85,PE 85,1113,F,early,2026-03-22T05:55:00+01:00,2026-03-22T13:25:00+01:00,420,professional,Fachkraft,408,PE 408,jumper_pool
8052,Springer Greta,2026-03-22,7,false,85,PE 85,1113,F,early,2026-03-22T05:55:00+01:00,2026-03-22T13:25:00+01:00,420,trainee,Azubi,408,PE 408,jumper_pool
459,Shoemake Sandra,2026-03-22,7,false,85,PE 85,1605,S,late,2026-03-22T13:15:00+01:00,2026-03-22T21:00:00+01:00,435,professional,Fachkraft,85,PE 85,station
1474,Renna Rotraud,2026-03-22,7,false,85,PE 85,1605,S,late,2026-03-22T13:15:00+01:00,2026-03-22T21:00:00+01:00,435,professional,Fachkraft,85,PE 85,station
946,Macdowell Lidia,2026-03-22,7,false,85,PE 85,1690,N,night,2026-03-22T20:10:00+01:00,2026-03-23T06:10:00+01:00,555,professional,Fachkraft,85,PE 85,station
1238,Zucker Helfred,2026-03-22,7,false,88,PE 88,1113,F,early,2026-03-22T05:55:00+01:00,2026-03-22T13:25:00+01:00,420,professional,Fachkraft,88,PE 88,station
6318,Gamblin Uschi,2026-03-22,7,false,88,PE 88,1113,F,early,2026-03-22T05:55:00+01:00,2026-03-22T13:25:00+01:00,420,professional,Fachkraft,68,PE 68,jumper_pool
7490,Waldinger Annemargr,2026-03-22,7,false,88,PE 88,1113,F,early,2026-03-22T05:55:00+01:00,2026-03-22T13:25:00+01:00,420,professional,Fachkraft,68,PE 68,jumper_pool
8046,Springer Alina,2026-03-22,7,false,88,PE 88,1113,F,early,2026-03-22T05:55:00+01:00,2026-03-22T13:25:00+01:00,420,professional,Fachkraft,408,PE 408,jumper_pool
3642,Phinney Alheid,2026-03-22,7,false,88,PE 88,1453,Z,intermediate,2026-03-22T08:30:00+01:00,2026-03-22T14:15:00+01:00,345,professional,Fachkraft,88,PE 88,station
1184,Pedroza Bertwalda,2026-03-22,7,false,88,PE 88,1605,S,late,2026-03-22T13:15:00+01:00,2026-03-22T21:00:00+01:00,435,professional,Fachkraft,88,PE 88,station
1231,Lary Rüdiger,2026-03-22,7,false,88,PE 88,1605,S,late,2026-03-22T13:15:00+01:00,2026-03-22T21:00:00+01:00,435,professional,Fachkraft,88,PE 88,station
8050,Springer Emil,2026-03-22,7,false,88,PE 88,1605,S,late,2026-03-22T13:15:00+01:00,2026-03-22T21:00:00+01:00,435,professional,Fachkraft,408,PE 408,jumper_pool
1167,Min Friedhard,2026-03-22,7,false,337,PE 337,1113,F,early,2026-03-22T05:55:00+01:00,2026-03-22T13:25:00+01:00,420,professional,Fachkraft,337,PE 337,station
7006,Cormier Sigrid,2026-03-22,7,false,337,PE 337,1605,S,late,2026-03-22T13:15:00+01:00,2026-03-22T21:00:00+01:00,435,professional,Fachkraft,68,PE 68,jumper_pool
928,Wunderlich Daniele,2026-03-23,1,false,77,PE 77,1113,F,early,2026-03-23T05:55:00+01:00,2026-03-23T13:25:00+01:00,420,professional,Fachkraft,77,PE 77,station
5367,Donis Henni,2026-03-23,1,false,77,PE 77,1113,F,early,2026-03-23T05:55:00+01:00,2026-03-23T13:25:00+01:00,420,assistant,Hilfskraft,77,PE 77,station
6266,Clemmer Natalie,2026-03-23,1,false,77,PE 77,1113,F,early,2026-03-23T05:55:00+01:00,2026-03-23T13:25:00+01:00,420,professional,Fachkraft,77,PE 77,station
6928,Izzo Annelene,2026-03-23,1,false,77,PE 77,1113,F,early,2026-03-23T05:55:00+01:00,2026-03-23T13:25:00+01:00,420,mfa,MFA,77,PE 77,station
7496,Demarco Marcus,2026-03-23,1,false,77,PE 77,1113,F,early,2026-03-23T05:55:00+01:00,2026-03-23T13:25:00+01:00,420,professional,Fachkraft,77,PE 77,station
8051,Springer Farah,2026-03-23,1,false,77,PE 77,1113,F,early,2026-03-23T05:55:00+01:00,2026-03-23T13:25:00+01:00,420,assistant,Hilfskraft,408,PE 408,jumper_pool
6727,Lenhart Fred,2026-03-23,1,false,77,PE 77,1453,Z,intermediate,2026-03-23T08:30:00+01:00,2026-03-23T14:15:00+01:00,345,professional,Fachkraft,77,PE 77,station
790,Mccomas Adriane,2026-03-23,1,false,77,PE 77,1605,S,late,2026-03-23T13:15:00+01:00,2026-03-23T21:00:00+01:00,435,assistant,Hilfskraft,77,PE 77,station
917,Catoe Ingbert,2026-03-23,1,false,77,PE 77,1605,S,late,2026-03-23T13:15:00+01:00,2026-03-23T21:00:00+01:00,435,professional,Fachkraft,77,PE 77,station
927,Mittrach Margaritt,2026-03-23,1,false,77,PE 77,1605,S,late,2026-03-23T13:15:00+01:00,2026-03-23T21:00:00+01:00,435,assistant,Hilfskraft,77,PE 77,station
7028,Cranmer Gretlies,2026-03-23,1,false,77,PE 77,1605,S,late,2026-03-23T13:15:00+01:00,2026-03-23T21:00:00+01:00,435,professional,Fachkraft,77,PE 77,station
7375,Fridam Gangolf,2026-03-23,1,false,77,PE 77,1605,S,late,2026-03-23T13:15:00+01:00,2026-03-23T21:00:00+01:00,435,professional,Fachkraft,77,PE 77,station
7603,Roberson Ludger,2026-03-23,1,false,77,PE 77,1605,S,late,2026-03-23T13:15:00+01:00,2026-03-23T21:00:00+01:00,435,professional,Fachkraft,77,PE 77,station
1229,Onofre Mandy,2026-03-23,1,false,77,PE 77,1690,N,night,2026-03-23T20:10:00+01:00,2026-03-24T06:10:00+01:00,555,professional,Fachkraft,77,PE 77,station
1230,Palacio Constance,2026-03-23,1,false,77,PE 77,1690,N,night,2026-03-23T20:10:00+01:00,2026-03-24T06:10:00+01:00,555,professional,Fachkraft,77,PE 77,station
3566,Seligman Elgine,2026-03-23,1,false,77,PE 77,1690,N,night,2026-03-23T20:10:00+01:00,2026-03-24T06:10:00+01:00,555,professional,Fachkraft,77,PE 77,station
6836,Valentino Trude,2026-03-23,1,false,77,PE 77,1690,N,night,2026-03-23T20:10:00+01:00,2026-03-24T06:10:00+01:00,555,professional,Fachkraft,77,PE 77,station
6995,Brooker Berna,2026-03-23,1,false,77,PE 77,1690,N,night,2026-03-23T20:10:00+01:00,2026-03-24T06:10:00+01:00,555,professional,Fachkraft,77,PE 77,station
7378,Boulware Ina,2026-03-23,1,false,77,PE 77,1690,N,night,2026-03-23T20:10:00+01:00,2026-03-24T06:10:00+01:00,555,professional,Fachkraft,77,PE 77,station
843,Flanagan Mirjam,2026-03-23,1,false,78,PE 78,1113,F,early,2026-03-23T05:55:00+01:00,2026-03-23T13:25:00+01:00,420,assistant,Hilfskraft,68,PE 68,jumper_pool
1175,Paladino Heideline,2026-03-23,1,false,78,PE 78,1113,F,early,2026-03-23T05:55:00+01:00,2026-03-23T13:25:00+01:00,420,professional,Fachkraft,78,PE 78,station
1144,Dalessandro Daniela,2026-03-23,1,false,78,PE 78,1605,S,late,2026-03-23T13:15:00+01:00,2026-03-23T21:00:00+01:00,435,professional,Fachkraft,78,PE 78,station
2939,Snead Ehrentrau,2026-03-23,1,false,78,PE 78,1605,S,late,2026-03-23T13:15:00+01:00,2026-03-23T21:00:00+01:00,435,professional,Fachkraft,78,PE 78,station
4073,Przybylski Ingemarie,2026-03-23,1,false,78,PE 78,1605,S,late,2026-03-23T13:15:00+01:00,2026-03-23T21:00:00+01:00,435,professional,Fachkraft,78,PE 78,station
2946,Homes Swetlana,2026-03-23,1,false,78,PE 78,1690,N,night,2026-03-23T20:10:00+01:00,2026-03-24T06:10:00+01:00,555,professional,Fachkraft,78,PE 78,station
1138,Kunkel Annehild,2026-03-23,1,false,79,PE 79,1113,F,early,2026-03-23T05:55:00+01:00,2026-03-23T13:25:00+01:00,420,professional,Fachkraft,79,PE 79,station
5318,Poindexter Rhiane,2026-03-23,1,false,79,PE 79,1113,F,early,2026-03-23T05:55:00+01:00,2026-03-23T13:25:00+01:00,420,assistant,Hilfskraft,79,PE 79,station
6330,Grotian Dorle,2026-03-23,1,false,79,PE 79,1113,F,early,2026-03-23T05:55:00+01:00,2026-03-23T13:25:00+01:00,420,professional,Fachkraft,79,PE 79,station
7207,Roark Aloisia,2026-03-23,1,false,79,PE 79,1113,F,early,2026-03-23T05:55:00+01:00,2026-03-23T13:25:00+01:00,420,professional,Fachkraft,79,PE 79,station
844,Greenman Elia,2026-03-23,1,false,79,PE 79,1453,Z,intermediate,2026-03-23T08:30:00+01:00,2026-03-23T14:15:00+01:00,345,professional,Fachkraft,79,PE 79,station
4158,Engel Veronica,2026-03-23,1,false,79,PE 79,1453,Z,intermediate,2026-03-23T08:30:00+01:00,2026-03-23T14:15:00+01:00,345,professional,Fachkraft,79,PE 79,station
5002,Britt Ingerose,2026-03-23,1,false,79,PE 79,1453,Z,intermediate,2026-03-23T08:30:00+01:00,2026-03-23T14:15:00+01:00,345,professional,Fachkraft,79,PE 79,station
1143,Dames Margareth,2026-03-23,1,false,79,PE 79,1605,S,late,2026-03-23T13:15:00+01:00,2026-03-23T21:00:00+01:00,435,professional,Fachkraft,79,PE 79,station
1226,Allan Diethard,2026-03-23,1,false,79,PE 79,1605,S,late,2026-03-23T13:15:00+01:00,2026-03-23T21:00:00+01:00,435,professional,Fachkraft,79,PE 79,station
3463,Pock Godelind,2026-03-23,1,false,79,PE 79,1605,S,late,2026-03-23T13:15:00+01:00,2026-03-23T21:00:00+01:00,435,professional,Fachkraft,79,PE 79,station
7131,Mccarley Elrike,2026-03-23,1,false,79,PE 79,1690,N,night,2026-03-23T20:10:00+01:00,2026-03-24T06:10:00+01:00,555,professional,Fachkraft,79,PE 79,station
7132,Maderdonner Reinburga,2026-03-23,1,false,79,PE 79,1690,N,night,2026-03-23T20:10:00+01:00,2026-03-24T06:10:00+01:00,555,professional,Fachkraft,79,PE 79,station
1203,Nadeau Annelen,2026-03-23,1,false,83,PE 83,1113,F,early,2026-03-23T05:55:00+01:00,2026-03-23T13:25:00+01:00,420,professional,Fachkraft,83,PE 83,station
1224,Mattingly Ännchen,2026-03-23,1,false,83,PE 83,1113,F,early,2026-03-23T05:55:00+01:00,2026-03-23T13:25:00+01:00,420,professional,Fachkraft,83,PE 83,station
4083,Drumm Wiegand,2026-03-23,1,false,83,PE 83,1113,F,early,2026-03-23T05:55:00+01:00,2026-03-23T13:25:00+01:00,420,professional,Fachkraft,83,PE 83,station
7490,Waldinger Annemargr,2026-03-23,1,false,83,PE 83,1113,F,early,2026-03-23T05:55:00+01:00,2026-03-23T13:25:00+01:00,420,professional,Fachkraft,68,PE 68,jumper_pool
1199,Connor Wanda,2026-03-23,1,false,83,PE 83,1605,S,late,2026-03-23T13:15:00+01:00,2026-03-23T21:00:00+01:00,435,professional,Fachkraft,83,PE 83,station
1200,Stice Ingunde,2026-03-23,1,false,83,PE 83,1605,S,late,2026-03-23T13:15:00+01:00,2026-03-23T21:00:00+01:00,435,professional,Fachkraft,83,PE 83,station
1209,Cobbs Delia,2026-03-23,1,false,83,PE 83,1605,S,late,2026-03-23T13:15:00+01:00,2026-03-23T21:00:00+01:00,435,professional,Fachkraft,83,PE 83,station
5866,Mcbrayer Siegmar,2026-03-23,1,false,85,PE 85,1113,F,early,2026-03-23T05:55:00+01:00,2026-03-23T13:25:00+01:00,420,professional,Fachkraft,85,PE 85,station
5920,Carreras Augustin,2026-03-23,1,false,85,PE 85,1113,F,early,2026-03-23T05:55:00+01:00,2026-03-23T13:25:00+01:00,420,professional,Fachkraft,85,PE 85,station
6773,Liddell Wiebke,2026-03-23,1,false,85,PE 85,1113,F,early,2026-03-23T05:55:00+01:00,2026-03-23T13:25:00+01:00,420,assistant,Hilfskraft,85,PE 85,station
1474,Renna Rotraud,2026-03-23,1,false,85,PE 85,1453,Z,intermediate,2026-03-23T08:30:00+01:00,2026-03-23T14:15:00+01:00,345,professional,Fachkraft,85,PE 85,station
941,Mosqueda Adelina,2026-03-23,1,false,85,PE 85,1605,S,late,2026-03-23T13:15:00+01:00,2026-03-23T21:00:00+01:00,435,professional,Fachkraft,85,PE 85,station
4082,Dufour Dahlia,2026-03-23,1,false,85,PE 85,1605,S,late,2026-03-23T13:15:00+01:00,2026-03-23T21:00:00+01:00,435,professional,Fachkraft,85,PE 85,station
946,Macdowell Lidia,2026-03-23,1,false,85,PE 85,1690,N,night,2026-03-23T20:10:00+01:00,2026-03-24T06:10:00+01:00,555,professional,Fachkraft,85,PE 85,station
5844,Türpe Wernhild,2026-03-23,1,false,88,PE 88,1113,F,early,2026-03-23T05:55:00+01:00,2026-03-23T13:25:00+01:00,420,professional,Fachkraft,68,PE 68,jumper_pool
6318,Gamblin Uschi,2026-03-23,1,false,88,PE 88,1113,F,early,2026-03-23T05:55:00+01:00,2026-03-23T13:25:00+01:00,420,professional,Fachkraft,68,PE 68,jumper_pool
8046,Springer Alina,2026-03-23,1,false,88,PE 88,1113,F,early,2026-03-23T05:55:00+01:00,2026-03-23T13:25:00+01:00,420,professional,Fachkraft,408,PE 408,jumper_pool
8047,Springer Boris,2026-03-23,1,false,88,PE 88,1113,F,early,2026-03-23T05:55:00+01:00,2026-03-23T13:25:00+01:00,420,professional,Fachkraft,408,PE 408,jumper_pool
8048,Springer Cem,2026-03-23,1,false,88,PE 88,1113,F,early,2026-03-23T05:55:00+01:00,2026-03-23T13:25:00+01:00,420,professional,Fachkraft,408,PE 408,jumper_pool
1184,Pedroza Bertwalda,2026-03-23,1,false,88,PE 88,1605,S,late,2026-03-23T13:15:00+01:00,2026-03-23T21:00:00+01:00,435,professional,Fachkraft,88,PE 88,station
1191,Anoch Theobald,2026-03-23,1,false,88,PE 88,1605,S,late,2026-03-23T13:15:00+01:00,2026-03-23T21:00:00+01:00,435,professional,Fachkraft,88,PE 88,station
1231,Lary Rüdiger,2026-03-23,1,false,88,PE 88,1605,S,late,2026-03-23T13:15:00+01:00,2026-03-23T21:00:00+01:00,435,professional,Fachkraft,88,PE 88,station
3642,Phinney Alheid,2026-03-23,1,false,88,PE 88,1605,S,late,2026-03-23T13:15:00+01:00,2026-03-23T21:00:00+01:00,435,professional,Fachkraft,88,PE 88,station
8050,Springer Emil,2026-03-23,1,false,88,PE 88,1605,S,late,2026-03-23T13:15:00+01:00,2026-03-23T21:00:00+01:00,435,professional,Fachkraft,408,PE 408,jumper_pool
1167,Min Friedhard,2026-03-23,1,false,337,PE 337,1113,F,early,2026-03-23T05:55:00+01:00,2026-03-23T13:25:00+01:00,420,professional,Fachkraft,337,PE 337,station
8052,Springer Greta,2026-03-23,1,false,337,PE 337,1113,F,early,2026-03-23T05:55:00+01:00,2026-03-23T13:25:00+01:00,420,trainee,Azubi,408,PE 408,jumper_pool
7006,Cormier Sigrid,2026-03-23,1,false,337,PE 337,1605,S,late,2026-03-23T13:15:00+01:00,2026-03-23T21:00:00+01:00,435,professional,Fachkraft,68,PE 68,jumper_pool
6259,Trovato Annette,2026-03-23,1,false,337,PE 337,1690,N,night,2026-03-23T20:10:00+01:00,2026-03-24T06:10:00+01:00,555,professional,Fachkraft,68,PE 68,jumper_pool
914,Harkins Silvia,2026-03-24,2,false,77,PE 77,1113,F,early,2026-03-24T05:55:00+01:00,2026-03-24T13:25:00+01:00,420,assistant,Hilfskraft,77,PE 77,station
924,Merriweather Bärbl,2026-03-24,2,false,77,PE 77,1113,F,early,2026-03-24T05:55:00+01:00,2026-03-24T13:25:00+01:00,420,professional,Fachkraft,77,PE 77,station
2932,Devers Kersten,2026-03-24,2,false,77,PE 77,1113,F,early,2026-03-24T05:55:00+01:00,2026-03-24T13:25:00+01:00,420,professional,Fachkraft,77,PE 77,station
6928,Izzo Annelene,2026-03-24,2,false,77,PE 77,1113,F,early,2026-03-24T05:55:00+01:00,2026-03-24T13:25:00+01:00,420,mfa,MFA,77,PE 77,station
7496,Demarco Marcus,2026-03-24,2,false,77,PE 77,1113,F,early,2026-03-24T05:55:00+01:00,2026-03-24T13:25:00+01:00,420,professional,Fachkraft,77,PE 77,station
8051,Springer Farah,2026-03-24,2,false,77,PE 77,1113,F,early,2026-03-24T05:55:00+01:00,2026-03-24T13:25:00+01:00,420,assistant,Hilfskraft,408,PE 408,jumper_pool
791,Branz Janett,2026-03-24,2,false,77,PE 77,1453,Z,intermediate,2026-03-24T08:30:00+01:00,2026-03-24T14:15:00+01:00,345,professional,Fachkraft,77,PE 77,station
7028,Cranmer Gretlies,2026-03-24,2,false,77,PE 77,1453,Z,intermediate,2026-03-24T08:30:00+01:00,2026-03-24T14:15:00+01:00,345,professional,Fachkraft,77,PE 77,station
7124,Pirkle Xaver,2026-03-24,2,false,77,PE 77,1453,Z,intermediate,2026-03-24T08:30:00+01:00,2026-03-24T14:15:00+01:00,345,professional,Fachkraft,77,PE 77,station
7919,Weathers Irma,2026-03-24,2,false,77,PE 77,1453,Z,intermediate,2026-03-24T08:30:00+01:00,2026-03-24T14:15:00+01:00,345,professional,Fachkraft,77,PE 77,station
790,Mccomas Adriane,2026-03-24,2,false,77,PE 77,1605,S,late,2026-03-24T13:15:00+01:00,2026-03-24T21:00:00+01:00,435,assistant,Hilfskraft,77,PE 77,station
917,Catoe Ingbert,2026-03-24,2,false,77,PE 77,1605,S,late,2026-03-24T13:15:00+01:00,2026-03-24T21:00:00+01:00,435,professional,Fachkraft,77,PE 77,station
927,Mittrach Margaritt,2026-03-24,2,false,77,PE 77,1605,S,late,2026-03-24T13:15:00+01:00,2026-03-24T21:00:00+01:00,435,assistant,Hilfskraft,77,PE 77,station
7375,Fridam Gangolf,2026-03-24,2,false,77,PE 77,1605,S,late,2026-03-24T13:15:00+01:00,2026-03-24T21:00:00+01:00,435,professional,Fachkraft,77,PE 77,station
7603,Roberson Ludger,2026-03-24,2,false,77,PE 77,1605,S,late,2026-03-24T13:15:00+01:00,2026-03-24T21:00:00+01:00,435,professional,Fachkraft,77,PE 77,station
1229,Onofre Mandy,2026-03-24,2,false,77,PE 77,1690,N,night,2026-03-24T20:10:00+01:00,2026-03-25T06:10:00+01:00,555,professional,Fachkraft,77,PE 77,station
1230,Palacio Constance,2026-03-24,2,false,77,PE 77,1690,N,night,2026-03-24T20:10:00+01:00,2026-03-25T06:10:00+01:00,555,professional,Fachkraft,77,PE 77,station
2963,Hoots Renilde,2026-03-24,2,false,77,PE 77,1690,N,night,2026-03-24T20:10:00+01:00,2026-03-25T06:10:00+01:00,555,professional,Fachkraft,77,PE 77,station
6727,Lenhart Fred,2026-03-24,2,false,77,PE 77,1690,N,night,2026-03-24T20:10:00+01:00,2026-03-25T06:10:00+01:00,555,professional,Fachkraft,77,PE 77,station
6995,Brooker Berna,2026-03-24,2,false,77,PE 77,1690,N,night,2026-03-24T20:10:00+01:00,2026-03-25T06:10:00+01:00,555,professional,Fachkraft,77,PE 77,station
7378,Boulware Ina,2026-03-24,2,false,77,PE 77,1690,N,night,2026-03-24T20:10:00+01:00,2026-03-25T06:10:00+01:00,555,professional,Fachkraft,77,PE 77,station
839,Säuffert Liselotte,2026-03-24,2,false,78,PE 78,1113,F,early,2026-03-24T05:55:00+01:00,2026-03-24T13:25:00+01:00,420,assistant,Hilfskraft,68,PE 68,jumper_pool
1175,Paladino Heideline,2026-03-24,2,false,78,PE 78,1113,F,early,2026-03-24T05:55:00+01:00,2026-03-24T13:25:00+01:00,420,professional,Fachkraft,78,PE 78,station
4073,Przybylski Ingemarie,2026-03-24,2,false,78,PE 78,1453,Z,intermediate,2026-03-24T08:30:00+01:00,2026-03-24T14:15:00+01:00,345,professional,Fachkraft,78,PE 78,station
1144,Dalessandro Daniela,2026-03-24,2,false,78,PE 78,1605,S,late,2026-03-24T13:15:00+01:00,2026-03-24T21:00:00+01:00,435,professional,Fachkraft,78,PE 78,station
2939,Snead Ehrentrau,2026-03-24,2,false,78,PE 78,1605,S,late,2026-03-24T13:15:00+01:00,2026-03-24T21:00:00+01:00,435,professional,Fachkraft,78,PE 78,station
4081,Burgard Marfriede,2026-03-24,2,false,78,PE 78,1605,S,late,2026-03-24T13:15:00+01:00,2026-03-24T21:00:00+01:00,435,professional,Fachkraft,78,PE 78,station
4100,Storck Leonore,2026-03-24,2,false,78,PE 78,1605,S,late,2026-03-24T13:15:00+01:00,2026-03-24T21:00:00+01:00,435,professional,Fachkraft,78,PE 78,station
1147,Czerwinski Pauline,2026-03-24,2,false,78,PE 78,1690,N,night,2026-03-24T20:10:00+01:00,2026-03-25T06:10:00+01:00,555,professional,Fachkraft,78,PE 78,station
2946,Homes Swetlana,2026-03-24,2,false,78,PE 78,1690,N,night,2026-03-24T20:10:00+01:00,2026-03-25T06:10:00+01:00,555,professional,Fachkraft,78,PE 78,station
1138,Kunkel Annehild,2026-03-24,2,false,79,PE 79,1113,F,early,2026-03-24T05:55:00+01:00,2026-03-24T13:25:00+01:00,420,professional,Fachkraft,79,PE 79,station
5318,Poindexter Rhiane,2026-03-24,2,false,79,PE 79,1113,F,early,2026-03-24T05:55:00+01:00,2026-03-24T13:25:00+01:00,420,assistant,Hilfskraft,79,PE 79,station
6330,Grotian Dorle,2026-03-24,2,false,79,PE 79,1113,F,early,2026-03-24T05:55:00+01:00,2026-03-24T13:25:00+01:00,420,professional,Fachkraft,79,PE 79,station
7207,Roark Aloisia,2026-03-24,2,false,79,PE 79,1113,F,early,2026-03-24T05:55:00+01:00,2026-03-24T13:25:00+01:00,420,professional,Fachkraft,79,PE 79,station
4064,Scheuenstuhl Rebecca,2026-03-24,2,false,79,PE 79,1453,Z,intermediate,2026-03-24T08:30:00+01:00,2026-03-24T14:15:00+01:00,345,professional,Fachkraft,79,PE 79,station
4158,Engel Veronica,2026-03-24,2,false,79,PE 79,1453,Z,intermediate,2026-03-24T08:30:00+01:00,2026-03-24T14:15:00+01:00,345,professional,Fachkraft,79,PE 79,station
1143,Dames Margareth,2026-03-24,2,false,79,PE 79,1605,S,late,2026-03-24T13:15:00+01:00,2026-03-24T21:00:00+01:00,435,professional,Fachkraft,79,PE 79,station
1226,Allan Diethard,2026-03-24,2,false,79,PE 79,1605,S,late,2026-03-24T13:15:00+01:00,2026-03-24T21:00:00+01:00,435,professional,Fachkraft,79,PE 79,station
3463,Pock Godelind,2026-03-24,2,false,79,PE 79,1605,S,late,2026-03-24T13:15:00+01:00,2026-03-24T21:00:00+01:00,435,professional,Fachkraft,79,PE 79,station
844,Greenman Elia,2026-03-24,2,false,79,PE 79,1690,N,night,2026-03-24T20:10:00+01:00,2026-03-25T06:10:00+01:00,555,professional,Fachkraft,79,PE 79,station
5002,Britt Ingerose,2026-03-24,2,false,79,PE 79,1690,N,night,2026-03-24T20:10:00+01:00,2026-03-25T06:10:00+01:00,555,professional,Fachkraft,79,PE 79,station
1203,Nadeau Annelen,2026-03-24,2,false,83,PE 83,1113,F,early,2026-03-24T05:55:00+01:00,2026-03-24T13:25:00+01:00,420,professional,Fachkraft,83,PE 83,station
1224,Mattingly Ännchen,2026-03-24,2,false,83,PE 83,1113,F,early,2026-03-24T05:55:00+01:00,2026-03-24T13:25:00+01:00,420,professional,Fachkraft,83,PE 83,station
4083,Drumm Wiegand,2026-03-24,2,false,83,PE 83,1113,F,early,2026-03-24T05:55:00+01:00,2026-03-24T13:25:00+01:00,420,professional,Fachkraft,83,PE 83,station
4101,Stott Birkhild,2026-03-24,2,false,83,PE 83,1113,F,early,2026-03-24T05:55:00+01:00,2026-03-24T13:25:00+01:00,420,professional,Fachkraft,83,PE 83,station
1199,Connor Wanda,2026-03-24,2,false,83,PE 83,1605,S,late,2026-03-24T13:15:00+01:00,2026-03-24T21:00:00+01:00,435,professional,Fachkraft,83,PE 83,station
1200,Stice Ingunde,2026-03-24,2,false,83,PE 83,1605,S,late,2026-03-24T13:15:00+01:00,2026-03-24T21:00:00+01:00,435,professional,Fachkraft,83,PE 83,station
1209,Cobbs Delia,2026-03-24,2,false,83,PE 83,1605,S,late,2026-03-24T13:15:00+01:00,2026-03-24T21:00:00+01:00,435,professional,Fachkraft,83,PE 83,station
5866,Mcbrayer Siegmar,2026-03-24,2,false,85,PE 85,1113,F,early,2026-03-24T05:55:00+01:00,2026-03-24T13:25:00+01:00,420,professional,Fachkraft,85,PE 85,station
5920,Carreras Augustin,2026-03-24,2,false,85,PE 85,1113,F,early,2026-03-24T05:55:00+01:00,2026-03-24T13:25:00+01:00,420,professional,Fachkraft,85,PE 85,station
6773,Liddell Wiebke,2026-03-24,2,false,85,PE 85,1113,F,early,2026-03-24T05:55:00+01:00,2026-03-24T13:25:00+01:00,420,assistant,Hilfskraft,85,PE 85,station
8052,Springer Greta,2026-03-24,2,false,85,PE 85,1113,F,early,2026-03-24T05:55:00+01:00,2026-03-24T13:25:00+01:00,420,trainee,Azubi,408,PE 408,jumper_pool
459,Shoemake Sandra,2026-03-24,2,false,85,PE 85,1453,Z,intermediate,2026-03-24T08:30:00+01:00,2026-03-24T14:15:00+01:00,345,professional,Fachkraft,85,PE 85,station
843,Flanagan Mirjam,2026-03-24,2,false,85,PE 85,1453,Z,intermediate,2026-03-24T08:30:00+01:00,2026-03-24T14:15:00+01:00,345,assistant,Hilfskraft,68,PE 68,jumper_pool
803,Reis Richardis,2026-03-24,2,false,85,PE 85,1605,S,late,2026-03-24T13:15:00+01:00,2026-03-24T21:00:00+01:00,435,professional,Fachkraft,85,PE 85,station
941,Mosqueda Adelina,2026-03-24,2,false,85,PE 85,1605,S,late,2026-03-24T13:15:00+01:00,2026-03-24T21:00:00+01:00,435,professional,Fachkraft,85,PE 85,station
4082,Dufour Dahlia,2026-03-24,2,false,85,PE 85,1690,N,night,2026-03-24T20:10:00+01:00,2026-03-25T06:10:00+01:00,555,professional,Fachkraft,85,PE 85,station
1238,Zucker Helfred,2026-03-24,2,false,88,PE 88,1113,F,early,2026-03-24T05:55:00+01:00,2026-03-24T13:25:00+01:00,420,professional,Fachkraft,88,PE 88,station
5844,Türpe Wernhild,2026-03-24,2,false,88,PE 88,1113,F,early,2026-03-24T05:55:00+01:00,2026-03-24T13:25:00+01:00,420,professional,Fachkraft,68,PE 68,jumper_pool
6318,Gamblin Uschi,2026-03-24,2,false,88,PE 88,1113,F,early,2026-03-24T05:55:00+01:00,2026-03-24T13:25:00+01:00,420,professional,Fachkraft,68,PE 68,jumper_pool
7490,Waldinger Annemargr,2026-03-24,2,false,88,PE 88,1113,F,early,2026-03-24T05:55:00+01:00,2026-03-24T13:25:00+01:00,420,professional,Fachkraft,68,PE 68,jumper_pool
8047,Springer Boris,2026-03-24,2,false,88,PE 88,1113,F,early,2026-03-24T05:55:00+01:00,2026-03-24T13:25:00+01:00,420,professional,Fachkraft,408,PE 408,jumper_pool
1184,Pedroza Bertwalda,2026-03-24,2,false,88,PE 88,1605,S,late,2026-03-24T13:15:00+01:00,2026-03-24T21:00:00+01:00,435,professional,Fachkraft,88,PE 88,station
1191,Anoch Theobald,2026-03-24,2,false,88,PE 88,1605,S,late,2026-03-24T13:15:00+01:00,2026-03-24T21:00:00+01:00,435,professional,Fachkraft,88,PE 88,station
1218,von der Brey Tabea,2026-03-24,2,false,88,PE 88,1605,S,late,2026-03-24T13:15:00+01:00,2026-03-24T21:00:00+01:00,435,professional,Fachkraft,68,PE 68,jumper_pool
3642,Phinney Alheid,2026-03-24,2,false,88,PE 88,1605,S,late,2026-03-24T13:15:00+01:00,2026-03-24T21:00:00+01:00,435,professional,Fachkraft,88,PE 88,station
8048,Springer Cem,2026-03-24,2,false,337,PE 337,1113,F,early,2026-03-24T05:55:00+01:00,2026-03-24T13:25:00+01:00,420,professional,Fachkraft,408,PE 408,jumper_pool
8046,Springer Alina,2026-03-24,2,false,337,PE 337,1605,S,late,2026-03-24T13:15:00+01:00,2026-03-24T21:00:00+01:00,435,professional,Fachkraft,408,PE 408,jumper_pool
791,Branz Janett,2026-03-25,3,false,77,PE 77,1113,F,early,2026-03-25T05:55:00+01:00,2026-03-25T13:25:00+01:00,420,professional,Fachkraft,77,PE 77,station
914,Harkins Silvia,2026-03-25,3,false,77,PE 77,1113,F,early,2026-03-25T05:55:00+01:00,2026-03-25T13:25:00+01:00,420,assistant,Hilfskraft,77,PE 77,station
2932,Devers Kersten,2026-03-25,3,false,77,PE 77,1113,F,early,2026-03-25T05:55:00+01:00,2026-03-25T13:25:00+01:00,420,professional,Fachkraft,77,PE 77,station
5367,Donis Henni,2026-03-25,3,false,77,PE 77,1113,F,early,2026-03-25T05:55:00+01:00,2026-03-25T13:25:00+01:00,420,assistant,Hilfskraft,77,PE 77,station
6928,Izzo Annelene,2026-03-25,3,false,77,PE 77,1113,F,early,2026-03-25T05:55:00+01:00,2026-03-25T13:25:00+01:00,420,mfa,MFA,77,PE 77,station
7496,Demarco Marcus,2026-03-25,3,false,77,PE 77,1113,F,early,2026-03-25T05:55:00+01:00,2026-03-25T13:25:00+01:00,420,professional,Fachkraft,77,PE 77,station
7124,Pirkle Xaver,2026-03-25,3,false,77,PE 77,1453,Z,intermediate,2026-03-25T08:30:00+01:00,2026-03-25T14:15:00+01:00,345,professional,Fachkraft,77,PE 77,station
790,Mccomas Adriane,2026-03-25,3,false,77,PE 77,1605,S,late,2026-03-25T13:15:00+01:00,2026-03-25T21:00:00+01:00,435,assistant,Hilfskraft,77,PE 77,station
917,Catoe Ingbert,2026-03-25,3,false,77,PE 77,1605,S,late,2026-03-25T13:15:00+01:00,2026-03-25T21:00:00+01:00,435,professional,Fachkraft,77,PE 77,station
924,Merriweather Bärbl,2026-03-25,3,false,77,PE 77,1605,S,late,2026-03-25T13:15:00+01:00,2026-03-25T21:00:00+01:00,435,professional,Fachkraft,77,PE 77,station
927,Mittrach Margaritt,2026-03-25,3,false,77,PE 77,1605,S,late,2026-03-25T13:15:00+01:00,2026-03-25T21:00:00+01:00,435,assistant,Hilfskraft,77,PE 77,station
6266,Clemmer Natalie,2026-03-25,3,false,77,PE 77,1605,S,late,2026-03-25T13:15:00+01:00,2026-03-25T21:00:00+01:00,435,professional,Fachkraft,77,PE 77,station
7375,Fridam Gangolf,2026-03-25,3,false,77,PE 77,1605,S,late,2026-03-25T13:15:00+01:00,2026-03-25T21:00:00+01:00,435,professional,Fachkraft,77,PE 77,station
7603,Roberson Ludger,2026-03-25,3,false,77,PE 77,1605,S,late,2026-03-25T13:15:00+01:00,2026-03-25T21:00:00+01:00,435,professional,Fachkraft,77,PE 77,station
1229,Onofre Mandy,2026-03-25,3,false,77,PE 77,1690,N,night,2026-03-25T20:10:00+01:00,2026-03-26T06:10:00+01:00,555,professional,Fachkraft,77,PE 77,station
2963,Hoots Renilde,2026-03-25,3,false,77,PE 77,1690,N,night,2026-03-25T20:10:00+01:00,2026-03-26T06:10:00+01:00,555,professional,Fachkraft,77,PE 77,station
6727,Lenhart Fred,2026-03-25,3,false,77,PE 77,1690,N,night,2026-03-25T20:10:00+01:00,2026-03-26T06:10:00+01:00,555,professional,Fachkraft,77,PE 77,station
7028,Cranmer Gretlies,2026-03-25,3,false,77,PE 77,1690,N,night,2026-03-25T20:10:00+01:00,2026-03-26T06:10:00+01:00,555,professional,Fachkraft,77,PE 77,station
7919,Weathers Irma,2026-03-25,3,false,77,PE 77,1690,N,night,2026-03-25T20:10:00+01:00,2026-03-26T06:10:00+01:00,555,professional,Fachkraft,77,PE 77,station
839,Säuffert Liselotte,2026-03-25,3,false,78,PE 78,1113,F,early,2026-03-25T05:55:00+01:00,2026-03-25T13:25:00+01:00,420,assistant,Hilfskraft,68,PE 68,jumper_pool
1175,Paladino Heideline,2026-03-25,3,false,78,PE 78,1113,F,early,2026-03-25T05:55:00+01:00,2026-03-25T13:25:00+01:00,420,professional,Fachkraft,78,PE 78,station
1144,Dalessandro Daniela,2026-03-25,3,false,78,PE 78,1453,Z,intermediate,2026-03-25T08:30:00+01:00,2026-03-25T14:15:00+01:00,345,professional,Fachkraft,78,PE 78,station
2939,Snead Ehrentrau,2026-03-25,3,false,78,PE 78,1453,Z,intermediate,2026-03-25T08:30:00+01:00,2026-03-25T14:15:00+01:00,345,professional,Fachkraft,78,PE 78,station
4073,Przybylski Ingemarie,2026-03-25,3,false,78,PE 78,1605,S,late,2026-03-25T13:15:00+01:00,2026-03-25T21:00:00+01:00,435,professional,Fachkraft,78,PE 78,station
4100,Storck Leonore,2026-03-25,3,false,78,PE 78,1605,S,late,2026-03-25T13:15:00+01:00,2026-03-25T21:00:00+01:00,435,professional,Fachkraft,78,PE 78,station
1147,Czerwinski Pauline,2026-03-25,3,false,78,PE 78,1690,N,night,2026-03-25T20:10:00+01:00,2026-03-26T06:10:00+01:00,555,professional,Fachkraft,78,PE 78,station
4081,Burgard Marfriede,2026-03-25,3,false,78,PE 78,1690,N,night,2026-03-25T20:10:00+01:00,2026-03-26T06:10:00+01:00,555,professional,Fachkraft,78,PE 78,station
1138,Kunkel Annehild,2026-03-25,3,false,79,PE 79,1113,F,early,2026-03-25T05:55:00+01:00,2026-03-25T13:25:00+01:00,420,professional,Fachkraft,79,PE 79,station
4064,Scheuenstuhl Rebecca,2026-03-25,3,false,79,PE 79,1113,F,early,2026-03-25T05:55:00+01:00,2026-03-25T13:25:00+01:00,420,professional,Fachkraft,79,PE 79,station
4158,Engel Veronica,2026-03-25,3,false,79,PE 79,1113,F,early,2026-03-25T05:55:00+01:00,2026-03-25T13:25:00+01:00,420,professional,Fachkraft,79,PE 79,station
5318,Poindexter Rhiane,2026-03-25,3,false,79,PE 79,1113,F,early,2026-03-25T05:55:00+01:00,2026-03-25T13:25:00+01:00,420,assistant,Hilfskraft,79,PE 79,station
7207,Roark Aloisia,2026-03-25,3,false,79,PE 79,1453,Z,intermediate,2026-03-25T08:30:00+01:00,2026-03-25T14:15:00+01:00,345,professional,Fachkraft,79,PE 79,station
1143,Dames Margareth,2026-03-25,3,false,79,PE 79,1605,S,late,2026-03-25T13:15:00+01:00,2026-03-25T21:00:00+01:00,435,professional,Fachkraft,79,PE 79,station
1150,Domingue Frowine,2026-03-25,3,false,79,PE 79,1605,S,late,2026-03-25T13:15:00+01:00,2026-03-25T21:00:00+01:00,435,professional,Fachkraft,79,PE 79,station
3463,Pock Godelind,2026-03-25,3,false,79,PE 79,1605,S,late,2026-03-25T13:15:00+01:00,2026-03-25T21:00:00+01:00,435,professional,Fachkraft,79,PE 79,station
1161,Varney Anuschka,2026-03-25,3,false,79,PE 79,1690,N,night,2026-03-25T20:10:00+01:00,2026-03-26T06:10:00+01:00,555,professional,Fachkraft,79,PE 79,station
5002,Britt Ingerose,2026-03-25,3,false,79,PE 79,1690,N,night,2026-03-25T20:10:00+01:00,2026-03-26T06:10:00+01:00,555,professional,Fachkraft,79,PE 79,station
1203,Nadeau Annelen,2026-03-25,3,false,83,PE 83,1113,F,early,2026-03-25T05:55:00+01:00,2026-03-25T13:25:00+01:00,420,professional,Fachkraft,83,PE 83,station
1224,Mattingly Ännchen,2026-03-25,3,false,83,PE 83,1113,F,early,2026-03-25T05:55:00+01:00,2026-03-25T13:25:00+01:00,420,professional,Fachkraft,83,PE 83,station
5844,Türpe Wernhild,2026-03-25,3,false,83,PE 83,1113,F,early,2026-03-25T05:55:00+01:00,2026-03-25T13:25:00+01:00,420,professional,Fachkraft,68,PE 68,jumper_pool
8047,Springer Boris,2026-03-25,3,false,83,PE 83,1113,F,early,2026-03-25T05:55:00+01:00,2026-03-25T13:25:00+01:00,420,professional,Fachkraft,408,PE 408,jumper_pool
4083,Drumm Wiegand,2026-03-25,3,false,83,PE 83,1605,S,late,2026-03-25T13:15:00+01:00,2026-03-25T21:00:00+01:00,435,professional,Fachkraft,83,PE 83,station
4101,Stott Birkhild,2026-03-25,3,false,83,PE 83,1605,S,late,2026-03-25T13:15:00+01:00,2026-03-25T21:00:00+01:00,435,professional,Fachkraft,83,PE 83,station
8050,Springer Emil,2026-03-25,3,false,83,PE 83,1605,S,late,2026-03-25T13:15:00+01:00,2026-03-25T21:00:00+01:00,435,professional,Fachkraft,408,PE 408,jumper_pool
5866,Mcbrayer Siegmar,2026-03-25,3,false,85,PE 85,1113,F,early,2026-03-25T05:55:00+01:00,2026-03-25T13:25:00+01:00,420,professional,Fachkraft,85,PE 85,station
5920,Carreras Augustin,2026-03-25,3,false,85,PE 85,1113,F,early,2026-03-25T05:55:00+01:00,2026-03-25T13:25:00+01:00,420,professional,Fachkraft,85,PE 85,station
6773,Liddell Wiebke,2026-03-25,3,false,85,PE 85,1113,F,early,2026-03-25T05:55:00+01:00,2026-03-25T13:25:00+01:00,420,assistant,Hilfskraft,85,PE 85,station
459,Shoemake Sandra,2026-03-25,3,false,85,PE 85,1453,Z,intermediate,2026-03-25T08:30:00+01:00,2026-03-25T14:15:00+01:00,345,professional,Fachkraft,85,PE 85,station
8051,Springer Farah,2026-03-25,3,false,85,PE 85,1453,Z,intermediate,2026-03-25T08:30:00+01:00,2026-03-25T14:15:00+01:00,345,assistant,Hilfskraft,408,PE 408,jumper_pool
941,Mosqueda Adelina,2026-03-25,3,false,85,PE 85,1605,S,late,2026-03-25T13:15:00+01:00,2026-03-25T21:00:00+01:00,435,professional,Fachkraft,85,PE 85,station
1474,Renna Rotraud,2026-03-25,3,false,85,PE 85,1605,S,late,2026-03-25T13:15:00+01:00,2026-03-25T21:00:00+01:00,435,professional,Fachkraft,85,PE 85,station
803,Reis Richardis,2026-03-25,3,false,85,PE 85,1690,N,night,2026-03-25T20:10:00+01:00,2026-03-26T06:10:00+01:00,555,professional,Fachkraft,85,PE 85,station
918,Ambriz Waltraud,2026-03-25,3,false,88,PE 88,1113,F,early,2026-03-25T05:55:00+01:00,2026-03-25T13:25:00+01:00,420,professional,Fachkraft,68,PE 68,jumper_pool
1238,Zucker Helfred,2026-03-25,3,false,88,PE 88,1113,F,early,2026-03-25T05:55:00+01:00,2026-03-25T13:25:00+01:00,420,professional,Fachkraft,88,PE 88,station
6318,Gamblin Uschi,2026-03-25,3,false,88,PE 88,1113,F,early,2026-03-25T05:55:00+01:00,2026-03-25T13:25:00+01:00,420,professional,Fachkraft,68,PE 68,jumper_pool
7490,Waldinger Annemargr,2026-03-25,3,false,88,PE 88,1113,F,early,2026-03-25T05:55:00+01:00,2026-03-25T13:25:00+01:00,420,professional,Fachkraft,68,PE 68,jumper_pool
8048,Springer Cem,2026-03-25,3,false,88,PE 88,1113,F,early,2026-03-25T05:55:00+01:00,2026-03-25T13:25:00+01:00,420,professional,Fachkraft,408,PE 408,jumper_pool
1191,Anoch Theobald,2026-03-25,3,false,88,PE 88,1605,S,late,2026-03-25T13:15:00+01:00,2026-03-25T21:00:00+01:00,435,professional,Fachkraft,88,PE 88,station
1231,Lary Rüdiger,2026-03-25,3,false,88,PE 88,1605,S,late,2026-03-25T13:15:00+01:00,2026-03-25T21:00:00+01:00,435,professional,Fachkraft,88,PE 88,station
3642,Phinney Alheid,2026-03-25,3,false,88,PE 88,1605,S,late,2026-03-25T13:15:00+01:00,2026-03-25T21:00:00+01:00,435,professional,Fachkraft,88,PE 88,station
8046,Springer Alina,2026-03-25,3,false,88,PE 88,1605,S,late,2026-03-25T13:15:00+01:00,2026-03-25T21:00:00+01:00,435,professional,Fachkraft,408,PE 408,jumper_pool
8049,Springer Dana,2026-03-25,3,false,88,PE 88,1605,S,late,2026-03-25T13:15:00+01:00,2026-03-25T21:00:00+01:00,435,professional,Fachkraft,408,PE 408,jumper_pool
1184,Pedroza Bertwalda,2026-03-25,3,false,88,PE 88,1690,N,night,2026-03-25T20:10:00+01:00,2026-03-26T06:10:00+01:00,555,professional,Fachkraft,88,PE 88,station
1167,Min Friedhard,2026-03-25,3,false,337,PE 337,1113,F,early,2026-03-25T05:55:00+01:00,2026-03-25T13:25:00+01:00,420,professional,Fachkraft,337,PE 337,station
8052,Springer Greta,2026-03-25,3,false,337,PE 337,1113,F,early,2026-03-25T05:55:00+01:00,2026-03-25T13:25:00+01:00,420,trainee,Azubi,408,PE 408,jumper_pool
7006,Cormier Sigrid,2026-03-25,3,false,337,PE 337,1605,S,late,2026-03-25T13:15:00+01:00,2026-03-25T21:00:00+01:00,435,professional,Fachkraft,68,PE 68,jumper_pool
791,Branz Janett,2026-03-26,4,false,77,PE 77,1113,F,early,2026-03-26T05:55:00+01:00,2026-03-26T13:25:00+01:00,420,professional,Fachkraft,77,PE 77,station
2932,Devers Kersten,2026-03-26,4,false,77,PE 77,1113,F,early,2026-03-26T05:55:00+01:00,2026-03-26T13:25:00+01:00,420,professional,Fachkraft,77,PE 77,station
5367,Donis Henni,2026-03-26,4,false,77,PE 77,1113,F,early,2026-03-26T05:55:00+01:00,2026-03-26T13:25:00+01:00,420,assistant,Hilfskraft,77,PE 77,station
6928,Izzo Annelene,2026-03-26,4,false,77,PE 77,1113,F,early,2026-03-26T05:55:00+01:00,2026-03-26T13:25:00+01:00,420,mfa,MFA,77,PE 77,station
7496,Demarco Marcus,2026-03-26,4,false,77,PE 77,1113,F,early,2026-03-26T05:55:00+01:00,2026-03-26T13:25:00+01:00,420,professional,Fachkraft,77,PE 77,station
7660,Rast Agatha,2026-03-26,4,false,77,PE 77,1113,F,early,2026-03-26T05:55:00+01:00,2026-03-26T13:25:00+01:00,420,assistant,Hilfskraft,77,PE 77,station
3566,Seligman Elgine,2026-03-26,4,false,77,PE 77,1453,Z,intermediate,2026-03-26T08:30:00+01:00,2026-03-26T14:15:00+01:00,345,professional,Fachkraft,77,PE 77,station
7124,Pirkle Xaver,2026-03-26,4,false,77,PE 77,1453,Z,intermediate,2026-03-26T08:30:00+01:00,2026-03-26T14:15:00+01:00,345,professional,Fachkraft,77,PE 77,station
790,Mccomas Adriane,2026-03-26,4,false,77,PE 77,1605,S,late,2026-03-26T13:15:00+01:00,2026-03-26T21:00:00+01:00,435,assistant,Hilfskraft,77,PE 77,station
914,Harkins Silvia,2026-03-26,4,false,77,PE 77,1605,S,late,2026-03-26T13:15:00+01:00,2026-03-26T21:00:00+01:00,435,assistant,Hilfskraft,77,PE 77,station
917,Catoe Ingbert,2026-03-26,4,false,77,PE 77,1605,S,late,2026-03-26T13:15:00+01:00,2026-03-26T21:00:00+01:00,435,professional,Fachkraft,77,PE 77,station
6266,Clemmer Natalie,2026-03-26,4,false,77,PE 77,1605,S,late,2026-03-26T13:15:00+01:00,2026-03-26T21:00:00+01:00,435,professional,Fachkraft,77,PE 77,station
7603,Roberson Ludger,2026-03-26,4,false,77,PE 77,1605,S,late,2026-03-26T13:15:00+01:00,2026-03-26T21:00:00+01:00,435,professional,Fachkraft,77,PE 77,station
2963,Hoots Renilde,2026-03-26,4,false,77,PE 77,1690,N,night,2026-03-26T20:10:00+01:00,2026-03-27T06:10:00+01:00,555,professional,Fachkraft,77,PE 77,station
6727,Lenhart Fred,2026-03-26,4,false,77,PE 77,1690,N,night,2026-03-26T20:10:00+01:00,2026-03-27T06:10:00+01:00,555,professional,Fachkraft,77,PE 77,station
6836,Valentino Trude,2026-03-26,4,false,77,PE 77,1690,N,night,2026-03-26T20:10:00+01:00,2026-03-27T06:10:00+01:00,555,professional,Fachkraft,77,PE 77,station
7028,Cranmer Gretlies,2026-03-26,4,false,77,PE 77,1690,N,night,2026-03-26T20:10:00+01:00,2026-03-27T06:10:00+01:00,555,professional,Fachkraft,77,PE 77,station
7919,Weathers Irma,2026-03-26,4,false,77,PE 77,1690,N,night,2026-03-26T20:10:00+01:00,2026-03-27T06:10:00+01:00,555,professional,Fachkraft,77,PE 77,station
839,Säuffert Liselotte,2026-03-26,4,false,78,PE 78,1113,F,early,2026-03-26T05:55:00+01:00,2026-03-26T13:25:00+01:00,420,assistant,Hilfskraft,68,PE 68,jumper_pool
1144,Dalessandro Daniela,2026-03-26,4,false,78,PE 78,1113,F,early,2026-03-26T05:55:00+01:00,2026-03-26T13:25:00+01:00,420,professional,Fachkraft,78,PE 78,station
1175,Paladino Heideline,2026-03-26,4,false,78,PE 78,1113,F,early,2026-03-26T05:55:00+01:00,2026-03-26T13:25:00+01:00,420,professional,Fachkraft,78,PE 78,station
2939,Snead Ehrentrau,2026-03-26,4,false,78,PE 78,1453,Z,intermediate,2026-03-26T08:30:00+01:00,2026-03-26T14:15:00+01:00,345,professional,Fachkraft,78,PE 78,station
4100,Storck Leonore,2026-03-26,4,false,78,PE 78,1605,S,late,2026-03-26T13:15:00+01:00,2026-03-26T21:00:00+01:00,435,professional,Fachkraft,78,PE 78,station
4073,Przybylski Ingemarie,2026-03-26,4,false,78,PE 78,1690,N,night,2026-03-26T20:10:00+01:00,2026-03-27T06:10:00+01:00,555,professional,Fachkraft,78,PE 78,station
4081,Burgard Marfriede,2026-03-26,4,false,78,PE 78,1690,N,night,2026-03-26T20:10:00+01:00,2026-03-27T06:10:00+01:00,555,professional,Fachkraft,78,PE 78,station
1138,Kunkel Annehild,2026-03-26,4,false,79,PE 79,1113,F,early,2026-03-26T05:55:00+01:00,2026-03-26T13:25:00+01:00,420,professional,Fachkraft,79,PE 79,station
4064,Scheuenstuhl Rebecca,2026-03-26,4,false,79,PE 79,1113,F,early,2026-03-26T05:55:00+01:00,2026-03-26T13:25:00+01:00,420,professional,Fachkraft,79,PE 79,station
4158,Engel Veronica,2026-03-26,4,false,79,PE 79,1113,F,early,2026-03-26T05:55:00+01:00,2026-03-26T13:25:00+01:00,420,professional,Fachkraft,79,PE 79,station
8051,Springer Farah,2026-03-26,4,false,79,PE 79,1113,F,early,2026-03-26T05:55:00+01:00,2026-03-26T13:25:00+01:00,420,assistant,Hilfskraft,408,PE 408,jumper_pool
6330,Grotian Dorle,2026-03-26,4,false,79,PE 79,1453,Z,intermediate,2026-03-26T08:30:00+01:00,2026-03-26T14:15:00+01:00,345,professional,Fachkraft,79,PE 79,station
1143,Dames Margareth,2026-03-26,4,false,79,PE 79,1605,S,late,2026-03-26T13:15:00+01:00,2026-03-26T21:00:00+01:00,435,professional,Fachkraft,79,PE 79,station
1150,Domingue Frowine,2026-03-26,4,false,79,PE 79,1605,S,late,2026-03-26T13:15:00+01:00,2026-03-26T21:00:00+01:00,435,professional,Fachkraft,79,PE 79,station
1226,Allan Diethard,2026-03-26,4,false,79,PE 79,1605,S,late,2026-03-26T13:15:00+01:00,2026-03-26T21:00:00+01:00,435,professional,Fachkraft,79,PE 79,station
1161,Varney Anuschka,2026-03-26,4,false,79,PE 79,1690,N,night,2026-03-26T20:10:00+01:00,2026-03-27T06:10:00+01:00,555,professional,Fachkraft,79,PE 79,station
5002,Britt Ingerose,2026-03-26,4,false,79,PE 79,1690,N,night,2026-03-26T20:10:00+01:00,2026-03-27T06:10:00+01:00,555,professional,Fachkraft,79,PE 79,station
7207,Roark Aloisia,2026-03-26,4,false,79,PE 79,1690,N,night,2026-03-26T20:10:00+01:00,2026-03-27T06:10:00+01:00,555,professional,Fachkraft,79,PE 79,station
1200,Stice Ingunde,2026-03-26,4,false,83,PE 83,1113,F,early,2026-03-26T05:55:00+01:00,2026-03-26T13:25:00+01:00,420,professional,Fachkraft,83,PE 83,station
1203,Nadeau Annelen,2026-03-26,4,false,83,PE 83,1113,F,early,2026-03-26T05:55:00+01:00,2026-03-26T13:25:00+01:00,420,professional,Fachkraft,83,PE 83,station
1224,Mattingly Ännchen,2026-03-26,4,false,83,PE 83,1113,F,early,2026-03-26T05:55:00+01:00,2026-03-26T13:25:00+01:00,420,professional,Fachkraft,83,PE 83,station
8048,Springer Cem,2026-03-26,4,false,83,PE 83,1113,F,early,2026-03-26T05:55:00+01:00,2026-03-26T13:25:00+01:00,420,professional,Fachkraft,408,PE 408,jumper_pool
8052,Springer Greta,2026-03-26,4,false,83,PE 83,1113,F,early,2026-03-26T05:55:00+01:00,2026-03-26T13:25:00+01:00,420,trainee,Azubi,408,PE 408,jumper_pool
4083,Drumm Wiegand,2026-03-26,4,false,83,PE 83,1605,S,late,2026-03-26T13:15:00+01:00,2026-03-26T21:00:00+01:00,435,professional,Fachkraft,83,PE 83,station
4101,Stott Birkhild,2026-03-26,4,false,83,PE 83,1605,S,late,2026-03-26T13:15:00+01:00,2026-03-26T21:00:00+01:00,435,professional,Fachkraft,83,PE 83,station
7006,Cormier Sigrid,2026-03-26,4,false,83,PE 83,1605,S,late,2026-03-26T13:15:00+01:00,2026-03-26T21:00:00+01:00,435,professional,Fachkraft,68,PE 68,jumper_pool
5866,Mcbrayer Siegmar,2026-03-26,4,false,85,PE 85,1113,F,early,2026-03-26T05:55:00+01:00,2026-03-26T13:25:00+01:00,420,professional,Fachkraft,85,PE 85,station
5920,Carreras Augustin,2026-03-26,4,false,85,PE 85,1113,F,early,2026-03-26T05:55:00+01:00,2026-03-26T13:25:00+01:00,420,professional,Fachkraft,85,PE 85,station
6773,Liddell Wiebke,2026-03-26,4,false,85,PE 85,1113,F,early,2026-03-26T05:55:00+01:00,2026-03-26T13:25:00+01:00,420,assistant,Hilfskraft,85,PE 85,station
946,Macdowell Lidia,2026-03-26,4,false,85,PE 85,1453,Z,intermediate,2026-03-26T08:30:00+01:00,2026-03-26T14:15:00+01:00,345,professional,Fachkraft,85,PE 85,station
941,Mosqueda Adelina,2026-03-26,4,false,85,PE 85,1605,S,late,2026-03-26T13:15:00+01:00,2026-03-26T21:00:00+01:00,435,professional,Fachkraft,85,PE 85,station
1474,Renna Rotraud,2026-03-26,4,false,85,PE 85,1605,S,late,2026-03-26T13:15:00+01:00,2026-03-26T21:00:00+01:00,435,professional,Fachkraft,85,PE 85,station
459,Shoemake Sandra,2026-03-26,4,false,85,PE 85,1690,N,night,2026-03-26T20:10:00+01:00,2026-03-27T06:10:00+01:00,555,professional,Fachkraft,85,PE 85,station
918,Ambriz Waltraud,2026-03-26,4,false,88,PE 88,1113,F,early,2026-03-26T05:55:00+01:00,2026-03-26T13:25:00+01:00,420,professional,Fachkraft,68,PE 68,jumper_pool
1238,Zucker Helfred,2026-03-26,4,false,88,PE 88,1113,F,early,2026-03-26T05:55:00+01:00,2026-03-26T13:25:00+01:00,420,professional,Fachkraft,88,PE 88,station
5844,Türpe Wernhild,2026-03-26,4,false,88,PE 88,1113,F,early,2026-03-26T05:55:00+01:00,2026-03-26T13:25:00+01:00,420,professional,Fachkraft,68,PE 68,jumper_pool
6318,Gamblin Uschi,2026-03-26,4,false,88,PE 88,1113,F,early,2026-03-26T05:55:00+01:00,2026-03-26T13:25:00+01:00,420,professional,Fachkraft,68,PE 68,jumper_pool
8047,Springer Boris,2026-03-26,4,false,88,PE 88,1113,F,early,2026-03-26T05:55:00+01:00,2026-03-26T13:25:00+01:00,420,professional,Fachkraft,408,PE 408,jumper_pool
1231,Lary Rüdiger,2026-03-26,4,false,88,PE 88,1605,S,late,2026-03-26T13:15:00+01:00,2026-03-26T21:00:00+01:00,435,professional,Fachkraft,88,PE 88,station
8046,Springer Alina,2026-03-26,4,false,88,PE 88,1605,S,late,2026-03-26T13:15:00+01:00,2026-03-26T21:00:00+01:00,435,professional,Fachkraft,408,PE 408,jumper_pool
8049,Springer Dana,2026-03-26,4,false,88,PE 88,1605,S,late,2026-03-26T13:15:00+01:00,2026-03-26T21:00:00+01:00,435,professional,Fachkraft,408,PE 408,jumper_pool
1167,Min Friedhard,2026-03-26,4,false,337,PE 337,1113,F,early,2026-03-26T05:55:00+01:00,2026-03-26T13:25:00+01:00,420,professional,Fachkraft,337,PE 337,station
6259,Trovato Annette,2026-03-26,4,false,337,PE 337,1605,S,late,2026-03-26T13:15:00+01:00,2026-03-26T21:00:00+01:00,435,professional,Fachkraft,68,PE 68,jumper_pool
791,Branz Janett,2026-03-27,5,false,77,PE 77,1113,F,early,2026-03-27T05:55:00+01:00,2026-03-27T13:25:00+01:00,420,professional,Fachkraft,77,PE 77,station
928,Wunderlich Daniele,2026-03-27,5,false,77,PE 77,1113,F,early,2026-03-27T05:55:00+01:00,2026-03-27T13:25:00+01:00,420,professional,Fachkraft,77,PE 77,station
5367,Donis Henni,2026-03-27,5,false,77,PE 77,1113,F,early,2026-03-27T05:55:00+01:00,2026-03-27T13:25:00+01:00,420,assistant,Hilfskraft,77,PE 77,station
6928,Izzo Annelene,2026-03-27,5,false,77,PE 77,1113,F,early,2026-03-27T05:55:00+01:00,2026-03-27T13:25:00+01:00,420,mfa,MFA,77,PE 77,station
7375,Fridam Gangolf,2026-03-27,5,false,77,PE 77,1113,F,early,2026-03-27T05:55:00+01:00,2026-03-27T13:25:00+01:00,420,professional,Fachkraft,77,PE 77,station
8051,Springer Farah,2026-03-27,5,false,77,PE 77,1113,F,early,2026-03-27T05:55:00+01:00,2026-03-27T13:25:00+01:00,420,assistant,Hilfskraft,408,PE 408,jumper_pool
924,Merriweather Bärbl,2026-03-27,5,false,77,PE 77,1453,Z,intermediate,2026-03-27T08:30:00+01:00,2026-03-27T14:15:00+01:00,345,professional,Fachkraft,77,PE 77,station
927,Mittrach Margaritt,2026-03-27,5,false,77,PE 77,1453,Z,intermediate,2026-03-27T08:30:00+01:00,2026-03-27T14:15:00+01:00,345,assistant,Hilfskraft,77,PE 77,station
1230,Palacio Constance,2026-03-27,5,false,77,PE 77,1453,Z,intermediate,2026-03-27T08:30:00+01:00,2026-03-27T14:15:00+01:00,345,professional,Fachkraft,77,PE 77,station
7660,Rast Agatha,2026-03-27,5,false,77,PE 77,1453,Z,intermediate,2026-03-27T08:30:00+01:00,2026-03-27T14:15:00+01:00,345,assistant,Hilfskraft,77,PE 77,station
790,Mccomas Adriane,2026-03-27,5,false,77,PE 77,1605,S,late,2026-03-27T13:15:00+01:00,2026-03-27T21:00:00+01:00,435,assistant,Hilfskraft,77,PE 77,station
914,Harkins Silvia,2026-03-27,5,false,77,PE 77,1605,S,late,2026-03-27T13:15:00+01:00,2026-03-27T21:00:00+01:00,435,assistant,Hilfskraft,77,PE 77,station
2932,Devers Kersten,2026-03-27,5,false,77,PE 77,1605,S,late,2026-03-27T13:15:00+01:00,2026-03-27T21:00:00+01:00,435,professional,Fachkraft,77,PE 77,station
7378,Boulware Ina,2026-03-27,5,false,77,PE 77,1605,S,late,2026-03-27T13:15:00+01:00,2026-03-27T21:00:00+01:00,435,professional,Fachkraft,77,PE 77,station
7496,Demarco Marcus,2026-03-27,5,false,77,PE 77,1605,S,late,2026-03-27T13:15:00+01:00,2026-03-27T21:00:00+01:00,435,professional,Fachkraft,77,PE 77,station
3566,Seligman Elgine,2026-03-27,5,false,77,PE 77,1690,N,night,2026-03-27T20:10:00+01:00,2026-03-28T06:10:00+01:00,555,professional,Fachkraft,77,PE 77,station
6836,Valentino Trude,2026-03-27,5,false,77,PE 77,1690,N,night,2026-03-27T20:10:00+01:00,2026-03-28T06:10:00+01:00,555,professional,Fachkraft,77,PE 77,station
6995,Brooker Berna,2026-03-27,5,false,77,PE 77,1690,N,night,2026-03-27T20:10:00+01:00,2026-03-28T06:10:00+01:00,555,professional,Fachkraft,77,PE 77,station
7028,Cranmer Gretlies,2026-03-27,5,false,77,PE 77,1690,N,night,2026-03-27T20:10:00+01:00,2026-03-28T06:10:00+01:00,555,professional,Fachkraft,77,PE 77,station
7603,Roberson Ludger,2026-03-27,5,false,77,PE 77,1690,N,night,2026-03-27T20:10:00+01:00,2026-03-28T06:10:00+01:00,555,professional,Fachkraft,77,PE 77,station
7919,Weathers Irma,2026-03-27,5,false,77,PE 77,1690,N,night,2026-03-27T20:10:00+01:00,2026-03-28T06:10:00+01:00,555,professional,Fachkraft,77,PE 77,station
839,Säuffert Liselotte,2026-03-27,5,false,78,PE 78,1113,F,early,2026-03-27T05:55:00+01:00,2026-03-27T13:25:00+01:00,420,assistant,Hilfskraft,68,PE 68,jumper_pool
1175,Paladino Heideline,2026-03-27,5,false,78,PE 78,1113,F,early,2026-03-27T05:55:00+01:00,2026-03-27T13:25:00+01:00,420,professional,Fachkraft,78,PE 78,station
2946,Homes Swetlana,2026-03-27,5,false,78,PE 78,1605,S,late,2026-03-27T13:15:00+01:00,2026-03-27T21:00:00+01:00,435,professional,Fachkraft,78,PE 78,station
4100,Storck Leonore,2026-03-27,5,false,78,PE 78,1605,S,late,2026-03-27T13:15:00+01:00,2026-03-27T21:00:00+01:00,435,professional,Fachkraft,78,PE 78,station
4073,Przybylski Ingemarie,2026-03-27,5,false,78,PE 78,1690,N,night,2026-03-27T20:10:00+01:00,2026-03-28T06:10:00+01:00,555,professional,Fachkraft,78,PE 78,station
4081,Burgard Marfriede,2026-03-27,5,false,78,PE 78,1690,N,night,2026-03-27T20:10:00+01:00,2026-03-28T06:10:00+01:00,555,professional,Fachkraft,78,PE 78,station
4064,Scheuenstuhl Rebecca,2026-03-27,5,false,79,PE 79,1113,F,early,2026-03-27T05:55:00+01:00,2026-03-27T13:25:00+01:00,420,professional,Fachkraft,79,PE 79,station
5318,Poindexter Rhiane,2026-03-27,5,false,79,PE 79,1113,F,early,2026-03-27T05:55:00+01:00,2026-03-27T13:25:00+01:00,420,assistant,Hilfskraft,79,PE 79,station
6330,Grotian Dorle,2026-03-27,5,false,79,PE 79,1113,F,early,2026-03-27T05:55:00+01:00,2026-03-27T13:25:00+01:00,420,professional,Fachkraft,79,PE 79,station
7131,Mccarley Elrike,2026-03-27,5,false,79,PE 79,1113,F,early,2026-03-27T05:55:00+01:00,2026-03-27T13:25:00+01:00,420,professional,Fachkraft,79,PE 79,station
1150,Domingue Frowine,2026-03-27,5,false,79,PE 79,1453,Z,intermediate,2026-03-27T08:30:00+01:00,2026-03-27T14:15:00+01:00,345,professional,Fachkraft,79,PE 79,station
1143,Dames Margareth,2026-03-27,5,false,79,PE 79,1605,S,late,2026-03-27T13:15:00+01:00,2026-03-27T21:00:00+01:00,435,professional,Fachkraft,79,PE 79,station
1226,Allan Diethard,2026-03-27,5,false,79,PE 79,1605,S,late,2026-03-27T13:15:00+01:00,2026-03-27T21:00:00+01:00,435,professional,Fachkraft,79,PE 79,station
3463,Pock Godelind,2026-03-27,5,false,79,PE 79,1605,S,late,2026-03-27T13:15:00+01:00,2026-03-27T21:00:00+01:00,435,professional,Fachkraft,79,PE 79,station
7132,Maderdonner Reinburga,2026-03-27,5,false,79,PE 79,1605,S,late,2026-03-27T13:15:00+01:00,2026-03-27T21:00:00+01:00,435,professional,Fachkraft,79,PE 79,station
1161,Varney Anuschka,2026-03-27,5,false,79,PE 79,1690,N,night,2026-03-27T20:10:00+01:00,2026-03-28T06:10:00+01:00,555,professional,Fachkraft,79,PE 79,station
7207,Roark Aloisia,2026-03-27,5,false,79,PE 79,1690,N,night,2026-03-27T20:10:00+01:00,2026-03-28T06:10:00+01:00,555,professional,Fachkraft,79,PE 79,station
1200,Stice Ingunde,2026-03-27,5,false,83,PE 83,1113,F,early,2026-03-27T05:55:00+01:00,2026-03-27T13:25:00+01:00,420,professional,Fachkraft,83,PE 83,station
1203,Nadeau Annelen,2026-03-27,5,false,83,PE 83,1113,F,early,2026-03-27T05:55:00+01:00,2026-03-27T13:25:00+01:00,420,professional,Fachkraft,83,PE 83,station
1209,Cobbs Delia,2026-03-27,5,false,83,PE 83,1113,F,early,2026-03-27T05:55:00+01:00,2026-03-27T13:25:00+01:00,420,professional,Fachkraft,83,PE 83,station
1224,Mattingly Ännchen,2026-03-27,5,false,83,PE 83,1113,F,early,2026-03-27T05:55:00+01:00,2026-03-27T13:25:00+01:00,420,professional,Fachkraft,83,PE 83,station
1199,Connor Wanda,2026-03-27,5,false,83,PE 83,1605,S,late,2026-03-27T13:15:00+01:00,2026-03-27T21:00:00+01:00,435,professional,Fachkraft,83,PE 83,station
4083,Drumm Wiegand,2026-03-27,5,false,83,PE 83,1605,S,late,2026-03-27T13:15:00+01:00,2026-03-27T21:00:00+01:00,435,professional,Fachkraft,83,PE 83,station
4101,Stott Birkhild,2026-03-27,5,false,83,PE 83,1605,S,late,2026-03-27T13:15:00+01:00,2026-03-27T21:00:00+01:00,435,professional,Fachkraft,83,PE 83,station
946,Macdowell Lidia,2026-03-27,5,false,85,PE 85,1113,F,early,2026-03-27T05:55:00+01:00,2026-03-27T13:25:00+01:00,420,professional,Fachkraft,85,PE 85,station
5866,Mcbrayer Siegmar,2026-03-27,5,false,85,PE 85,1113,F,early,2026-03-27T05:55:00+01:00,2026-03-27T13:25:00+01:00,420,professional,Fachkraft,85,PE 85,station
6773,Liddell Wiebke,2026-03-27,5,false,85,PE 85,1113,F,early,2026-03-27T05:55:00+01:00,2026-03-27T13:25:00+01:00,420,assistant,Hilfskraft,85,PE 85,station
1474,Renna Rotraud,2026-03-27,5,false,85,PE 85,1453,Z,intermediate,2026-03-27T08:30:00+01:00,2026-03-27T14:15:00+01:00,345,professional,Fachkraft,85,PE 85,station
4082,Dufour Dahlia,2026-03-27,5,false,85,PE 85,1605,S,late,2026-03-27T13:15:00+01:00,2026-03-27T21:00:00+01:00,435,professional,Fachkraft,85,PE 85,station
8048,Springer Cem,2026-03-27,5,false,85,PE 85,1605,S,late,2026-03-27T13:15:00+01:00,2026-03-27T21:00:00+01:00,435,professional,Fachkraft,408,PE 408,jumper_pool
459,Shoemake Sandra,2026-03-27,5,false,85,PE 85,1690,N,night,2026-03-27T20:10:00+01:00,2026-03-28T06:10:00+01:00,555,professional,Fachkraft,85,PE 85,station
1191,Anoch Theobald,2026-03-27,5,false,88,PE 88,1113,F,early,2026-03-27T05:55:00+01:00,2026-03-27T13:25:00+01:00,420,professional,Fachkraft,88,PE 88,station
1238,Zucker Helfred,2026-03-27,5,false,88,PE 88,1113,F,early,2026-03-27T05:55:00+01:00,2026-03-27T13:25:00+01:00,420,professional,Fachkraft,88,PE 88,station
3642,Phinney Alheid,2026-03-27,5,false,88,PE 88,1113,F,early,2026-03-27T05:55:00+01:00,2026-03-27T13:25:00+01:00,420,professional,Fachkraft,88,PE 88,station
6318,Gamblin Uschi,2026-03-27,5,false,88,PE 88,1113,F,early,2026-03-27T05:55:00+01:00,2026-03-27T13:25:00+01:00,420,professional,Fachkraft,68,PE 68,jumper_pool
8047,Springer Boris,2026-03-27,5,false,88,PE 88,1113,F,early,2026-03-27T05:55:00+01:00,2026-03-27T13:25:00+01:00,420,professional,Fachkraft,408,PE 408,jumper_pool
1231,Lary Rüdiger,2026-03-27,5,false,88,PE 88,1605,S,late,2026-03-27T13:15:00+01:00,2026-03-27T21:00:00+01:00,435,professional,Fachkraft,88,PE 88,station
7006,Cormier Sigrid,2026-03-27,5,false,88,PE 88,1605,S,late,2026-03-27T13:15:00+01:00,2026-03-27T21:00:00+01:00,435,professional,Fachkraft,68,PE 68,jumper_pool
8046,Springer Alina,2026-03-27,5,false,88,PE 88,1605,S,late,2026-03-27T13:15:00+01:00,2026-03-27T21:00:00+01:00,435,professional,Fachkraft,408,PE 408,jumper_pool
8050,Springer Emil,2026-03-27,5,false,88,PE 88,1605,S,late,2026-03-27T13:15:00+01:00,2026-03-27T21:00:00+01:00,435,professional,Fachkraft,408,PE 408,jumper_pool
1167,Min Friedhard,2026-03-27,5,false,337,PE 337,1113,F,early,2026-03-27T05:55:00+01:00,2026-03-27T13:25:00+01:00,420,professional,Fachkraft,337,PE 337,station
8052,Springer Greta,2026-03-27,5,false,337,PE 337,1113,F,early,2026-03-27T05:55:00+01:00,2026-03-27T13:25:00+01:00,420,trainee,Azubi,408,PE 408,jumper_pool
918,Ambriz Waltraud,2026-03-27,5,false,337,PE 337,1605,S,late,2026-03-27T13:15:00+01:00,2026-03-27T21:00:00+01:00,435,professional,Fachkraft,68,PE 68,jumper_pool
6259,Trovato Annette,2026-03-27,5,false,337,PE 337,1690,N,night,2026-03-27T20:10:00+01:00,2026-03-28T06:10:00+01:00,555,professional,Fachkraft,68,PE 68,jumper_pool
924,Merriweather Bärbl,2026-03-28,6,false,77,PE 77,1113,F,early,2026-03-28T05:55:00+01:00,2026-03-28T13:25:00+01:00,420,professional,Fachkraft,77,PE 77,station
928,Wunderlich Daniele,2026-03-28,6,false,77,PE 77,1113,F,early,2026-03-28T05:55:00+01:00,2026-03-28T13:25:00+01:00,420,professional,Fachkraft,77,PE 77,station
6928,Izzo Annelene,2026-03-28,6,false,77,PE 77,1113,F,early,2026-03-28T05:55:00+01:00,2026-03-28T13:25:00+01:00,420,mfa,MFA,77,PE 77,station
7375,Fridam Gangolf,2026-03-28,6,false,77,PE 77,1113,F,early,2026-03-28T05:55:00+01:00,2026-03-28T13:25:00+01:00,420,professional,Fachkraft,77,PE 77,station
7660,Rast Agatha,2026-03-28,6,false,77,PE 77,1113,F,early,2026-03-28T05:55:00+01:00,2026-03-28T13:25:00+01:00,420,assistant,Hilfskraft,77,PE 77,station
8051,Springer Farah,2026-03-28,6,false,77,PE 77,1113,F,early,2026-03-28T05:55:00+01:00,2026-03-28T13:25:00+01:00,420,assistant,Hilfskraft,408,PE 408,jumper_pool
1229,Onofre Mandy,2026-03-28,6,false,77,PE 77,1453,Z,intermediate,2026-03-28T08:30:00+01:00,2026-03-28T14:15:00+01:00,345,professional,Fachkraft,77,PE 77,station
1230,Palacio Constance,2026-03-28,6,false,77,PE 77,1453,Z,intermediate,2026-03-28T08:30:00+01:00,2026-03-28T14:15:00+01:00,345,professional,Fachkraft,77,PE 77,station
2932,Devers Kersten,2026-03-28,6,false,77,PE 77,1453,Z,intermediate,2026-03-28T08:30:00+01:00,2026-03-28T14:15:00+01:00,345,professional,Fachkraft,77,PE 77,station
7124,Pirkle Xaver,2026-03-28,6,false,77,PE 77,1453,Z,intermediate,2026-03-28T08:30:00+01:00,2026-03-28T14:15:00+01:00,345,professional,Fachkraft,77,PE 77,station
917,Catoe Ingbert,2026-03-28,6,false,77,PE 77,1605,S,late,2026-03-28T13:15:00+01:00,2026-03-28T21:00:00+01:00,435,professional,Fachkraft,77,PE 77,station
927,Mittrach Margaritt,2026-03-28,6,false,77,PE 77,1605,S,late,2026-03-28T13:15:00+01:00,2026-03-28T21:00:00+01:00,435,assistant,Hilfskraft,77,PE 77,station
3868,Vanfleet Eike,2026-03-28,6,false,77,PE 77,1605,S,late,2026-03-28T13:15:00+01:00,2026-03-28T21:00:00+01:00,435,professional,Fachkraft,77,PE 77,station
6266,Clemmer Natalie,2026-03-28,6,false,77,PE 77,1605,S,late,2026-03-28T13:15:00+01:00,2026-03-28T21:00:00+01:00,435,professional,Fachkraft,77,PE 77,station
7378,Boulware Ina,2026-03-28,6,false,77,PE 77,1605,S,late,2026-03-28T13:15:00+01:00,2026-03-28T21:00:00+01:00,435,professional,Fachkraft,77,PE 77,station
3566,Seligman Elgine,2026-03-28,6,false,77,PE 77,1690,N,night,2026-03-28T20:10:00+01:00,2026-03-29T06:10:00+02:00,555,professional,Fachkraft,77,PE 77,station
6836,Valentino Trude,2026-03-28,6,false,77,PE 77,1690,N,night,2026-03-28T20:10:00+01:00,2026-03-29T06:10:00+02:00,555,professional,Fachkraft,77,PE 77,station
6995,Brooker Berna,2026-03-28,6,false,77,PE 77,1690,N,night,2026-03-28T20:10:00+01:00,2026-03-29T06:10:00+02:00,555,professional,Fachkraft,77,PE 77,station
1144,Dalessandro Daniela,2026-03-28,6,false,78,PE 78,1113,F,early,2026-03-28T05:55:00+01:00,2026-03-28T13:25:00+01:00,420,professional,Fachkraft,78,PE 78,station
1147,Czerwinski Pauline,2026-03-28,6,false,78,PE 78,1605,S,late,2026-03-28T13:15:00+01:00,2026-03-28T21:00:00+01:00,435,professional,Fachkraft,78,PE 78,station
1175,Paladino Heideline,2026-03-28,6,false,78,PE 78,1605,S,late,2026-03-28T13:15:00+01:00,2026-03-28T21:00:00+01:00,435,professional,Fachkraft,78,PE 78,station
4100,Storck Leonore,2026-03-28,6,false,78,PE 78,1605,S,late,2026-03-28T13:15:00+01:00,2026-03-28T21:00:00+01:00,435,professional,Fachkraft,78,PE 78,station
2946,Homes Swetlana,2026-03-28,6,false,78,PE 78,1690,N,night,2026-03-28T20:10:00+01:00,2026-03-29T06:10:00+02:00,555,professional,Fachkraft,78,PE 78,station
1138,Kunkel Annehild,2026-03-28,6,false,79,PE 79,1113,F,early,2026-03-28T05:55:00+01:00,2026-03-28T13:25:00+01:00,420,professional,Fachkraft,79,PE 79,station
4064,Scheuenstuhl Rebecca,2026-03-28,6,false,79,PE 79,1113,F,early,2026-03-28T05:55:00+01:00,2026-03-28T13:25:00+01:00,420,professional,Fachkraft,79,PE 79,station
5318,Poindexter Rhiane,2026-03-28,6,false,79,PE 79,1113,F,early,2026-03-28T05:55:00+01:00,2026-03-28T13:25:00+01:00,420,assistant,Hilfskraft,79,PE 79,station
818,Wülfroth Luitgart,2026-03-28,6,false,79,PE 79,1453,Z,intermediate,2026-03-28T08:30:00+01:00,2026-03-28T14:15:00+01:00,345,professional,Fachkraft,79,PE 79,station
3463,Pock Godelind,2026-03-28,6,false,79,PE 79,1605,S,late,2026-03-28T13:15:00+01:00,2026-03-28T21:00:00+01:00,435,professional,Fachkraft,79,PE 79,station
7132,Maderdonner Reinburga,2026-03-28,6,false,79,PE 79,1605,S,late,2026-03-28T13:15:00+01:00,2026-03-28T21:00:00+01:00,435,professional,Fachkraft,79,PE 79,station
844,Greenman Elia,2026-03-28,6,false,79,PE 79,1690,N,night,2026-03-28T20:10:00+01:00,2026-03-29T06:10:00+02:00,555,professional,Fachkraft,79,PE 79,station
1226,Allan Diethard,2026-03-28,6,false,79,PE 79,1690,N,night,2026-03-28T20:10:00+01:00,2026-03-29T06:10:00+02:00,555,professional,Fachkraft,79,PE 79,station
7131,Mccarley Elrike,2026-03-28,6,false,79,PE 79,1690,N,night,2026-03-28T20:10:00+01:00,2026-03-29T06:10:00+02:00,555,professional,Fachkraft,79,PE 79,station
1203,Nadeau Annelen,2026-03-28,6,false,83,PE 83,1113,F,early,2026-03-28T05:55:00+01:00,2026-03-28T13:25:00+01:00,420,professional,Fachkraft,83,PE 83,station
1209,Cobbs Delia,2026-03-28,6,false,83,PE 83,1113,F,early,2026-03-28T05:55:00+01:00,2026-03-28T13:25:00+01:00,420,professional,Fachkraft,83,PE 83,station
1224,Mattingly Ännchen,2026-03-28,6,false,83,PE 83,1113,F,early,2026-03-28T05:55:00+01:00,2026-03-28T13:25:00+01:00,420,professional,Fachkraft,83,PE 83,station
8052,Springer Greta,2026-03-28,6,false,83,PE 83,1113,F,early,2026-03-28T05:55:00+01:00,2026-03-28T13:25:00+01:00,420,trainee,Azubi,408,PE 408,jumper_pool
1199,Connor Wanda,2026-03-28,6,false,83,PE 83,1605,S,late,2026-03-28T13:15:00+01:00,2026-03-28T21:00:00+01:00,435,professional,Fachkraft,83,PE 83,station
1200,Stice Ingunde,2026-03-28,6,false,83,PE 83,1605,S,late,2026-03-28T13:15:00+01:00,2026-03-28T21:00:00+01:00,435,professional,Fachkraft,83,PE 83,station
4101,Stott Birkhild,2026-03-28,6,false,83,PE 83,1605,S,late,2026-03-28T13:15:00+01:00,2026-03-28T21:00:00+01:00,435,professional,Fachkraft,83,PE 83,station
1474,Renna Rotraud,2026-03-28,6,false,85,PE 85,1113,F,early,2026-03-28T05:55:00+01:00,2026-03-28T13:25:00+01:00,420,professional,Fachkraft,85,PE 85,station
5920,Carreras Augustin,2026-03-28,6,false,85,PE 85,1113,F,early,2026-03-28T05:55:00+01:00,2026-03-28T13:25:00+01:00,420,professional,Fachkraft,85,PE 85,station
941,Mosqueda Adelina,2026-03-28,6,false,85,PE 85,1605,S,late,2026-03-28T13:15:00+01:00,2026-03-28T21:00:00+01:00,435,professional,Fachkraft,85,PE 85,station
4082,Dufour Dahlia,2026-03-28,6,false,85,PE 85,1605,S,late,2026-03-28T13:15:00+01:00,2026-03-28T21:00:00+01:00,435,professional,Fachkraft,85,PE 85,station
6773,Liddell Wiebke,2026-03-28,6,false,85,PE 85,1605,S,late,2026-03-28T13:15:00+01:00,2026-03-28T21:00:00+01:00,435,assistant,Hilfskraft,85,PE 85,station
803,Reis Richardis,2026-03-28,6,false,85,PE 85,1690,N,night,2026-03-28T20:10:00+01:00,2026-03-29T06:10:00+02:00,555,professional,Fachkraft,85,PE 85,station
1191,Anoch Theobald,2026-03-28,6,false,88,PE 88,1113,F,early,2026-03-28T05:55:00+01:00,2026-03-28T13:25:00+01:00,420,professional,Fachkraft,88,PE 88,station
3642,Phinney Alheid,2026-03-28,6,false,88,PE 88,1113,F,early,2026-03-28T05:55:00+01:00,2026-03-28T13:25:00+01:00,420,professional,Fachkraft,88,PE 88,station
8047,Springer Boris,2026-03-28,6,false,88,PE 88,1113,F,early,2026-03-28T05:55:00+01:00,2026-03-28T13:25:00+01:00,420,professional,Fachkraft,408,PE 408,jumper_pool
8049,Springer Dana,2026-03-28,6,false,88,PE 88,1453,Z,intermediate,2026-03-28T08:30:00+01:00,2026-03-28T14:15:00+01:00,345,professional,Fachkraft,408,PE 408,jumper_pool
1231,Lary Rüdiger,2026-03-28,6,false,88,PE 88,1605,S,late,2026-03-28T13:15:00+01:00,2026-03-28T21:00:00+01:00,435,professional,Fachkraft,88,PE 88,station
1238,Zucker Helfred,2026-03-28,6,false,88,PE 88,1605,S,late,2026-03-28T13:15:00+01:00,2026-03-28T21:00:00+01:00,435,professional,Fachkraft,88,PE 88,station
7006,Cormier Sigrid,2026-03-28,6,false,88,PE 88,1605,S,late,2026-03-28T13:15:00+01:00,2026-03-28T21:00:00+01:00,435,professional,Fachkraft,68,PE 68,jumper_pool
8050,Springer Emil,2026-03-28,6,false,88,PE 88,1605,S,late,2026-03-28T13:15:00+01:00,2026-03-28T21:00:00+01:00,435,professional,Fachkraft,408,PE 408,jumper_pool
5844,Türpe Wernhild,2026-03-28,6,false,337,PE 337,1113,F,early,2026-03-28T05:55:00+01:00,2026-03-28T13:25:00+01:00,420,professional,Fachkraft,68,PE 68,jumper_pool
1167,Min Friedhard,2026-03-28,6,false,337,PE 337,1605,S,late,2026-03-28T13:15:00+01:00,2026-03-28T21:00:00+01:00,435,professional,Fachkraft,337,PE 337,station
791,Branz Janett,2026-03-29,7,false,77,PE 77,1113,F,early,2026-03-29T05:55:00+02:00,2026-03-29T13:25:00+02:00,420,professional,Fachkraft,77,PE 77,station
928,Wunderlich Daniele,2026-03-29,7,false,77,PE 77,1113,F,early,2026-03-29T05:55:00+02:00,2026-03-29T13:25:00+02:00,420,professional,Fachkraft,77,PE 77,station
7375,Fridam Gangolf,2026-03-29,7,false,77,PE 77,1113,F,early,2026-03-29T05:55:00+02:00,2026-03-29T13:25:00+02:00,420,professional,Fachkraft,77,PE 77,station
7660,Rast Agatha,2026-03-29,7,false,77,PE 77,1113,F,early,2026-03-29T05:55:00+02:00,2026-03-29T13:25:00+02:00,420,assistant,Hilfskraft,77,PE 77,station
8051,Springer Farah,2026-03-29,7,false,77,PE 77,1113,F,early,2026-03-29T05:55:00+02:00,2026-03-29T13:25:00+02:00,420,assistant,Hilfskraft,408,PE 408,jumper_pool
790,Mccomas Adriane,2026-03-29,7,false,77,PE 77,1605,S,late,2026-03-29T13:15:00+02:00,2026-03-29T21:00:00+02:00,435,assistant,Hilfskraft,77,PE 77,station
917,Catoe Ingbert,2026-03-29,7,false,77,PE 77,1605,S,late,2026-03-29T13:15:00+02:00,2026-03-29T21:00:00+02:00,435,professional,Fachkraft,77,PE 77,station
3868,Vanfleet Eike,2026-03-29,7,false,77,PE 77,1605,S,late,2026-03-29T13:15:00+02:00,2026-03-29T21:00:00+02:00,435,professional,Fachkraft,77,PE 77,station
6266,Clemmer Natalie,2026-03-29,7,false,77,PE 77,1605,S,late,2026-03-29T13:15:00+02:00,2026-03-29T21:00:00+02:00,435,professional,Fachkraft,77,PE 77,station
921,Keese Jenny,2026-03-29,7,false,77,PE 77,1690,N,night,2026-03-29T20:10:00+02:00,2026-03-30T06:10:00+02:00,555,professional,Fachkraft,77,PE 77,station
1229,Onofre Mandy,2026-03-29,7,false,77,PE 77,1690,N,night,2026-03-29T20:10:00+02:00,2026-03-30T06:10:00+02:00,555,professional,Fachkraft,77,PE 77,station
1230,Palacio Constance,2026-03-29,7,false,77,PE 77,1690,N,night,2026-03-29T20:10:00+02:00,2026-03-30T06:10:00+02:00,555,professional,Fachkraft,77,PE 77,station
3566,Seligman Elgine,2026-03-29,7,false,77,PE 77,1690,N,night,2026-03-29T20:10:00+02:00,2026-03-30T06:10:00+02:00,555,professional,Fachkraft,77,PE 77,station
6727,Lenhart Fred,2026-03-29,7,false,77,PE 77,1690,N,night,2026-03-29T20:10:00+02:00,2026-03-30T06:10:00+02:00,555,professional,Fachkraft,77,PE 77,station
7124,Pirkle Xaver,2026-03-29,7,false,77,PE 77,1690,N,night,2026-03-29T20:10:00+02:00,2026-03-30T06:10:00+02:00,555,professional,Fachkraft,77,PE 77,station
7378,Boulware Ina,2026-03-29,7,false,77,PE 77,1690,N,night,2026-03-29T20:10:00+02:00,2026-03-30T06:10:00+02:00,555,professional,Fachkraft,77,PE 77,station
1144,Dalessandro Daniela,2026-03-29,7,false,78,PE 78,1113,F,early,2026-03-29T05:55:00+02:00,2026-03-29T13:25:00+02:00,420,professional,Fachkraft,78,PE 78,station
1147,Czerwinski Pauline,2026-03-29,7,false,78,PE 78,1605,S,late,2026-03-29T13:15:00+02:00,2026-03-29T21:00:00+02:00,435,professional,Fachkraft,78,PE 78,station
2946,Homes Swetlana,2026-03-29,7,false,78,PE 78,1690,N,night,2026-03-29T20:10:00+02:00,2026-03-30T06:10:00+02:00,555,professional,Fachkraft,78,PE 78,station
1138,Kunkel Annehild,2026-03-29,7,false,79,PE 79,1113,F,early,2026-03-29T05:55:00+02:00,2026-03-29T13:25:00+02:00,420,professional,Fachkraft,79,PE 79,station
4064,Scheuenstuhl Rebecca,2026-03-29,7,false,79,PE 79,1113,F,early,2026-03-29T05:55:00+02:00,2026-03-29T13:25:00+02:00,420,professional,Fachkraft,79,PE 79,station
5318,Poindexter Rhiane,2026-03-29,7,false,79,PE 79,1113,F,early,2026-03-29T05:55:00+02:00,2026-03-29T13:25:00+02:00,420,assistant,Hilfskraft,79,PE 79,station
818,Wülfroth Luitgart,2026-03-29,7,false,79,PE 79,1453,Z,intermediate,2026-03-29T08:30:00+02:00,2026-03-29T14:15:00+02:00,345,professional,Fachkraft,79,PE 79,station
3463,Pock Godelind,2026-03-29,7,false,79,PE 79,1605,S,late,2026-03-29T13:15:00+02:00,2026-03-29T21:00:00+02:00,435,professional,Fachkraft,79,PE 79,station
7132,Maderdonner Reinburga,2026-03-29,7,false,79,PE 79,1605,S,late,2026-03-29T13:15:00+02:00,2026-03-29T21:00:00+02:00,435,professional,Fachkraft,79,PE 79,station
844,Greenman Elia,2026-03-29,7,false,79,PE 79,1690,N,night,2026-03-29T20:10:00+02:00,2026-03-30T06:10:00+02:00,555,professional,Fachkraft,79,PE 79,station
1226,Allan Diethard,2026-03-29,7,false,79,PE 79,1690,N,night,2026-03-29T20:10:00+02:00,2026-03-30T06:10:00+02:00,555,professional,Fachkraft,79,PE 79,station
7131,Mccarley Elrike,2026-03-29,7,false,79,PE 79,1690,N,night,2026-03-29T20:10:00+02:00,2026-03-30T06:10:00+02:00,555,professional,Fachkraft,79,PE 79,station
1209,Cobbs Delia,2026-03-29,7,false,83,PE 83,1113,F,early,2026-03-29T05:55:00+02:00,2026-03-29T13:25:00+02:00,420,professional,Fachkraft,83,PE 83,station
5844,Türpe Wernhild,2026-03-29,7,false,83,PE 83,1113,F,early,2026-03-29T05:55:00+02:00,2026-03-29T13:25:00+02:00,420,professional,Fachkraft,68,PE 68,jumper_pool
1199,Connor Wanda,2026-03-29,7,false,83,PE 83,1605,S,late,2026-03-29T13:15:00+02:00,2026-03-29T21:00:00+02:00,435,professional,Fachkraft,83,PE 83,station
4101,Stott Birkhild,2026-03-29,7,false,83,PE 83,1605,S,late,2026-03-29T13:15:00+02:00,2026-03-29T21:00:00+02:00,435,professional,Fachkraft,83,PE 83,station
8050,Springer Emil,2026-03-29,7,false,83,PE 83,1605,S,late,2026-03-29T13:15:00+02:00,2026-03-29T21:00:00+02:00,435,professional,Fachkraft,408,PE 408,jumper_pool
1200,Stice Ingunde,2026-03-29,7,false,83,PE 83,1690,N,night,2026-03-29T20:10:00+02:00,2026-03-30T06:10:00+02:00,555,professional,Fachkraft,83,PE 83,station
5866,Mcbrayer Siegmar,2026-03-29,7,false,85,PE 85,1113,F,early,2026-03-29T05:55:00+02:00,2026-03-29T13:25:00+02:00,420,professional,Fachkraft,85,PE 85,station
5920,Carreras Augustin,2026-03-29,7,false,85,PE 85,1113,F,early,2026-03-29T05:55:00+02:00,2026-03-29T13:25:00+02:00,420,professional,Fachkraft,85,PE 85,station
1474,Renna Rotraud,2026-03-29,7,false,85,PE 85,1453,Z,intermediate,2026-03-29T08:30:00+02:00,2026-03-29T14:15:00+02:00,345,professional,Fachkraft,85,PE 85,station
941,Mosqueda Adelina,2026-03-29,7,false,85,PE 85,1605,S,late,2026-03-29T13:15:00+02:00,2026-03-29T21:00:00+02:00,435,professional,Fachkraft,85,PE 85,station
4082,Dufour Dahlia,2026-03-29,7,false,85,PE 85,1605,S,late,2026-03-29T13:15:00+02:00,2026-03-29T21:00:00+02:00,435,professional,Fachkraft,85,PE 85,station
803,Reis Richardis,2026-03-29,7,false,85,PE 85,1690,N,night,2026-03-29T20:10:00+02:00,2026-03-30T06:10:00+02:00,555,professional,Fachkraft,85,PE 85,station
1191,Anoch Theobald,2026-03-29,7,false,88,PE 88,1113,F,early,2026-03-29T05:55:00+02:00,2026-03-29T13:25:00+02:00,420,professional,Fachkraft,88,PE 88,station
3642,Phinney Alheid,2026-03-29,7,false,88,PE 88,1113,F,early,2026-03-29T05:55:00+02:00,2026-03-29T13:25:00+02:00,420,professional,Fachkraft,88,PE 88,station
7490,Waldinger Annemargr,2026-03-29,7,false,88,PE 88,1113,F,early,2026-03-29T05:55:00+02:00,2026-03-29T13:25:00+02:00,420,professional,Fachkraft,68,PE 68,jumper_pool
8049,Springer Dana,2026-03-29,7,false,88,PE 88,1113,F,early,2026-03-29T05:55:00+02:00,2026-03-29T13:25:00+02:00,420,professional,Fachkraft,408,PE 408,jumper_pool
8048,Springer Cem,2026-03-29,7,false,88,PE 88,1453,Z,intermediate,2026-03-29T08:30:00+02:00,2026-03-29T14:15:00+02:00,345,professional,Fachkraft,408,PE 408,jumper_pool
1231,Lary Rüdiger,2026-03-29,7,false,88,PE 88,1605,S,late,2026-03-29T13:15:00+02:00,2026-03-29T21:00:00+02:00,435,professional,Fachkraft,88,PE 88,station
1184,Pedroza Bertwalda,2026-03-29,7,false,88,PE 88,1690,N,night,2026-03-29T20:10:00+02:00,2026-03-30T06:10:00+02:00,555,professional,Fachkraft,88,PE 88,station
8047,Springer Boris,2026-03-29,7,false,337,PE 337,1113,F,early,2026-03-29T05:55:00+02:00,2026-03-29T13:25:00+02:00,420,professional,Fachkraft,408,PE 408,jumper_pool
1167,Min Friedhard,2026-03-29,7,false,337,PE 337,1605,S,late,2026-03-29T13:15:00+02:00,2026-03-29T21:00:00+02:00,435,professional,Fachkraft,337,PE 337,station
791,Branz Janett,2026-03-30,1,false,77,PE 77,1113,F,early,2026-03-30T05:55:00+02:00,2026-03-30T13:25:00+02:00,420,professional,Fachkraft,77,PE 77,station
924,Merriweather Bärbl,2026-03-30,1,false,77,PE 77,1113,F,early,2026-03-30T05:55:00+02:00,2026-03-30T13:25:00+02:00,420,professional,Fachkraft,77,PE 77,station
927,Mittrach Margaritt,2026-03-30,1,false,77,PE 77,1113,F,early,2026-03-30T05:55:00+02:00,2026-03-30T13:25:00+02:00,420,assistant,Hilfskraft,77,PE 77,station
928,Wunderlich Daniele,2026-03-30,1,false,77,PE 77,1113,F,early,2026-03-30T05:55:00+02:00,2026-03-30T13:25:00+02:00,420,professional,Fachkraft,77,PE 77,station
5367,Donis Henni,2026-03-30,1,false,77,PE 77,1113,F,early,2026-03-30T05:55:00+02:00,2026-03-30T13:25:00+02:00,420,assistant,Hilfskraft,77,PE 77,station
6928,Izzo Annelene,2026-03-30,1,false,77,PE 77,1113,F,early,2026-03-30T05:55:00+02:00,2026-03-30T13:25:00+02:00,420,mfa,MFA,77,PE 77,station
917,Catoe Ingbert,2026-03-30,1,false,77,PE 77,1453,Z,intermediate,2026-03-30T08:30:00+02:00,2026-03-30T14:15:00+02:00,345,professional,Fachkraft,77,PE 77,station
2932,Devers Kersten,2026-03-30,1,false,77,PE 77,1453,Z,intermediate,2026-03-30T08:30:00+02:00,2026-03-30T14:15:00+02:00,345,professional,Fachkraft,77,PE 77,station
2963,Hoots Renilde,2026-03-30,1,false,77,PE 77,1453,Z,intermediate,2026-03-30T08:30:00+02:00,2026-03-30T14:15:00+02:00,345,professional,Fachkraft,77,PE 77,station
790,Mccomas Adriane,2026-03-30,1,false,77,PE 77,1605,S,late,2026-03-30T13:15:00+02:00,2026-03-30T21:00:00+02:00,435,assistant,Hilfskraft,77,PE 77,station
3868,Vanfleet Eike,2026-03-30,1,false,77,PE 77,1605,S,late,2026-03-30T13:15:00+02:00,2026-03-30T21:00:00+02:00,435,professional,Fachkraft,77,PE 77,station
7375,Fridam Gangolf,2026-03-30,1,false,77,PE 77,1605,S,late,2026-03-30T13:15:00+02:00,2026-03-30T21:00:00+02:00,435,professional,Fachkraft,77,PE 77,station
7496,Demarco Marcus,2026-03-30,1,false,77,PE 77,1605,S,late,2026-03-30T13:15:00+02:00,2026-03-30T21:00:00+02:00,435,professional,Fachkraft,77,PE 77,station
7606,Lenahan Oda,2026-03-30,1,false,77,PE 77,1605,S,late,2026-03-30T13:15:00+02:00,2026-03-30T21:00:00+02:00,435,assistant,Hilfskraft,77,PE 77,station
921,Keese Jenny,2026-03-30,1,false,77,PE 77,1690,N,night,2026-03-30T20:10:00+02:00,2026-03-31T06:10:00+02:00,555,professional,Fachkraft,77,PE 77,station
1229,Onofre Mandy,2026-03-30,1,false,77,PE 77,1690,N,night,2026-03-30T20:10:00+02:00,2026-03-31T06:10:00+02:00,555,professional,Fachkraft,77,PE 77,station
1230,Palacio Constance,2026-03-30,1,false,77,PE 77,1690,N,night,2026-03-30T20:10:00+02:00,2026-03-31T06:10:00+02:00,555,professional,Fachkraft,77,PE 77,station
6266,Clemmer Natalie,2026-03-30,1,false,77,PE 77,1690,N,night,2026-03-30T20:10:00+02:00,2026-03-31T06:10:00+02:00,555,professional,Fachkraft,77,PE 77,station
6727,Lenhart Fred,2026-03-30,1,false,77,PE 77,1690,N,night,2026-03-30T20:10:00+02:00,2026-03-31T06:10:00+02:00,555,professional,Fachkraft,77,PE 77,station
7028,Cranmer Gretlies,2026-03-30,1,false,77,PE 77,1690,N,night,2026-03-30T20:10:00+02:00,2026-03-31T06:10:00+02:00,555,professional,Fachkraft,77,PE 77,station
7124,Pirkle Xaver,2026-03-30,1,false,77,PE 77,1690,N,night,2026-03-30T20:10:00+02:00,2026-03-31T06:10:00+02:00,555,professional,Fachkraft,77,PE 77,station
7378,Boulware Ina,2026-03-30,1,false,77,PE 77,1690,N,night,2026-03-30T20:10:00+02:00,2026-03-31T06:10:00+02:00,555,professional,Fachkraft,77,PE 77,station
7603,Roberson Ludger,2026-03-30,1,false,77,PE 77,1690,N,night,2026-03-30T20:10:00+02:00,2026-03-31T06:10:00+02:00,555,professional,Fachkraft,77,PE 77,station
7919,Weathers Irma,2026-03-30,1,false,77,PE 77,1690,N,night,2026-03-30T20:10:00+02:00,2026-03-31T06:10:00+02:00,555,professional,Fachkraft,77,PE 77,station
1144,Dalessandro Daniela,2026-03-30,1,false,78,PE 78,1113,F,early,2026-03-30T05:55:00+02:00,2026-03-30T13:25:00+02:00,420,professional,Fachkraft,78,PE 78,station
8051,Springer Farah,2026-03-30,1,false,78,PE 78,1113,F,early,2026-03-30T05:55:00+02:00,2026-03-30T13:25:00+02:00,420,assistant,Hilfskraft,408,PE 408,jumper_pool
8052,Springer Greta,2026-03-30,1,false,78,PE 78,1113,F,early,2026-03-30T05:55:00+02:00,2026-03-30T13:25:00+02:00,420,trainee,Azubi,408,PE 408,jumper_pool
1147,Czerwinski Pauline,2026-03-30,1,false,78,PE 78,1605,S,late,2026-03-30T13:15:00+02:00,2026-03-30T21:00:00+02:00,435,professional,Fachkraft,78,PE 78,station
1175,Paladino Heideline,2026-03-30,1,false,78,PE 78,1605,S,late,2026-03-30T13:15:00+02:00,2026-03-30T21:00:00+02:00,435,professional,Fachkraft,78,PE 78,station
2939,Snead Ehrentrau,2026-03-30,1,false,78,PE 78,1605,S,late,2026-03-30T13:15:00+02:00,2026-03-30T21:00:00+02:00,435,professional,Fachkraft,78,PE 78,station
2946,Homes Swetlana,2026-03-30,1,false,78,PE 78,1690,N,night,2026-03-30T20:10:00+02:00,2026-03-31T06:10:00+02:00,555,professional,Fachkraft,78,PE 78,station
4073,Przybylski Ingemarie,2026-03-30,1,false,78,PE 78,1690,N,night,2026-03-30T20:10:00+02:00,2026-03-31T06:10:00+02:00,555,professional,Fachkraft,78,PE 78,station
4081,Burgard Marfriede,2026-03-30,1,false,78,PE 78,1690,N,night,2026-03-30T20:10:00+02:00,2026-03-31T06:10:00+02:00,555,professional,Fachkraft,78,PE 78,station
4100,Storck Leonore,2026-03-30,1,false,78,PE 78,1690,N,night,2026-03-30T20:10:00+02:00,2026-03-31T06:10:00+02:00,555,professional,Fachkraft,78,PE 78,station
1138,Kunkel Annehild,2026-03-30,1,false,79,PE 79,1113,F,early,2026-03-30T05:55:00+02:00,2026-03-30T13:25:00+02:00,420,professional,Fachkraft,79,PE 79,station
4158,Engel Veronica,2026-03-30,1,false,79,PE 79,1113,F,early,2026-03-30T05:55:00+02:00,2026-03-30T13:25:00+02:00,420,professional,Fachkraft,79,PE 79,station
5318,Poindexter Rhiane,2026-03-30,1,false,79,PE 79,1113,F,early,2026-03-30T05:55:00+02:00,2026-03-30T13:25:00+02:00,420,assistant,Hilfskraft,79,PE 79,station
6330,Grotian Dorle,2026-03-30,1,false,79,PE 79,1113,F,early,2026-03-30T05:55:00+02:00,2026-03-30T13:25:00+02:00,420,professional,Fachkraft,79,PE 79,station
818,Wülfroth Luitgart,2026-03-30,1,false,79,PE 79,1453,Z,intermediate,2026-03-30T08:30:00+02:00,2026-03-30T14:15:00+02:00,345,professional,Fachkraft,79,PE 79,station
1143,Dames Margareth,2026-03-30,1,false,79,PE 79,1605,S,late,2026-03-30T13:15:00+02:00,2026-03-30T21:00:00+02:00,435,professional,Fachkraft,79,PE 79,station
3463,Pock Godelind,2026-03-30,1,false,79,PE 79,1605,S,late,2026-03-30T13:15:00+02:00,2026-03-30T21:00:00+02:00,435,professional,Fachkraft,79,PE 79,station
7132,Maderdonner Reinburga,2026-03-30,1,false,79,PE 79,1605,S,late,2026-03-30T13:15:00+02:00,2026-03-30T21:00:00+02:00,435,professional,Fachkraft,79,PE 79,station
1161,Varney Anuschka,2026-03-30,1,false,79,PE 79,1690,N,night,2026-03-30T20:10:00+02:00,2026-03-31T06:10:00+02:00,555,professional,Fachkraft,79,PE 79,station
1226,Allan Diethard,2026-03-30,1,false,79,PE 79,1690,N,night,2026-03-30T20:10:00+02:00,2026-03-31T06:10:00+02:00,555,professional,Fachkraft,79,PE 79,station
5002,Britt Ingerose,2026-03-30,1,false,79,PE 79,1690,N,night,2026-03-30T20:10:00+02:00,2026-03-31T06:10:00+02:00,555,professional,Fachkraft,79,PE 79,station
7131,Mccarley Elrike,2026-03-30,1,false,79,PE 79,1690,N,night,2026-03-30T20:10:00+02:00,2026-03-31T06:10:00+02:00,555,professional,Fachkraft,79,PE 79,station
7207,Roark Aloisia,2026-03-30,1,false,79,PE 79,1690,N,night,2026-03-30T20:10:00+02:00,2026-03-31T06:10:00+02:00,555,professional,Fachkraft,79,PE 79,station
1209,Cobbs Delia,2026-03-30,1,false,83,PE 83,1113,F,early,2026-03-30T05:55:00+02:00,2026-03-30T13:25:00+02:00,420,professional,Fachkraft,83,PE 83,station
1224,Mattingly Ännchen,2026-03-30,1,false,83,PE 83,1113,F,early,2026-03-30T05:55:00+02:00,2026-03-30T13:25:00+02:00,420,professional,Fachkraft,83,PE 83,station
5844,Türpe Wernhild,2026-03-30,1,false,83,PE 83,1113,F,early,2026-03-30T05:55:00+02:00,2026-03-30T13:25:00+02:00,420,professional,Fachkraft,68,PE 68,jumper_pool
8047,Springer Boris,2026-03-30,1,false,83,PE 83,1113,F,early,2026-03-30T05:55:00+02:00,2026-03-30T13:25:00+02:00,420,professional,Fachkraft,408,PE 408,jumper_pool
1203,Nadeau Annelen,2026-03-30,1,false,83,PE 83,1605,S,late,2026-03-30T13:15:00+02:00,2026-03-30T21:00:00+02:00,435,professional,Fachkraft,83,PE 83,station
4101,Stott Birkhild,2026-03-30,1,false,83,PE 83,1605,S,late,2026-03-30T13:15:00+02:00,2026-03-30T21:00:00+02:00,435,professional,Fachkraft,83,PE 83,station
7490,Waldinger Annemargr,2026-03-30,1,false,83,PE 83,1605,S,late,2026-03-30T13:15:00+02:00,2026-03-30T21:00:00+02:00,435,professional,Fachkraft,68,PE 68,jumper_pool
1199,Connor Wanda,2026-03-30,1,false,83,PE 83,1690,N,night,2026-03-30T20:10:00+02:00,2026-03-31T06:10:00+02:00,555,professional,Fachkraft,83,PE 83,station
1200,Stice Ingunde,2026-03-30,1,false,83,PE 83,1690,N,night,2026-03-30T20:10:00+02:00,2026-03-31T06:10:00+02:00,555,professional,Fachkraft,83,PE 83,station
839,Säuffert Liselotte,2026-03-30,1,false,85,PE 85,1113,F,early,2026-03-30T05:55:00+02:00,2026-03-30T13:25:00+02:00,420,assistant,Hilfskraft,68,PE 68,jumper_pool
5866,Mcbrayer Siegmar,2026-03-30,1,false,85,PE 85,1113,F,early,2026-03-30T05:55:00+02:00,2026-03-30T13:25:00+02:00,420,professional,Fachkraft,85,PE 85,station
5920,Carreras Augustin,2026-03-30,1,false,85,PE 85,1113,F,early,2026-03-30T05:55:00+02:00,2026-03-30T13:25:00+02:00,420,professional,Fachkraft,85,PE 85,station
946,Macdowell Lidia,2026-03-30,1,false,85,PE 85,1453,Z,intermediate,2026-03-30T08:30:00+02:00,2026-03-30T14:15:00+02:00,345,professional,Fachkraft,85,PE 85,station
941,Mosqueda Adelina,2026-03-30,1,false,85,PE 85,1605,S,late,2026-03-30T13:15:00+02:00,2026-03-30T21:00:00+02:00,435,professional,Fachkraft,85,PE 85,station
4082,Dufour Dahlia,2026-03-30,1,false,85,PE 85,1605,S,late,2026-03-30T13:15:00+02:00,2026-03-30T21:00:00+02:00,435,professional,Fachkraft,85,PE 85,station
803,Reis Richardis,2026-03-30,1,false,85,PE 85,1690,N,night,2026-03-30T20:10:00+02:00,2026-03-31T06:10:00+02:00,555,professional,Fachkraft,85,PE 85,station
1474,Renna Rotraud,2026-03-30,1,false,85,PE 85,1690,N,night,2026-03-30T20:10:00+02:00,2026-03-31T06:10:00+02:00,555,professional,Fachkraft,85,PE 85,station
6773,Liddell Wiebke,2026-03-30,1,false,85,PE 85,1690,N,night,2026-03-30T20:10:00+02:00,2026-03-31T06:10:00+02:00,555,assistant,Hilfskraft,85,PE 85,station
1191,Anoch Theobald,2026-03-30,1,false,88,PE 88,1113,F,early,2026-03-30T05:55:00+02:00,2026-03-30T13:25:00+02:00,420,professional,Fachkraft,88,PE 88,station
3642,Phinney Alheid,2026-03-30,1,false,88,PE 88,1113,F,early,2026-03-30T05:55:00+02:00,2026-03-30T13:25:00+02:00,420,professional,Fachkraft,88,PE 88,station
6318,Gamblin Uschi,2026-03-30,1,false,88,PE 88,1113,F,early,2026-03-30T05:55:00+02:00,2026-03-30T13:25:00+02:00,420,professional,Fachkraft,68,PE 68,jumper_pool
1231,Lary Rüdiger,2026-03-30,1,false,88,PE 88,1605,S,late,2026-03-30T13:15:00+02:00,2026-03-30T21:00:00+02:00,435,professional,Fachkraft,88,PE 88,station
7006,Cormier Sigrid,2026-03-30,1,false,88,PE 88,1605,S,late,2026-03-30T13:15:00+02:00,2026-03-30T21:00:00+02:00,435,professional,Fachkraft,68,PE 68,jumper_pool
8046,Springer Alina,2026-03-30,1,false,88,PE 88,1605,S,late,2026-03-30T13:15:00+02:00,2026-03-30T21:00:00+02:00,435,professional,Fachkraft,408,PE 408,jumper_pool
8048,Springer Cem,2026-03-30,1,false,88,PE 88,1605,S,late,2026-03-30T13:15:00+02:00,2026-03-30T21:00:00+02:00,435,professional,Fachkraft,408,PE 408,jumper_pool
8050,Springer Emil,2026-03-30,1,false,88,PE 88,1605,S,late,2026-03-30T13:15:00+02:00,2026-03-30T21:00:00+02:00,435,professional,Fachkraft,408,PE 408,jumper_pool
1184,Pedroza Bertwalda,2026-03-30,1,false,88,PE 88,1690,N,night,2026-03-30T20:10:00+02:00,2026-03-31T06:10:00+02:00,555,professional,Fachkraft,88,PE 88,station
1238,Zucker Helfred,2026-03-30,1,false,88,PE 88,1690,N,night,2026-03-30T20:10:00+02:00,2026-03-31T06:10:00+02:00,555,professional,Fachkraft,88,PE 88,station
8049,Springer Dana,2026-03-30,1,false,337,PE 337,1113,F,early,2026-03-30T05:55:00+02:00,2026-03-30T13:25:00+02:00,420,professional,Fachkraft,408,PE 408,jumper_pool
1167,Min Friedhard,2026-03-30,1,false,337,PE 337,1605,S,late,2026-03-30T13:15:00+02:00,2026-03-30T21:00:00+02:00,435,professional,Fachkraft,337,PE 337,station
791,Branz Janett,2026-03-31,2,false,77,PE 77,1113,F,early,2026-03-31T05:55:00+02:00,2026-03-31T13:25:00+02:00,420,professional,Fachkraft,77,PE 77,station
925,Farniok Lina,2026-03-31,2,false,77,PE 77,1113,F,early,2026-03-31T05:55:00+02:00,2026-03-31T13:25:00+02:00,420,professional,Fachkraft,77,PE 77,station
928,Wunderlich Daniele,2026-03-31,2,false,77,PE 77,1113,F,early,2026-03-31T05:55:00+02:00,2026-03-31T13:25:00+02:00,420,professional,Fachkraft,77,PE 77,station
5367,Donis Henni,2026-03-31,2,false,77,PE 77,1113,F,early,2026-03-31T05:55:00+02:00,2026-03-31T13:25:00+02:00,420,assistant,Hilfskraft,77,PE 77,station
6928,Izzo Annelene,2026-03-31,2,false,77,PE 77,1113,F,early,2026-03-31T05:55:00+02:00,2026-03-31T13:25:00+02:00,420,mfa,MFA,77,PE 77,station
7660,Rast Agatha,2026-03-31,2,false,77,PE 77,1113,F,early,2026-03-31T05:55:00+02:00,2026-03-31T13:25:00+02:00,420,assistant,Hilfskraft,77,PE 77,station
924,Merriweather Bärbl,2026-03-31,2,false,77,PE 77,1453,Z,intermediate,2026-03-31T08:30:00+02:00,2026-03-31T14:15:00+02:00,345,professional,Fachkraft,77,PE 77,station
917,Catoe Ingbert,2026-03-31,2,false,77,PE 77,1605,S,late,2026-03-31T13:15:00+02:00,2026-03-31T21:00:00+02:00,435,professional,Fachkraft,77,PE 77,station
927,Mittrach Margaritt,2026-03-31,2,false,77,PE 77,1605,S,late,2026-03-31T13:15:00+02:00,2026-03-31T21:00:00+02:00,435,assistant,Hilfskraft,77,PE 77,station
3868,Vanfleet Eike,2026-03-31,2,false,77,PE 77,1605,S,late,2026-03-31T13:15:00+02:00,2026-03-31T21:00:00+02:00,435,professional,Fachkraft,77,PE 77,station
7375,Fridam Gangolf,2026-03-31,2,false,77,PE 77,1605,S,late,2026-03-31T13:15:00+02:00,2026-03-31T21:00:00+02:00,435,professional,Fachkraft,77,PE 77,station
7606,Lenahan Oda,2026-03-31,2,false,77,PE 77,1605,S,late,2026-03-31T13:15:00+02:00,2026-03-31T21:00:00+02:00,435,assistant,Hilfskraft,77,PE 77,station
790,Mccomas Adriane,2026-03-31,2,false,77,PE 77,1690,N,night,2026-03-31T20:10:00+02:00,2026-04-01T06:10:00+02:00,555,assistant,Hilfskraft,77,PE 77,station
1229,Onofre Mandy,2026-03-31,2,false,77,PE 77,1690,N,night,2026-03-31T20:10:00+02:00,2026-04-01T06:10:00+02:00,555,professional,Fachkraft,77,PE 77,station
1230,Palacio Constance,2026-03-31,2,false,77,PE 77,1690,N,night,2026-03-31T20:10:00+02:00,2026-04-01T06:10:00+02:00,555,professional,Fachkraft,77,PE 77,station
2932,Devers Kersten,2026-03-31,2,false,77,PE 77,1690,N,night,2026-03-31T20:10:00+02:00,2026-04-01T06:10:00+02:00,555,professional,Fachkraft,77,PE 77,station
2963,Hoots Renilde,2026-03-31,2,false,77,PE 77,1690,N,night,2026-03-31T20:10:00+02:00,2026-04-01T06:10:00+02:00,555,professional,Fachkraft,77,PE 77,station
6266,Clemmer Natalie,2026-03-31,2,false,77,PE 77,1690,N,night,2026-03-31T20:10:00+02:00,2026-04-01T06:10:00+02:00,555,professional,Fachkraft,77,PE 77,station
6727,Lenhart Fred,2026-03-31,2,false,77,PE 77,1690,N,night,2026-03-31T20:10:00+02:00,2026-04-01T06:10:00+02:00,555,professional,Fachkraft,77,PE 77,station
6836,Valentino Trude,2026-03-31,2,false,77,PE 77,1690,N,night,2026-03-31T20:10:00+02:00,2026-04-01T06:10:00+02:00,555,professional,Fachkraft,77,PE 77,station
6995,Brooker Berna,2026-03-31,2,false,77,PE 77,1690,N,night,2026-03-31T20:10:00+02:00,2026-04-01T06:10:00+02:00,555,professional,Fachkraft,77,PE 77,station
7028,Cranmer Gretlies,2026-03-31,2,false,77,PE 77,1690,N,night,2026-03-31T20:10:00+02:00,2026-04-01T06:10:00+02:00,555,professional,Fachkraft,77,PE 77,station
7124,Pirkle Xaver,2026-03-31,2,false,77,PE 77,1690,N,night,2026-03-31T20:10:00+02:00,2026-04-01T06:10:00+02:00,555,professional,Fachkraft,77,PE 77,station
7378,Boulware Ina,2026-03-31,2,false,77,PE 77,1690,N,night,2026-03-31T20:10:00+02:00,2026-04-01T06:10:00+02:00,555,professional,Fachkraft,77,PE 77,station
7496,Demarco Marcus,2026-03-31,2,false,77,PE 77,1690,N,night,2026-03-31T20:10:00+02:00,2026-04-01T06:10:00+02:00,555,professional,Fachkraft,77,PE 77,station
7603,Roberson Ludger,2026-03-31,2,false,77,PE 77,1690,N,night,2026-03-31T20:10:00+02:00,2026-04-01T06:10:00+02:00,555,professional,Fachkraft,77,PE 77,station
7919,Weathers Irma,2026-03-31,2,false,77,PE 77,1690,N,night,2026-03-31T20:10:00+02:00,2026-04-01T06:10:00+02:00,555,professional,Fachkraft,77,PE 77,station
1144,Dalessandro Daniela,2026-03-31,2,false,78,PE 78,1113,F,early,2026-03-31T05:55:00+02:00,2026-03-31T13:25:00+02:00,420,professional,Fachkraft,78,PE 78,station
8051,Springer Farah,2026-03-31,2,false,78,PE 78,1113,F,early,2026-03-31T05:55:00+02:00,2026-03-31T13:25:00+02:00,420,assistant,Hilfskraft,408,PE 408,jumper_pool
1147,Czerwinski Pauline,2026-03-31,2,false,78,PE 78,1453,Z,intermediate,2026-03-31T08:30:00+02:00,2026-03-31T14:15:00+02:00,345,professional,Fachkraft,78,PE 78,station
1175,Paladino Heideline,2026-03-31,2,false,78,PE 78,1605,S,late,2026-03-31T13:15:00+02:00,2026-03-31T21:00:00+02:00,435,professional,Fachkraft,78,PE 78,station
2939,Snead Ehrentrau,2026-03-31,2,false,78,PE 78,1690,N,night,2026-03-31T20:10:00+02:00,2026-04-01T06:10:00+02:00,555,professional,Fachkraft,78,PE 78,station
4073,Przybylski Ingemarie,2026-03-31,2,false,78,PE 78,1690,N,night,2026-03-31T20:10:00+02:00,2026-04-01T06:10:00+02:00,555,professional,Fachkraft,78,PE 78,station
4081,Burgard Marfriede,2026-03-31,2,false,78,PE 78,1690,N,night,2026-03-31T20:10:00+02:00,2026-04-01T06:10:00+02:00,555,professional,Fachkraft,78,PE 78,station
4100,Storck Leonore,2026-03-31,2,false,78,PE 78,1690,N,night,2026-03-31T20:10:00+02:00,2026-04-01T06:10:00+02:00,555,professional,Fachkraft,78,PE 78,station
1138,Kunkel Annehild,2026-03-31,2,false,79,PE 79,1113,F,early,2026-03-31T05:55:00+02:00,2026-03-31T13:25:00+02:00,420,professional,Fachkraft,79,PE 79,station
4158,Engel Veronica,2026-03-31,2,false,79,PE 79,1113,F,early,2026-03-31T05:55:00+02:00,2026-03-31T13:25:00+02:00,420,professional,Fachkraft,79,PE 79,station
5318,Poindexter Rhiane,2026-03-31,2,false,79,PE 79,1113,F,early,2026-03-31T05:55:00+02:00,2026-03-31T13:25:00+02:00,420,assistant,Hilfskraft,79,PE 79,station
6330,Grotian Dorle,2026-03-31,2,false,79,PE 79,1113,F,early,2026-03-31T05:55:00+02:00,2026-03-31T13:25:00+02:00,420,professional,Fachkraft,79,PE 79,station
7132,Maderdonner Reinburga,2026-03-31,2,false,79,PE 79,1453,Z,intermediate,2026-03-31T08:30:00+02:00,2026-03-31T14:15:00+02:00,345,professional,Fachkraft,79,PE 79,station
818,Wülfroth Luitgart,2026-03-31,2,false,79,PE 79,1605,S,late,2026-03-31T13:15:00+02:00,2026-03-31T21:00:00+02:00,435,professional,Fachkraft,79,PE 79,station
1150,Domingue Frowine,2026-03-31,2,false,79,PE 79,1605,S,late,2026-03-31T13:15:00+02:00,2026-03-31T21:00:00+02:00,435,professional,Fachkraft,79,PE 79,station
3463,Pock Godelind,2026-03-31,2,false,79,PE 79,1605,S,late,2026-03-31T13:15:00+02:00,2026-03-31T21:00:00+02:00,435,professional,Fachkraft,79,PE 79,station
1143,Dames Margareth,2026-03-31,2,false,79,PE 79,1690,N,night,2026-03-31T20:10:00+02:00,2026-04-01T06:10:00+02:00,555,professional,Fachkraft,79,PE 79,station
1161,Varney Anuschka,2026-03-31,2,false,79,PE 79,1690,N,night,2026-03-31T20:10:00+02:00,2026-04-01T06:10:00+02:00,555,professional,Fachkraft,79,PE 79,station
4064,Scheuenstuhl Rebecca,2026-03-31,2,false,79,PE 79,1690,N,night,2026-03-31T20:10:00+02:00,2026-04-01T06:10:00+02:00,555,professional,Fachkraft,79,PE 79,station
5002,Britt Ingerose,2026-03-31,2,false,79,PE 79,1690,N,night,2026-03-31T20:10:00+02:00,2026-04-01T06:10:00+02:00,555,professional,Fachkraft,79,PE 79,station
7207,Roark Aloisia,2026-03-31,2,false,79,PE 79,1690,N,night,2026-03-31T20:10:00+02:00,2026-04-01T06:10:00+02:00,555,professional,Fachkraft,79,PE 79,station
1209,Cobbs Delia,2026-03-31,2,false,83,PE 83,1113,F,early,2026-03-31T05:55:00+02:00,2026-03-31T13:25:00+02:00,420,professional,Fachkraft,83,PE 83,station
1224,Mattingly Ännchen,2026-03-31,2,false,83,PE 83,1113,F,early,2026-03-31T05:55:00+02:00,2026-03-31T13:25:00+02:00,420,professional,Fachkraft,83,PE 83,station
1203,Nadeau Annelen,2026-03-31,2,false,83,PE 83,1605,S,late,2026-03-31T13:15:00+02:00,2026-03-31T21:00:00+02:00,435,professional,Fachkraft,83,PE 83,station
4083,Drumm Wiegand,2026-03-31,2,false,83,PE 83,1605,S,late,2026-03-31T13:15:00+02:00,2026-03-31T21:00:00+02:00,435,professional,Fachkraft,83,PE 83,station
4101,Stott Birkhild,2026-03-31,2,false,83,PE 83,1605,S,late,2026-03-31T13:15:00+02:00,2026-03-31T21:00:00+02:00,435,professional,Fachkraft,83,PE 83,station
1199,Connor Wanda,2026-03-31,2,false,83,PE 83,1690,N,night,2026-03-31T20:10:00+02:00,2026-04-01T06:10:00+02:00,555,professional,Fachkraft,83,PE 83,station
1200,Stice Ingunde,2026-03-31,2,false,83,PE 83,1690,N,night,2026-03-31T20:10:00+02:00,2026-04-01T06:10:00+02:00,555,professional,Fachkraft,83,PE 83,station
839,Säuffert Liselotte,2026-03-31,2,false,85,PE 85,1113,F,early,2026-03-31T05:55:00+02:00,2026-03-31T13:25:00+02:00,420,assistant,Hilfskraft,68,PE 68,jumper_pool
5866,Mcbrayer Siegmar,2026-03-31,2,false,85,PE 85,1113,F,early,2026-03-31T05:55:00+02:00,2026-03-31T13:25:00+02:00,420,professional,Fachkraft,85,PE 85,station
5920,Carreras Augustin,2026-03-31,2,false,85,PE 85,1113,F,early,2026-03-31T05:55:00+02:00,2026-03-31T13:25:00+02:00,420,professional,Fachkraft,85,PE 85,station
941,Mosqueda Adelina,2026-03-31,2,false,85,PE 85,1453,Z,intermediate,2026-03-31T08:30:00+02:00,2026-03-31T14:15:00+02:00,345,professional,Fachkraft,85,PE 85,station
946,Macdowell Lidia,2026-03-31,2,false,85,PE 85,1605,S,late,2026-03-31T13:15:00+02:00,2026-03-31T21:00:00+02:00,435,professional,Fachkraft,85,PE 85,station
4082,Dufour Dahlia,2026-03-31,2,false,85,PE 85,1605,S,late,2026-03-31T13:15:00+02:00,2026-03-31T21:00:00+02:00,435,professional,Fachkraft,85,PE 85,station
1474,Renna Rotraud,2026-03-31,2,false,85,PE 85,1690,N,night,2026-03-31T20:10:00+02:00,2026-04-01T06:10:00+02:00,555,professional,Fachkraft,85,PE 85,station
6773,Liddell Wiebke,2026-03-31,2,false,85,PE 85,1690,N,night,2026-03-31T20:10:00+02:00,2026-04-01T06:10:00+02:00,555,assistant,Hilfskraft,85,PE 85,station
1191,Anoch Theobald,2026-03-31,2,false,88,PE 88,1113,F,early,2026-03-31T05:55:00+02:00,2026-03-31T13:25:00+02:00,420,professional,Fachkraft,88,PE 88,station
3642,Phinney Alheid,2026-03-31,2,false,88,PE 88,1113,F,early,2026-03-31T05:55:00+02:00,2026-03-31T13:25:00+02:00,420,professional,Fachkraft,88,PE 88,station
5844,Türpe Wernhild,2026-03-31,2,false,88,PE 88,1113,F,early,2026-03-31T05:55:00+02:00,2026-03-31T13:25:00+02:00,420,professional,Fachkraft,68,PE 68,jumper_pool
6259,Trovato Annette,2026-03-31,2,false,88,PE 88,1113,F,early,2026-03-31T05:55:00+02:00,2026-03-31T13:25:00+02:00,420,professional,Fachkraft,68,PE 68,jumper_pool
8049,Springer Dana,2026-03-31,2,false,88,PE 88,1113,F,early,2026-03-31T05:55:00+02:00,2026-03-31T13:25:00+02:00,420,professional,Fachkraft,408,PE 408,jumper_pool
1231,Lary Rüdiger,2026-03-31,2,false,88,PE 88,1605,S,late,2026-03-31T13:15:00+02:00,2026-03-31T21:00:00+02:00,435,professional,Fachkraft,88,PE 88,station
7006,Cormier Sigrid,2026-03-31,2,false,88,PE 88,1605,S,late,2026-03-31T13:15:00+02:00,2026-03-31T21:00:00+02:00,435,professional,Fachkraft,68,PE 68,jumper_pool
7490,Waldinger Annemargr,2026-03-31,2,false,88,PE 88,1605,S,late,2026-03-31T13:15:00+02:00,2026-03-31T21:00:00+02:00,435,professional,Fachkraft,68,PE 68,jumper_pool
8046,Springer Alina,2026-03-31,2,false,88,PE 88,1605,S,late,2026-03-31T13:15:00+02:00,2026-03-31T21:00:00+02:00,435,professional,Fachkraft,408,PE 408,jumper_pool
8048,Springer Cem,2026-03-31,2,false,88,PE 88,1605,S,late,2026-03-31T13:15:00+02:00,2026-03-31T21:00:00+02:00,435,professional,Fachkraft,408,PE 408,jumper_pool
1184,Pedroza Bertwalda,2026-03-31,2,false,88,PE 88,1690,N,night,2026-03-31T20:10:00+02:00,2026-04-01T06:10:00+02:00,555,professional,Fachkraft,88,PE 88,station
1238,Zucker Helfred,2026-03-31,2,false,88,PE 88,1690,N,night,2026-03-31T20:10:00+02:00,2026-04-01T06:10:00+02:00,555,professional,Fachkraft,88,PE 88,station
8050,Springer Emil,2026-03-31,2,false,88,PE 88,1690,N,night,2026-03-31T20:10:00+02:00,2026-04-01T06:10:00+02:00,555,professional,Fachkraft,408,PE 408,jumper_pool
6318,Gamblin Uschi,2026-03-31,2,false,337,PE 337,1113,F,early,2026-03-31T05:55:00+02:00,2026-03-31T13:25:00+02:00,420,professional,Fachkraft,68,PE 68,jumper_pool
843,Flanagan Mirjam,2026-03-31,2,false,337,PE 337,1605,S,late,2026-03-31T13:15:00+02:00,2026-03-31T21:00:00+02:00,435,assistant,Hilfskraft,68,PE 68,jumper_pool
1167,Min Friedhard,2026-03-31,2,false,337,PE 337,1605,S,late,2026-03-31T13:15:00+02:00,2026-03-31T21:00:00+02:00,435,professional,Fachkraft,337,PE 337,station
8052,Springer Greta,2026-03-31,2,false,337,PE 337,1605,S,late,2026-03-31T13:15:00+02:00,2026-03-31T21:00:00+02:00,435,trainee,Azubi,408,PE 408,jumper_pool
6724,Vinton Gerda,2026-03-31,2,false,337,PE 337,1690,N,night,2026-03-31T20:10:00+02:00,2026-04-01T06:10:00+02:00,555,professional,Fachkraft,68,PE 68,jumper_pool
